Survey ResponseID,frequency,monetary,avg_order_value,total_quantity,recency_days,tenure_days,avg_inter_purchase_days,category_diversity,category_entropy,spend_trend_ratio,future_6m_spend
R_01vNIayewjIIKMF,14,271.97,19.43,14.0,17.0,163.0,18.11,11,3.3249,3.0358,677.34
R_037XK72IZBJyF69,83,723.64,8.72,96.0,32.0,148.0,11.38,52,5.3763,0.7086,815.72
R_038ZU6kfQ5f89fH,12,583.75,48.65,12.0,12.0,168.0,33.6,8,2.7925,0.6628,29.99
R_03aEbghUILs9NxD,6,87.62,14.6,6.0,43.0,137.0,27.4,6,2.585,1.4744,228.6
R_06RZP9pS7kONINr,16,587.83,36.74,16.0,5.0,175.0,17.5,15,3.875,1.0339,456.96999999999997
R_06d9ULxrBmkwSTn,3,39.5,13.17,3.0,91.0,89.0,44.5,3,1.585,0.0,237.25
R_07oHvj3bLVVRCRb,4,77.98,19.5,4.0,143.0,37.0,12.33,3,1.5,0.0,209.96
R_085qq7w0pkhowox,17,368.14,21.66,25.0,15.0,165.0,16.5,11,3.0575,0.2606,1190.93
R_08tF4u5YMrmEJ4l,1,7.89,7.89,1.0,180.0,0.0,180.0,1,-0.0,0.0,0.0
R_08uYA7fb4unHGkF,5,463.6,92.72,5.0,88.0,92.0,23.0,4,1.9219,0.0287,522.15
R_0AjvU74YOfIrIpX,41,631.57,15.4,44.0,21.0,159.0,11.36,31,4.8329,0.9418,149.09
R_0Arj0ePpTnReV1v,20,374.97,18.75,20.0,1.0,179.0,11.93,17,3.9842,1.146,280.93
R_0BCm9hRP9iTI081,92,2215.66,24.08,96.0,5.0,175.0,5.3,50,5.3193,1.5232,1185.9
R_0BWkZUjRId7FDZn,63,2694.01,42.76,112.0,60.0,120.0,5.45,44,5.2533,0.0457,1224.8700000000001
R_0BrMxYYMHVMOBEJ,2,61.98,30.99,2.0,180.0,0.0,180.0,2,1.0,0.0,147.79
R_0D6GtQwa6VcnXpv,13,364.44,28.03,13.0,8.0,172.0,19.11,10,3.1808,2.9407,263.46
R_0D6LkYgiPcEN117,4,225.88,56.47,5.0,88.0,92.0,92.0,4,2.0,0.399,56.39
R_0DoXqOQl0hxEeFH,58,828.77,14.29,60.0,5.0,175.0,9.21,30,4.2447,0.4256,1247.14
R_0HStFOjenTsm8H7,4,206.96,51.74,4.0,154.0,26.0,26.0,4,2.0,0.0,0.0
R_0HuDEBXZ3BxNi0h,9,167.93,18.66,9.0,32.0,148.0,49.33,8,2.9477,0.0914,6.88
R_0Hzrb8hEmXavTk5,12,425.85,35.49,13.0,35.0,145.0,18.12,10,3.2516,1.4036,780.06
R_0IBgnbXoP4Uvvhv,10,105.4,10.54,10.0,17.0,163.0,54.33,8,2.8464,0.6359,1729.35
R_0IilpPYiU01nCzn,14,439.79,31.41,14.0,14.0,166.0,41.5,13,3.6645,5.5709,446.27
R_0InTWTWokrqzy3n,23,307.7,13.38,26.0,9.0,171.0,19.0,12,3.1662,1.1838,1719.1
R_0MwMIcbYO11SOwV,48,1302.92,27.14,51.0,29.0,151.0,7.95,29,4.6395,0.8152,50.97
R_0O3AXCWkBaA1YOZ,4,34.05,8.51,5.0,180.0,0.0,180.0,2,0.8113,0.0,27.97
R_0PMwN9mAFvSiMiR,2,29.96,14.98,2.0,180.0,0.0,180.0,2,1.0,0.0,0.0
R_0Sq4gTizoIawAud,1,14.3,14.3,1.0,180.0,0.0,180.0,1,-0.0,0.0,0.0
R_0TXaBMuEhEzmPVD,375,1997.28,5.33,385.0,27.0,153.0,1.7,104,5.0177,0.3174,800.95
R_0TjMwrWLbhR338J,3,100.86,33.62,3.0,170.0,10.0,10.0,3,1.585,0.0,100.51
R_0USvurXxTDWFvX3,14,382.4,27.31,14.0,72.0,108.0,54.0,9,2.8352,0.8437,0.0
R_0UsrHmkw7rRzoeB,44,1221.2,27.75,45.0,18.0,162.0,9.0,27,4.4251,0.9634,896.68
R_0c8VclJcriEXQqZ,20,451.48,22.57,21.0,3.0,177.0,13.62,16,3.8842,1.4112,320.40999999999997
R_0cS0LOVu2KdO1ix,14,143.11,10.22,14.0,19.0,161.0,40.25,10,3.0931,1.3651,378.31
R_0dNGfZ4GvtFvxu1,7,129.68,18.53,7.0,48.0,132.0,26.4,5,2.1281,0.2356,325.52
R_0dgKWjG8E9DtkfD,5,62.54,12.51,5.0,145.0,35.0,35.0,5,2.3219,0.0,0.0
R_0e9mwIgnQ7UBcGJ,3,31.99,10.66,3.0,81.0,99.0,49.5,3,1.585,0.4541,20.990000000000002
R_0exEFdj5YTDEgqB,6,144.17,24.03,6.0,32.0,148.0,29.6,6,2.585,2.0142,98.03999999999999
R_0eyuL7xzgnVeTRf,1,13.99,13.99,1.0,180.0,0.0,180.0,1,-0.0,0.0,205.81
R_0f8u2tSB99LkgCt,57,1239.14,21.74,57.0,10.0,170.0,6.54,33,4.6195,0.8774,882.91
R_0icLDXwMGw8dAqd,19,329.76,17.36,22.0,59.0,121.0,24.2,16,3.8924,0.7979,335.82
R_0ik28Zx98AWSuWd,162,4031.44,24.89,182.0,1.0,179.0,3.51,84,5.8386,1.215,3361.76
R_0jFt3K3i4558lbj,34,433.6,12.75,36.0,2.0,178.0,13.69,15,3.4285,1.4935,2473.53
R_0jQnZy5LLMrxEsN,29,575.15,19.83,36.0,33.0,147.0,21.0,18,3.8573,1.1372,112.54
R_0lEfGfpAptgrc2d,24,449.83,18.74,24.0,3.0,177.0,12.64,11,2.7842,0.3118,195.32999999999998
R_0lHgeveolyaJhND,72,1316.39,18.28,80.0,2.0,178.0,3.63,42,4.5609,0.9667,1382.68
R_0lebhxAsUG3SsAp,10,353.77,35.38,10.0,10.0,170.0,42.5,9,3.1219,0.1698,0.0
R_0oBzc3D8v94kGiZ,37,926.9,25.05,37.0,28.0,152.0,7.6,22,4.0539,3.0427,1407.15
R_0pRmRjHkwStzNQJ,75,1133.18,15.11,75.0,4.0,176.0,4.09,27,3.443,0.8179,1976.01
R_0pwPNbvgpZlir2V,2,32.58,16.29,2.0,179.0,1.0,1.0,2,1.0,0.0,49.81
R_0rLOCyUSUep8Gyd,8,469.05,58.63,8.0,61.0,119.0,29.75,6,2.4056,59.9948,174.99
R_0vmGaO4F0OdvNQd,11,190.49,17.32,11.0,1.0,179.0,19.89,8,2.914,1.1517,356.35
R_0wCTiXC54rMN0J3,54,758.7,14.05,59.0,7.0,173.0,7.21,37,4.9934,1.1618,908.49
R_10AYiyZ8qGWd6td,4,38.23,9.56,4.0,174.0,6.0,6.0,4,2.0,0.0,195.92
R_10AtO7bUfe8iWYK,44,1454.49,33.06,55.0,72.0,108.0,6.0,25,4.0863,0.508,958.4
R_10CAlrx7dbJty9R,134,3195.57,23.85,141.0,4.0,176.0,3.03,75,5.727,0.5678,3914.92
R_10GfwNctrOL9e2t,45,729.77,16.22,58.0,2.0,178.0,8.48,33,4.8805,0.8863,684.81
R_10HG4OAAtFluUS1,50,1223.84,24.48,50.0,39.0,141.0,7.05,39,5.1239,0.1092,1453.93
R_10HuhR86y7hZJYL,16,221.36,13.84,16.0,12.0,168.0,24.0,9,2.7806,0.4801,571.7
R_10JcbruZLDf9fy2,1,29.99,29.99,1.0,180.0,0.0,180.0,1,-0.0,0.0,25.95
R_10MFxyIhsIDW0nP,41,1067.74,26.04,41.0,6.0,174.0,10.88,26,4.4826,2.9278,1283.03
R_10N9CD1aLy1NjgE,3,46.17,15.39,3.0,68.0,112.0,112.0,3,1.585,0.3203,42.96
R_10O88fl87fP9wfM,5,379.93,75.99,5.0,21.0,159.0,39.75,4,1.9219,1.5329,194.82999999999998
R_10PDLObOugOU8tc,3,193.63,64.54,4.0,134.0,46.0,46.0,3,1.585,0.0,366.27
R_10SesRyoFJEe0pe,1,5.44,5.44,1.0,180.0,0.0,180.0,1,-0.0,0.0,0.0
R_10TA7pCDmelHi5H,37,1025.95,27.73,42.0,1.0,179.0,11.93,28,4.6822,1.7696,986.46
R_10TV1zyi4yCEEkl,73,1883.85,25.81,73.0,9.0,171.0,6.11,48,5.2276,0.2423,2928.28
R_10UIzdrJBjoXiRu,24,484.81,20.2,24.0,1.0,179.0,11.19,13,3.455,0.809,263.01
R_10UUe0vuP5GA2RB,5,340.87,68.17,5.0,83.0,97.0,97.0,5,2.3219,4.0884,287.16
R_10UkIUlEKmHGVjy,4,41.83,10.46,4.0,147.0,33.0,33.0,4,2.0,0.0,53.43
R_10Uv2LWb4NJfaPq,17,191.49,11.26,19.0,49.0,131.0,32.75,16,3.9698,2.1563,348.86999999999995
R_10VEwmndSsl39vM,76,1323.16,17.41,83.0,2.0,178.0,4.34,45,4.8925,3.7384,1210.39
R_10VPzfUmqBTJEiC,94,1249.18,13.29,96.0,6.0,174.0,6.21,49,5.1162,0.4104,21.93
R_10YhHZtIc1xIXOM,17,404.79,23.81,17.0,20.0,160.0,32.0,15,3.8522,0.6545,150.37
R_10YnFpDzlwQlmrX,14,328.65,23.47,14.0,85.0,95.0,13.57,10,3.182,0.0478,126.32
R_10ZbjWZfgeB444P,30,563.49,18.78,31.0,1.0,179.0,13.77,28,4.7736,0.855,129.01
R_10ZbrhoAZPaSEW1,3,108.79,36.26,3.0,30.0,150.0,75.0,2,0.9183,0.2113,368.39
R_10qrHohvVyRhmA4,24,1087.83,45.33,27.0,7.0,173.0,14.42,20,4.1012,2.8816,1431.86
R_10r2RIJOCZFOra8,7,157.06,22.44,8.0,24.0,156.0,31.2,7,2.8074,4.6133,380.58
R_10rsQ6SV3iE7hfu,18,367.66,20.43,19.0,56.0,124.0,13.78,12,3.1972,0.5007,101.91999999999999
R_10uU7A3PqkL1i0o,40,1007.65,25.19,42.0,8.0,172.0,9.05,23,4.0118,2.4555,2169.95
R_10vz4qJDEgUnMop,14,699.7,49.98,14.0,14.0,166.0,18.44,12,3.5216,0.1138,1081.99
R_10wSqGFumZGSTmH,75,1263.59,16.85,77.0,3.0,177.0,6.81,49,5.2972,2.6605,1566.62
R_10xh23ROf2jC9rP,2,14.99,7.5,2.0,112.0,68.0,68.0,1,-0.0,0.0,30.0
R_111J2YLIGckNIeJ,9,149.02,16.56,10.0,19.0,161.0,53.67,9,3.1699,0.6189,179.94
R_111Pbqb8YG1rP4o,1,17.84,17.84,1.0,180.0,0.0,180.0,1,-0.0,0.0,15.440000000000001
R_115Fv5zgtZvcRzJ,5,104.36,20.87,5.0,48.0,132.0,44.0,4,1.9219,6.2322,77.97
R_115sFbCaRGwFZzK,9,406.29,45.14,9.0,48.0,132.0,44.0,8,2.9477,0.8849,199.07999999999998
R_117LDoOnJxdPvkb,25,476.74,19.07,31.0,13.0,167.0,13.92,16,3.6235,1.8992,672.99
R_11WUgIV4IWfGoDX,84,1502.8,17.89,84.0,2.0,178.0,6.14,43,5.0775,0.918,1729.06
R_11XEE8cl6xnH3oW,5,61.81,12.36,5.0,180.0,0.0,180.0,5,2.3219,0.0,0.0
R_11Y3ZtLQrhccXC7,23,1064.87,46.3,24.0,22.0,158.0,31.6,14,3.4686,0.0611,48.22
R_11ZpeDj8UiavB9G,25,589.28,23.57,30.0,1.0,179.0,13.77,17,3.9435,0.7596,25.76
R_11apGEU5o3Mncee,7,66.18,9.45,7.0,5.0,175.0,58.33,7,2.8074,1.6398,246.01
R_11cDnfPRwm1hsCd,18,154.58,8.59,18.0,66.0,114.0,19.0,14,3.5249,0.2923,0.0
R_11cJ3be1pQV32hb,8,126.88,15.86,8.0,15.0,165.0,55.0,5,2.1556,0.5483,224.4
R_11cp7qScmrrE4EF,4,67.38,16.84,4.0,49.0,131.0,131.0,4,2.0,2.0697,182.37
R_11gymhOPZz4baOa,18,510.05,28.34,19.0,10.0,170.0,13.08,15,3.7947,0.425,467.23
R_11hGWSRiBd8HPmC,5,37.86,7.57,6.0,140.0,40.0,10.0,4,1.9219,0.0,0.0
R_11i7d5PEuwRPPSj,4,200.57,50.14,4.0,9.0,171.0,57.0,4,2.0,0.4346,273.31
R_11iFIT1OyPW9JQ4,6,129.04,21.51,6.0,23.0,157.0,31.4,4,1.7925,1.6895,17.57
R_123DkZcbvVjnbzX,5,248.92,49.78,5.0,18.0,162.0,54.0,5,2.3219,0.7232,228.85000000000002
R_1252079aMA9rWUV,6,148.99,24.83,6.0,180.0,0.0,180.0,5,2.2516,0.0,140.03
R_128SoytOm4LO2kk,36,1054.09,29.28,42.0,15.0,165.0,13.75,22,3.8083,0.9214,483.02
R_128UcvT7YzJpnZv,58,2769.33,47.75,61.0,13.0,167.0,18.56,41,4.9674,0.3806,1193.46
R_129jUlsvVcVBDur,32,874.1,27.32,34.0,5.0,175.0,9.72,29,4.8125,1.1797,1344.77
R_12AB3KkLYxo0JrO,12,102.6,8.55,12.0,20.0,160.0,40.0,3,1.0409,0.2403,92.46
R_12DXU1DfwUF0Aq5,2,29.21,14.61,2.0,180.0,0.0,180.0,2,1.0,0.0,281.02
R_12EeuI1AdMnuvET,56,1489.39,26.6,59.0,15.0,165.0,13.75,31,4.3424,0.6045,444.56
R_12EhwlBIzVNKK2P,1,26.99,26.99,1.0,180.0,0.0,180.0,1,-0.0,0.0,190.92000000000002
R_12G93XcmsS5F4Ea,3,57.49,19.16,3.0,82.0,98.0,98.0,3,1.585,0.1654,804.86
R_12J768g8RrIKrIV,1,5.25,5.25,1.0,180.0,0.0,180.0,1,-0.0,0.0,0.0
R_12KdI9rASwBsy9C,6,130.23,21.71,7.0,50.0,130.0,65.0,5,2.2516,0.3201,530.28
R_12L1tdacu5Cc4GE,33,710.25,21.52,33.0,6.0,174.0,11.6,26,4.5367,0.868,756.62
R_12QFQ7lCIls8sRd,41,1747.54,42.62,46.0,1.0,179.0,12.79,18,3.7255,2.4853,642.5600000000001
R_12Qo1HO9MWmZ5Az,47,949.98,20.21,48.0,14.0,166.0,9.76,29,4.5616,0.4073,1106.88
R_12a3hCYZfOXK8ZC,1,40.0,40.0,1.0,180.0,0.0,180.0,1,-0.0,0.0,0.0
R_12bC3rUwQ2h1sz5,37,162.56,4.39,62.0,19.0,161.0,17.89,16,3.5901,0.1877,157.65
R_12bTyDTgHUIoMUQ,19,393.42,20.71,19.0,14.0,166.0,33.2,15,3.7871,0.2538,287.92
R_12bxXZmV1h6iVAL,11,120.94,10.99,11.0,12.0,168.0,33.6,9,3.0958,0.3595,384.13
R_12hBKyfNeSlhKZN,15,172.88,11.53,17.0,47.0,133.0,44.33,9,3.0062,0.7648,146.87
R_12kYTBVH8kS49hc,4,126.16,31.54,4.0,66.0,114.0,114.0,3,1.5,2.488,899.97
R_12ljGcF6IQM7Tee,3,47.97,15.99,3.0,179.0,1.0,1.0,3,1.585,0.0,160.93
R_12mMk3Dq3Oo4HJb,10,316.63,31.66,10.0,21.0,159.0,26.5,8,2.9219,3.2997,272.93
R_12mdsq5k8OiJ8ji,75,1359.18,18.12,79.0,6.0,174.0,4.46,43,5.0583,0.8897,3004.61
R_12n9t5TqwO3mn6n,9,335.7,37.3,10.0,9.0,171.0,24.43,6,2.4194,0.7155,112.00999999999999
R_12nXZsYjzaL70kr,14,263.89,18.85,14.0,5.0,175.0,25.0,12,3.4677,0.932,128.64
R_12osmPZNBfvNohz,13,292.9,22.53,13.0,35.0,145.0,29.0,7,2.4416,1.8534,374.18
R_12sOXAypdX0UEMp,3,131.98,43.99,3.0,79.0,101.0,50.5,2,0.9183,2.3841,187.72
R_12xnmbrb1eoH9nn,77,1499.2,19.47,82.0,29.0,151.0,8.39,52,5.4049,1.5129,252.23
R_12yXy28O9QWzFKM,1,25.0,25.0,1.0,180.0,0.0,180.0,1,-0.0,0.0,0.0
R_1BNwZP0DdTOa4rT,16,327.34,20.46,19.0,5.0,175.0,17.5,11,3.2028,0.5772,1202.99
R_1BOXzyVhrXiWrFg,16,237.76,14.86,16.0,3.0,177.0,17.7,9,2.7806,0.5456,1601.51
R_1BPepcPkpmd3HIv,61,1530.02,25.08,62.0,35.0,145.0,6.04,41,5.0449,1.3743,2823.57
R_1BPfziFOM6qTGYB,4,78.76,19.69,4.0,76.0,104.0,34.67,1,-0.0,0.4689,0.0
R_1BPo7cRkGaVw2zj,12,230.28,19.19,12.0,3.0,177.0,17.7,5,1.7807,0.2156,977.44
R_1BQWWqVdmq0KWpX,8,121.91,15.24,8.0,89.0,91.0,18.2,5,2.1556,0.1041,9.99
R_1BSmAJ72u4DLEly,4,72.54,18.14,4.0,31.0,149.0,74.5,3,1.5,0.5444,0.0
R_1BVIsogXx71n29V,12,133.29,11.11,12.0,21.0,159.0,39.75,7,2.585,3.6121,94.91
R_1BW4IryQMg43RFb,11,164.96,15.0,11.0,1.0,179.0,29.83,9,3.0958,1.6444,0.0
R_1BWAygjxkFXfxql,78,2335.68,29.94,85.0,4.0,176.0,9.26,45,5.0914,0.9257,1195.48
R_1BWxQW5L2MlpDCd,82,1495.19,18.23,89.0,12.0,168.0,9.33,54,5.309,0.2047,1073.86
R_1C10dGVUKtIJdzj,1,24.97,24.97,1.0,180.0,0.0,180.0,1,-0.0,0.0,244.96
R_1C1lcmauvsBML7g,9,116.11,12.9,9.0,39.0,141.0,28.2,9,3.1699,0.1202,104.35
R_1C1nnqKIVMlhfTh,7,422.1,60.3,7.0,2.0,178.0,44.5,5,2.1281,14.422,502.66
R_1C1uOKUbDpVlGeM,48,842.16,17.55,48.0,37.0,143.0,8.94,36,4.9859,1.0723,363.38
R_1C465BAQuYyIY3s,1,33.99,33.99,1.0,180.0,0.0,180.0,1,-0.0,0.0,0.0
R_1C4nKyrv0w2thJn,139,3540.13,25.47,155.0,2.0,178.0,3.3,80,5.7686,1.0227,5322.3
R_1C4tcyEfmcsKI9X,53,1590.7,30.01,57.0,2.0,178.0,6.59,37,4.936,1.6474,3774.32
R_1C6Xm4L63yOxl59,10,78.46,7.85,10.0,7.0,173.0,21.62,3,1.1568,0.6231,24.55
R_1C75XRebT1eliL0,57,2054.57,36.05,64.0,4.0,176.0,5.68,38,4.8359,0.6836,1721.93
R_1C7NqhhPa152vIZ,22,523.8,23.81,22.0,55.0,125.0,20.83,19,4.1524,0.322,861.49
R_1C8RRe41aLesvyd,5,44.63,8.93,5.0,36.0,144.0,48.0,4,1.9219,0.8032,238.11
R_1C8t1JAe5Wo7sSl,13,276.88,21.3,13.0,57.0,123.0,15.38,11,3.3927,0.4354,82.0
R_1C8w4NDDQC5fcgE,304,5237.7,17.23,309.0,1.0,179.0,1.85,139,6.2218,0.644,4551.54
R_1C9JNFshblsSjyF,10,83.62,8.36,10.0,66.0,114.0,22.8,6,2.161,0.3142,177.01
R_1C9YUFD8GunlGej,73,1687.66,23.12,78.0,3.0,177.0,4.92,43,5.0213,2.1864,2831.05
R_1CBcqx5T9GZcMRt,23,976.54,42.46,23.0,12.0,168.0,10.5,20,4.2627,0.3969,299.05
R_1CDqTWLWIk642Vp,20,399.14,19.96,20.0,9.0,171.0,15.55,15,3.6414,4.0976,602.28
R_1CDsrhMg50NRqDR,5,240.67,48.13,5.0,21.0,159.0,79.5,4,1.9219,0.7108,518.09
R_1CEeWOcxWHKG89k,67,1221.63,18.23,68.0,6.0,174.0,9.16,39,4.541,1.8963,1901.3500000000001
R_1CHdyvBKOQ3uBZ4,30,377.8,12.59,30.0,3.0,177.0,11.06,22,4.1899,1.0653,304.75
R_1CIOVoUy3w1iF6O,34,1104.33,32.48,39.0,69.0,111.0,6.17,23,4.2532,0.1372,930.28
R_1CIQjlABWt7jZWc,66,1271.9,19.27,70.0,1.0,179.0,3.73,45,5.2584,1.1642,553.16
R_1CIacB07yGtR0gk,88,1798.13,20.43,98.0,27.0,153.0,5.1,47,5.0613,0.2459,903.57
R_1CJ6LgP7rtL24ny,31,1044.82,33.7,31.0,62.0,118.0,7.38,24,4.4295,0.3561,360.08
R_1CJSAA89V2pN4FB,2,16.63,8.32,2.0,68.0,112.0,112.0,1,-0.0,1.8186,0.0
R_1Cd5zmz07X5BqKa,41,844.14,20.59,44.0,17.0,163.0,7.76,28,4.3522,0.5944,1245.31
R_1CdSxzYzFm2SGuB,1,31.57,31.57,1.0,180.0,0.0,180.0,1,-0.0,0.0,7.35
R_1Cew4e6dmKZSryU,1,2.01,2.01,1.0,180.0,0.0,180.0,1,-0.0,0.0,140.5
R_1CexkWTJYOAs1Rc,15,393.31,26.22,15.0,16.0,164.0,27.33,11,3.2402,1.0512,283.58
R_1CjNNUhUiSbeOoM,6,209.01,34.84,7.0,56.0,124.0,62.0,4,1.9183,16.0899,172.43
R_1CjWIsByjtP0GxZ,31,486.65,15.7,31.0,13.0,167.0,7.59,20,4.0636,0.5086,757.5300000000001
R_1CjrqlIqihbkYgk,18,612.99,34.05,18.0,26.0,154.0,15.4,14,3.6144,0.3084,38.519999999999996
R_1ClnfW3zvg8zzL8,3,81.29,27.1,7.0,160.0,20.0,20.0,3,1.585,0.0,128.20000000000002
R_1ClqO4ZMDuwGjfl,50,956.62,19.13,50.0,16.0,164.0,7.13,28,4.3893,1.4868,1779.1
R_1CmhrU1GJmKnbwz,68,1431.32,21.05,70.0,21.0,159.0,4.82,38,4.6187,2.0199,1086.0
R_1CqGMkfiCiATbn4,10,247.27,24.73,10.0,11.0,169.0,24.14,8,2.8464,3.6497,306.79
R_1Cqo5jWbdtMOnzE,2,75.0,37.5,2.0,180.0,0.0,180.0,1,-0.0,0.0,0.0
R_1CrP2yfBldcblJm,18,706.8,39.27,18.0,39.0,141.0,9.4,14,3.7255,0.8936,230.63
R_1CsjLBKNdgim4ua,3,18.97,6.32,3.0,52.0,128.0,64.0,3,1.585,0.3569,27.380000000000003
R_1CwjzRpr3YtQm10,1,13.14,13.14,1.0,180.0,0.0,180.0,1,-0.0,0.0,0.0
R_1Cx2TzfSj9KxVhR,21,320.64,15.27,23.0,7.0,173.0,15.73,15,3.649,1.0352,299.89
R_1CxLS0volYi8suF,2,14.96,7.48,2.0,116.0,64.0,64.0,2,1.0,0.0,0.0
R_1Cxudu8A9eVd1uu,9,320.29,35.59,9.0,85.0,95.0,47.5,8,2.9477,0.111,163.44
R_1CyB9f5zdimvkgY,14,134.16,9.58,14.0,58.0,122.0,17.43,6,2.217,0.7611,1713.26
R_1DAmI2BFtglaWhP,18,483.34,26.85,18.0,58.0,122.0,17.43,13,3.4138,0.0933,10.74
R_1DArtWUMWCFGc0k,3,66.53,22.18,3.0,44.0,136.0,136.0,3,1.585,0.9212,42.48
R_1DBjajUfMYmS4cI,6,127.49,21.25,6.0,121.0,59.0,14.75,6,2.585,0.0,159.68
R_1DCt230xICUxYN0,14,186.04,13.29,17.0,53.0,127.0,18.14,8,2.5567,0.2741,53.22
R_1DGSlefke200soD,112,1866.57,16.67,113.0,7.0,173.0,3.93,69,5.7512,0.8264,3247.02
R_1DGVVsovR661OqT,12,522.37,43.53,12.0,29.0,151.0,25.17,10,3.1887,0.0673,20.79
R_1DGYq18HeymWNfH,1,2.95,2.95,1.0,180.0,0.0,180.0,1,-0.0,0.0,0.0
R_1DJ4QJgrJwK7g3Y,29,571.86,19.72,30.0,1.0,179.0,13.77,23,4.4182,0.2193,1190.38
R_1DJdUrYA1I0QAKh,26,232.92,8.96,27.0,15.0,165.0,27.5,10,2.9344,1.4428,319.1
R_1DLRE54vbCjvb6t,44,1214.8,27.61,49.0,4.0,176.0,8.8,27,4.4442,18.1367,1647.3799999999999
R_1DN3c0hBRQtsdUT,28,1693.93,60.5,29.0,6.0,174.0,10.88,19,3.9408,0.3427,600.54
R_1DO0yCFWRZwNW8m,14,617.43,44.1,15.0,30.0,150.0,15.0,12,3.4677,0.6447,306.1
R_1DO3QSVDoDTYM4y,19,350.47,18.45,19.0,3.0,177.0,25.29,13,3.3264,37.9844,354.12
R_1DOwHkGiX8DX7mF,69,1587.66,23.01,69.0,3.0,177.0,6.32,39,4.5639,0.3621,1730.81
R_1DTocDmr98DeSu5,18,476.5,26.47,18.0,111.0,69.0,9.86,13,3.5724,0.0,367.15999999999997
R_1DULPnUes4caEHg,91,1968.09,21.63,95.0,4.0,176.0,2.93,52,5.3511,1.1398,2055.53
R_1DUTc6uWTcrQ0eJ,6,121.7,20.28,6.0,56.0,124.0,41.33,4,1.9183,0.624,222.64000000000001
R_1DXTNttXJvyt2M8,49,1105.86,22.57,53.0,22.0,158.0,5.85,23,4.0555,1.5455,895.07
R_1DYWdbAMt6LyCZH,41,939.18,22.91,41.0,3.0,177.0,7.7,19,3.3213,1.133,1528.59
R_1DYjkc1gJNvrzzL,44,906.22,20.6,46.0,10.0,170.0,17.0,31,4.632,1.4667,1749.77
R_1DonBwcSlvKQtt9,1,19.88,19.88,1.0,180.0,0.0,180.0,1,-0.0,0.0,174.99
R_1DqZfuFgEoydLGw,7,162.7,23.24,7.0,4.0,176.0,35.2,6,2.5216,0.8934,131.61
R_1Du7cF5hhpQDgPP,16,231.77,14.49,16.0,19.0,161.0,32.2,16,4.0,1.8688,117.2
R_1DuNz7P7ow9xvT2,35,164.66,4.7,35.0,18.0,162.0,81.0,7,2.3213,2.4405,91.0
R_1DuoH6Bkf22R6Ck,17,248.62,14.62,17.0,57.0,123.0,15.38,12,3.3816,0.2702,289.96000000000004
R_1Duw20LaOXMnKSN,15,271.45,18.1,17.0,5.0,175.0,19.44,5,1.5589,1.0098,290.99
R_1DzG6V05pa3lHSx,9,150.13,16.68,9.0,84.0,96.0,19.2,7,2.7255,0.3092,249.11
R_1E09cCgzMzFPS25,6,508.79,84.8,6.0,55.0,125.0,41.67,6,2.585,0.0581,328.56
R_1E0ZZlhukNsNc7w,6,123.82,20.64,6.0,145.0,35.0,11.67,5,2.2516,0.0,49.61
R_1E3TJBNJVtr3tcD,99,2534.14,25.6,105.0,2.0,178.0,4.81,60,5.5536,0.8466,2192.46
R_1E53RXpod4qfyA7,26,462.68,17.8,26.0,14.0,166.0,10.38,17,3.7193,0.6283,303.56
R_1E5RqOd5LIHJqSq,8,106.45,13.31,10.0,65.0,115.0,28.75,5,2.25,0.7601,173.97
R_1E5U50Tc4uzCeY2,14,136.1,9.72,14.0,49.0,131.0,32.75,10,3.182,0.7154,25.839999999999996
R_1E6GWpRjzjM8bNK,9,376.29,41.81,9.0,99.0,81.0,20.25,7,2.7255,0.0,233.66
R_1E7ooGdyrfxLePW,11,163.73,14.88,11.0,10.0,170.0,56.67,10,3.2776,2.5218,42.48
R_1EYyNuRpRDjWWz1,3,53.08,17.69,3.0,101.0,79.0,39.5,2,0.9183,0.0,0.0
R_1EafkWC1L7tVe0w,60,2176.85,36.28,61.0,1.0,179.0,5.77,31,4.6018,3.7754,2042.03
R_1Eb0TuKdBzAPRU5,48,954.57,19.89,49.0,2.0,178.0,14.83,31,4.5323,1.1637,1294.17
R_1EbBdl7Uln82HNr,10,163.61,16.36,10.0,3.0,177.0,25.29,7,2.6464,0.5128,209.54
R_1EbOsVC9pLY3RmN,6,248.93,41.49,6.0,152.0,28.0,14.0,4,1.7925,0.0,509.16
R_1EcWoboad0WrY5X,5,121.22,24.24,5.0,61.0,119.0,29.75,5,2.3219,0.3505,389.54
R_1Egu0oETMcJuIOb,28,981.54,35.05,32.0,1.0,179.0,11.19,23,4.3213,1.5751,1020.65
R_1Eizh6ntwqDN9K1,3,78.73,26.24,4.0,53.0,127.0,63.5,3,1.585,0.0644,19.99
R_1F2tvNSRK2zrouN,32,662.16,20.69,34.0,2.0,178.0,16.18,15,3.3234,0.715,573.4399999999999
R_1F35QiIK5csZBEC,17,457.82,26.93,17.0,6.0,174.0,13.38,12,3.4104,3.8746,1032.97
R_1F4fgnTRZwHJ1WY,18,281.89,15.66,18.0,25.0,155.0,12.92,16,3.9477,0.5838,237.12
R_1F57CbiIhh4rOKq,15,110.99,7.4,15.0,8.0,172.0,57.33,8,2.7069,0.3172,265.34
R_1F5JRp7RYbcB55J,52,887.04,17.06,53.0,3.0,177.0,5.71,29,4.2378,0.4076,2175.39
R_1F5LdE5ipIiHqwA,6,83.66,13.94,6.0,28.0,152.0,76.0,6,2.585,0.5504,0.0
R_1F8kBHmvN5XyD9g,21,420.78,20.04,21.0,26.0,154.0,17.11,5,1.9359,0.9893,589.5600000000001
R_1F8mw2kq3LVfGAd,6,113.91,18.98,6.0,43.0,137.0,34.25,6,2.585,1.7134,577.24
R_1FCCFzxKwErO5Sp,1,7.14,7.14,1.0,180.0,0.0,180.0,1,-0.0,0.0,0.0
R_1FCKkx02ayJ8GvV,53,1022.36,19.29,55.0,1.0,179.0,4.07,36,4.8993,1.4091,1425.41
R_1FCYNIyA9OC3dAo,27,711.23,26.34,27.0,13.0,167.0,11.93,20,4.1343,0.8462,1256.57
R_1FDuPfFH7Gp0BWI,36,663.83,18.44,36.0,6.0,174.0,7.91,19,3.818,0.8973,1565.09
R_1FEerxbp2OBvJyP,18,590.64,32.81,19.0,22.0,158.0,12.15,15,3.7255,0.2607,427.81
R_1FIIRdb0jGJ9oRe,94,2085.28,22.18,94.0,2.0,178.0,3.56,49,4.9965,1.222,2044.87
R_1FILvmI2ZEKHPPR,7,312.2,44.6,8.0,9.0,171.0,42.75,7,2.8074,4.1612,1336.47
R_1FJ01Kk4aB1BWNJ,16,335.55,20.97,16.0,34.0,146.0,29.2,11,3.25,0.256,373.85
R_1FJHvQm83j8lK35,291,4490.75,15.43,331.0,8.0,172.0,3.31,125,6.3126,1.6895,1771.97
R_1FJlXVDBsBrZOy3,15,403.51,26.9,17.0,9.0,171.0,14.25,9,2.7396,0.4751,1102.08
R_1FOE3GDn0yhQrVA,5,79.63,15.93,5.0,100.0,80.0,20.0,4,1.9219,0.0,0.0
R_1FOF7Wf94oe6aMa,1,7.69,7.69,1.0,180.0,0.0,180.0,1,-0.0,0.0,13.71
R_1FOIfMkxbOPrpSF,1,14.98,14.98,1.0,180.0,0.0,180.0,1,-0.0,0.0,59.89
R_1FPtnyDUi83F045,1,100.0,100.0,1.0,180.0,0.0,180.0,1,-0.0,0.0,0.0
R_1FQHtC65uMiLsjT,87,1682.57,19.34,91.0,2.0,178.0,3.79,46,4.7932,2.0166,1399.73
R_1FRQDBoks93vPCz,28,825.13,29.47,28.0,5.0,175.0,9.21,19,3.8963,0.9423,615.82
R_1FRsomi7uxATDER,29,488.95,16.86,30.0,14.0,166.0,13.83,15,3.509,0.3501,987.89
R_1FWSWSjBuPMvSgx,24,240.88,10.04,30.0,22.0,158.0,10.53,10,2.6346,1.1779,662.87
R_1FaohPMY0mE5O4K,14,597.28,42.66,15.0,4.0,176.0,17.6,11,3.2359,0.3854,547.95
R_1Fb4EL4IE75q7lf,35,774.39,22.13,40.0,12.0,168.0,15.27,24,4.3404,0.4548,545.71
R_1Ff9SbW1Qsyhopk,40,1010.47,25.26,48.0,2.0,178.0,16.18,24,4.1587,0.625,1639.48
R_1FfETqbn5GhKwYj,15,297.22,19.81,22.0,12.0,168.0,28.0,9,2.5968,0.445,119.53
R_1Ffcx0CMHqog6G8,28,667.74,23.85,29.0,10.0,170.0,11.33,14,3.3103,1.1782,1148.04
R_1FfxhRRore9Zatj,10,226.47,22.65,10.0,2.0,178.0,25.43,9,3.1219,2.5614,236.18
R_1FgFVnfjrowZz1l,46,1050.09,22.83,46.0,15.0,165.0,9.17,9,2.2886,0.546,1260.59
R_1FmFI2FlHcSqbJj,18,290.56,16.14,18.0,1.0,179.0,29.83,16,3.9477,0.3168,624.96
R_1FmFxVGW4771Ubh,7,71.65,10.24,7.0,103.0,77.0,25.67,5,2.2359,0.0,62.17
R_1FmqNSKTkFPA2iS,15,296.82,19.79,15.0,3.0,177.0,12.64,11,3.2402,1.1021,356.87
R_1FmvdkhGeYstPcU,5,90.95,18.19,5.0,1.0,179.0,59.67,5,2.3219,5.0633,153.51
R_1FnbihJLqMICvMb,38,336.78,8.86,38.0,6.0,174.0,6.21,20,4.0068,0.9383,396.04
R_1Fqx3JMV50VhGvZ,12,518.26,43.19,12.0,19.0,161.0,32.2,8,2.7516,2.4569,2933.87
R_1FrdQkXjcUod40Z,36,767.77,21.33,36.0,14.0,166.0,11.86,26,4.3599,0.72,191.54
R_1FvyK0jRfjYmXQd,2,60.24,30.12,2.0,180.0,0.0,180.0,2,1.0,0.0,999.25
R_1FwushWdNnxMnwa,65,771.88,11.88,65.0,8.0,172.0,4.1,43,5.1527,2.1073,1004.16
R_1Fxjci1mPvgmZs5,22,236.57,10.75,23.0,4.0,176.0,17.6,14,3.3501,0.4269,223.49
R_1FyNw1r0DyrEPsP,11,173.28,15.75,11.0,4.0,176.0,29.33,8,2.8454,9.3574,579.0
R_1Fyt4lN10F6TI3f,6,228.06,38.01,6.0,50.0,130.0,43.33,5,2.2516,0.5611,354.5
R_1Fyt6rHyiQcVOT8,103,2586.51,25.11,110.0,2.0,178.0,4.05,67,5.7434,0.6314,2540.73
R_1Fz9yYKcVxPaD7n,37,726.94,19.65,38.0,15.0,165.0,5.89,28,4.5332,1.1951,309.7
R_1FzILFUkhEqt8k1,49,795.46,16.23,49.0,14.0,166.0,6.92,27,4.4878,0.641,1375.49
R_1FzkhYhOpeojsYt,7,110.25,15.75,7.0,12.0,168.0,84.0,5,2.1281,0.9369,0.0
R_1GBQ45wkJVX0xCi,22,297.6,13.53,22.0,1.0,179.0,8.95,7,1.5503,1.0163,165.0
R_1GCgOvzvQllBwhO,21,458.71,21.84,22.0,12.0,168.0,24.0,16,3.8802,0.9275,110.14
R_1GCwpR4TbUNRunu,3,59.48,19.83,3.0,12.0,168.0,84.0,3,1.585,0.0918,182.98000000000002
R_1GDlAVAGQS3e35H,6,112.61,18.77,6.0,38.0,142.0,35.5,5,2.2516,0.4575,201.84
R_1GE6LgeTEJUmjF7,15,199.47,13.3,15.0,2.0,178.0,35.6,11,3.1329,1.276,261.62
R_1GH7N5dBHvUlsG0,1,12.99,12.99,1.0,180.0,0.0,180.0,1,-0.0,0.0,42.36
R_1GHRqNeLfZhykV2,50,842.8,16.86,50.0,1.0,179.0,6.17,36,4.9986,0.8524,509.53
R_1GIfjocF2dRzyeH,61,1692.28,27.74,65.0,6.0,174.0,5.12,41,5.0803,0.7097,1390.31
R_1GJQPdG3jpH3uLc,19,350.65,18.46,19.0,29.0,151.0,13.73,15,3.7216,1.0335,1312.02
R_1GJh487BwGHUzGO,10,190.53,19.05,11.0,49.0,131.0,21.83,10,3.3219,2.1571,569.61
R_1GNwNjI3wJh2Kx4,8,110.2,13.77,8.0,57.0,123.0,41.0,7,2.75,1.9824,228.65
R_1GOAtWFJawsiDH1,9,138.44,15.38,9.0,16.0,164.0,32.8,7,2.6416,1.3016,379.15999999999997
R_1GP6FxkWgiZPf0s,291,5167.42,17.76,304.0,6.0,174.0,2.2,105,5.5878,0.626,2367.5299999999997
R_1GPUUOebp9ScVi1,9,295.8,32.87,10.0,4.0,176.0,29.33,7,2.7255,0.929,786.06
R_1GUnaIBNtPG7cDs,14,316.14,22.58,15.0,10.0,170.0,17.0,14,3.8074,0.1414,315.27
R_1GVN63HjPpVXPEx,38,633.84,16.68,38.0,18.0,162.0,9.0,27,4.3393,0.8211,912.47
R_1GVPS4RDaK1CXl9,1,35.56,35.56,1.0,180.0,0.0,180.0,1,-0.0,0.0,63.67
R_1GVsIStj8gTkbIE,43,1107.17,25.75,45.0,26.0,154.0,6.7,26,4.2977,0.6849,1293.74
R_1GWHQwmLGiIkYBH,19,153.87,8.1,19.0,36.0,144.0,28.8,11,3.0761,0.3433,180.51999999999998
R_1GWwhndoXXJDzDA,32,944.21,29.51,33.0,15.0,165.0,9.71,21,4.09,0.1984,312.52
R_1GZy78Wx8EqIpUZ,21,624.59,29.74,27.0,4.0,176.0,13.54,16,3.8442,19.2264,467.76
R_1GghoTNZdgUeySl,72,2305.13,32.02,82.0,4.0,176.0,8.0,46,5.2391,0.4416,1575.77
R_1GwfxDTVD3u41f2,12,230.02,19.17,12.0,12.0,168.0,21.0,8,2.8554,1.4068,0.0
R_1GymT83N9uDSyIG,2,33.49,16.75,2.0,79.0,101.0,101.0,2,1.0,3.7911,150.32
R_1H1tRn5FYicLqa0,10,108.5,10.85,10.0,7.0,173.0,28.83,9,3.1219,0.977,139.36
R_1H2C6LKN5sYiPMS,2,19.98,9.99,2.0,180.0,0.0,180.0,2,1.0,0.0,22.85
R_1H2GHIU38Oascte,5,86.92,17.38,5.0,112.0,68.0,68.0,4,1.9219,0.0,132.32
R_1H62mXmUtez2cIy,7,148.92,21.27,7.0,11.0,169.0,42.25,7,2.8074,0.7514,56.269999999999996
R_1H6R8vRtVJI4SFg,56,1108.03,19.79,57.0,11.0,169.0,6.26,34,4.7622,1.9299,1007.8
R_1H7fdZFFkwr8HKx,22,382.64,17.39,22.0,1.0,179.0,13.77,16,3.7156,0.7997,302.65
R_1H7zBXFz4gN1Ezl,22,523.32,23.79,22.0,11.0,169.0,28.17,14,3.4772,4.4999,176.92
R_1H7zLm1nT1XvnWc,10,104.25,10.43,10.0,30.0,150.0,50.0,7,2.6464,6.3571,706.77
R_1H8nEEGnbME0xMW,1,8.99,8.99,1.0,180.0,0.0,180.0,1,-0.0,0.0,24.99
R_1HSZrCPXWeOpW01,2,51.88,25.94,2.0,178.0,2.0,2.0,2,1.0,0.0,107.96000000000001
R_1HcpQT6Ffivx73P,11,488.21,44.38,11.0,18.0,162.0,23.14,6,2.4817,2.1859,526.73
R_1Hena1rUph3TnA3,21,372.55,17.74,21.0,1.0,179.0,13.77,17,4.0114,8.5599,2332.32
R_1HerhOnGTMWUefJ,22,638.07,29.0,23.0,9.0,171.0,12.21,16,3.7888,0.402,673.58
R_1HjZ92vLV80BMkA,27,536.71,19.88,32.0,3.0,177.0,13.62,18,3.7769,0.6879,1529.23
R_1HjyB8kWn4gmwp5,3,38.97,12.99,3.0,69.0,111.0,111.0,3,1.585,1.5997,33.72
R_1HoDTPQVCFl0O3q,16,459.45,28.72,20.0,35.0,145.0,24.17,12,3.5,6.0837,458.79
R_1HotIA3syHobFfp,5,102.3,20.46,5.0,98.0,82.0,27.33,5,2.3219,0.0,1051.2
R_1Hq7yoxBmdHT0Yh,10,118.12,11.81,10.0,9.0,171.0,85.5,8,2.9219,1.5717,237.85
R_1HqJHdXffOUfDTR,14,271.68,19.41,14.0,11.0,169.0,24.14,12,3.4677,0.366,257.46999999999997
R_1I4dnMKlrmtUP09,34,871.84,25.64,34.0,1.0,179.0,8.52,19,3.962,0.7222,1601.85
R_1I6meOeB0piHEX8,52,835.23,16.06,54.0,2.0,178.0,8.48,31,4.2658,0.907,2379.45
R_1I9Fh0y1T090Zve,3,95.97,31.99,3.0,171.0,9.0,9.0,3,1.585,0.0,206.36
R_1IBrWZ6f5U3InBf,3,288.97,96.32,3.0,74.0,106.0,106.0,2,0.9183,0.6514,0.0
R_1IEJrvdmlz5uakB,2,18.48,9.24,2.0,151.0,29.0,29.0,2,1.0,0.0,174.99
R_1IFq9WjfDcelfCl,18,874.83,48.6,19.0,4.0,176.0,17.6,11,3.3083,0.299,901.95
R_1IK012DF2hayY8h,7,207.63,29.66,7.0,99.0,81.0,40.5,5,2.2359,0.0,81.0
R_1IL4eE4qWAUTvTW,3,123.99,41.33,3.0,54.0,126.0,126.0,1,-0.0,0.6758,747.79
R_1IN7vU4CWQnwLLx,15,218.92,14.59,15.0,31.0,149.0,14.9,12,3.3736,0.7292,298.75
R_1IQJmGpHDXC3ASx,46,811.44,17.64,46.0,6.0,174.0,6.0,24,3.9824,1.3014,508.17
R_1IQrTixrpV3RdZy,27,486.68,18.03,28.0,8.0,172.0,8.19,17,3.7028,0.4358,648.9399999999999
R_1IRcsBDiYNaqCGX,73,2004.54,27.46,73.0,3.0,177.0,5.71,32,4.3745,1.2349,2161.98
R_1ISEgH4xrMo9cJp,7,101.48,14.5,7.0,48.0,132.0,33.0,7,2.8074,6.3965,316.16
R_1ISJv7z3x6BnK4k,26,538.97,20.73,26.0,38.0,142.0,12.91,14,3.5224,0.3993,72.12
R_1ISgBaln8Q2qIGM,1,14.5,14.5,1.0,180.0,0.0,180.0,1,-0.0,0.0,0.0
R_1ISqoR3tKsqaNs0,3,64.68,21.56,3.0,17.0,163.0,81.5,3,1.585,0.1614,204.10999999999999
R_1IT5DE79ggVU9Gn,7,82.02,11.72,7.0,40.0,140.0,46.67,2,0.5917,0.7757,0.0
R_1IWXqj0cRYmRnLa,21,156.49,7.45,21.0,5.0,175.0,35.0,14,3.6897,2.4318,87.48
R_1IWt7J1H7X5j4eL,7,436.95,62.42,7.0,8.0,172.0,34.4,6,2.5216,0.0737,6.99
R_1IXwEWfLjfU1xax,9,283.36,31.48,9.0,74.0,106.0,35.33,5,2.0588,0.1263,321.53000000000003
R_1IYpsszqv6YqEQ3,14,39.6,2.83,19.0,180.0,0.0,180.0,11,3.3788,0.0,0.0
R_1IZA04pWGgneKFl,6,400.13,66.69,6.0,2.0,178.0,44.5,5,2.2516,2.3347,852.23
R_1IZBlduDFUJEphM,66,1440.77,21.83,67.0,9.0,171.0,5.03,43,5.0393,1.2858,1986.54
R_1IZaUJW0SgxmGhX,73,1126.85,15.44,73.0,6.0,174.0,5.27,54,5.3287,0.2517,358.9
R_1IZaizh36yGgZ9k,21,282.81,13.47,21.0,7.0,173.0,28.83,17,3.9754,3.5933,764.12
R_1IZrt5CyqgTg2Qe,34,770.42,22.66,36.0,17.0,163.0,7.09,26,4.4885,0.561,1227.87
R_1IaO9kPXlVlBWD9,4,26.01,6.5,4.0,180.0,0.0,180.0,1,-0.0,0.0,22.25
R_1IaQCAaU1CcbXWO,16,321.67,20.1,18.0,37.0,143.0,13.0,11,3.3278,0.9958,557.04
R_1IaYiTSaUaD2W2i,46,676.7,14.71,46.0,26.0,154.0,8.56,23,3.852,0.1587,523.12
R_1IabI5u1FwYo00V,3,139.84,46.61,3.0,46.0,134.0,67.0,3,1.585,19.2961,0.0
R_1IbecOt0BQCiSOz,26,1645.4,63.28,26.0,2.0,178.0,17.8,22,4.3637,1.0004,1004.97
R_1Ii7vZJ3EmJx7Uw,4,53.82,13.46,6.0,180.0,0.0,180.0,3,1.5,0.0,25.0
R_1IioZPxKZBHs2gO,3,49.67,16.56,3.0,180.0,0.0,180.0,3,1.585,0.0,0.0
R_1IjfIrRId1XetYO,15,534.59,35.64,15.0,30.0,150.0,25.0,12,3.3736,1.1118,27.240000000000002
R_1IjiyEVDz09eFAs,64,1631.8,25.5,65.0,1.0,179.0,4.71,34,4.6838,0.6027,662.59
R_1IlWpd2jLOlqA4H,8,110.0,13.75,8.0,33.0,147.0,24.5,7,2.75,0.4223,77.71000000000001
R_1ImFLLGALT606WO,26,641.44,24.67,26.0,7.0,173.0,17.3,13,3.4266,0.7766,1255.47
R_1In6bbPNQjLRhxu,1,7.99,7.99,1.0,180.0,0.0,180.0,1,-0.0,0.0,112.97
R_1IpfWhyTOaCIYeM,15,100.61,6.71,16.0,6.0,174.0,17.4,12,3.5069,13.1704,247.78
R_1IsBNBTlSlOVuGG,48,959.8,20.0,49.0,1.0,179.0,11.93,28,4.5323,1.7573,1344.8899999999999
R_1Isyig1z1xCQlbf,6,399.07,66.51,6.0,35.0,145.0,48.33,6,2.585,1.1342,33.66
R_1It3uPOCs8UZVMn,49,1266.54,25.85,50.0,8.0,172.0,5.21,28,4.4173,0.2488,232.54
R_1IvixEtBxtoh7vX,30,549.86,18.33,30.0,59.0,121.0,17.29,22,4.2532,0.1109,99.2
R_1Iy2gQsVfTKf9TT,142,1977.89,13.93,145.0,12.0,168.0,3.82,60,5.2539,0.8118,3452.03
R_1IzrCDFm7It9xYW,18,829.82,46.1,22.0,2.0,178.0,17.8,14,3.7255,3.6416,784.64
R_1JCOWhti2Oqu5kS,7,167.25,23.89,7.0,70.0,110.0,55.0,3,1.4488,0.8289,331.24
R_1JDPvSxDgeKBb7U,8,157.43,19.68,9.0,152.0,28.0,28.0,7,2.75,0.0,40.95
R_1JDhRjAMiEkIuKT,25,946.64,37.87,28.0,11.0,169.0,16.9,19,4.0537,1.0786,1039.86
R_1JDsMErIBkh4e3h,7,138.51,19.79,7.0,74.0,106.0,26.5,5,2.2359,3.6201,7.9
R_1JE35IU6N21ow0O,2,49.06,24.53,2.0,122.0,58.0,58.0,1,-0.0,0.0,0.0
R_1JEoAUQUClB8E1Q,39,611.18,15.67,39.0,16.0,164.0,6.83,22,4.0923,1.4541,1360.83
R_1JFagmho9RdIy6Q,15,207.27,13.82,15.0,31.0,149.0,29.8,13,3.5899,0.8976,68.38
R_1JJ8YCoLzDqN39u,15,292.23,19.48,16.0,19.0,161.0,16.1,10,3.1899,0.4454,317.08
R_1JJ9dsXDfWNb4HX,8,248.82,31.1,8.0,1.0,179.0,44.75,8,3.0,0.1582,840.87
R_1JJX4KoHykdcLcI,5,359.21,71.84,5.0,33.0,147.0,36.75,4,1.9219,2.2664,864.23
R_1JK328FVWElecfL,12,220.21,18.35,12.0,10.0,170.0,28.33,7,2.6258,0.8012,218.31
R_1JL4SqKTl0o7xEN,32,462.81,14.46,33.0,88.0,92.0,13.14,20,4.0122,0.3318,0.0
R_1JLBP1fFf3p8tpy,39,1410.39,36.16,42.0,3.0,177.0,9.83,30,4.7213,0.6645,1671.31
R_1JRRs0ZhgHAXLPG,7,69.74,9.96,7.0,27.0,153.0,38.25,5,2.2359,7.1663,49.980000000000004
R_1JUT4H78WPmsV36,12,148.23,12.35,12.0,72.0,108.0,27.0,8,2.8554,0.1825,358.15
R_1JXvzOjJfRfNBLk,12,240.57,20.05,16.0,6.0,174.0,29.0,4,1.65,0.571,481.96
R_1K0zy1Mt6OG2jGF,1,1.99,1.99,1.0,180.0,0.0,180.0,1,-0.0,0.0,337.47
R_1K1NjOtOgpzvVDE,1,19.2,19.2,1.0,180.0,0.0,180.0,1,-0.0,0.0,52.98
R_1K2pnJ1E6MRzlr0,2,10.88,5.44,2.0,146.0,34.0,34.0,2,1.0,0.0,0.0
R_1K3XYuvFofXLIzN,4,67.4,16.85,4.0,12.0,168.0,84.0,3,1.5,1.0437,25.0
R_1K8s5AXqBrnDyC4,65,1406.84,21.64,71.0,9.0,171.0,4.38,39,5.1012,0.9734,889.42
R_1K9f38YmK0xZOOv,11,158.82,14.44,11.0,45.0,135.0,19.29,7,2.6635,0.1355,492.78999999999996
R_1K9kGW0TCypZf4M,39,446.6,11.45,44.0,9.0,171.0,7.43,20,3.8627,0.4225,69.64
R_1K9yOc1WbKzImgH,2,38.94,19.47,2.0,66.0,114.0,114.0,2,1.0,3.8981,0.0
R_1KdkZBS3fscHwuC,3,321.98,107.33,3.0,73.0,107.0,107.0,3,1.585,1.1905,0.0
R_1KdlBlo1yOVwef9,9,134.05,14.89,9.0,9.0,171.0,21.38,5,1.88,1.1548,141.13
R_1Kdrii5cpL8DIZS,21,532.47,25.36,21.0,10.0,170.0,14.17,12,3.0756,1.7149,348.89
R_1KeTKuQXOr9Ds8d,3,64.55,21.52,3.0,15.0,165.0,82.5,3,1.585,0.1133,67.92
R_1KeXbdcXuMQWdmP,28,483.41,17.26,29.0,2.0,178.0,11.87,23,4.3518,0.6893,535.84
R_1Kfqeo4hMzlsFdQ,2,11.9,5.95,2.0,79.0,101.0,101.0,2,1.0,1.0,95.34
R_1KgcgVU74gORt4G,5,274.17,54.83,5.0,152.0,28.0,9.33,3,1.371,0.0,168.75
R_1Kj7uR43IVKeTra,3,105.16,35.05,3.0,10.0,170.0,170.0,3,1.585,1.4484,0.0
R_1KkFs7rgWXlWf58,17,250.66,14.74,17.0,11.0,169.0,21.12,11,3.1692,7.0211,1078.21
R_1KlMYPvPKoudQO5,24,584.98,24.37,24.0,57.0,123.0,10.25,15,3.6683,1.9519,1477.33
R_1KloshKwV8MUAx4,29,1211.06,41.76,30.0,19.0,161.0,8.47,21,4.0902,0.498,1292.6
R_1KloxYvQthvrytv,31,560.5,18.08,31.0,27.0,153.0,15.3,21,4.2202,0.6007,1205.41
R_1KlrpXr5yhzzVu3,20,453.35,22.67,21.0,35.0,145.0,24.17,15,3.7219,0.2194,613.85
R_1Km9vP07nuJmFHX,2,26.49,13.25,2.0,147.0,33.0,33.0,1,-0.0,0.0,0.0
R_1KmbYBZQ4ogvucS,9,183.69,20.41,9.0,57.0,123.0,20.5,7,2.6416,0.2012,417.78999999999996
R_1KpwZSZ5wwEFepN,26,499.28,19.2,27.0,21.0,159.0,14.45,15,3.7193,0.5271,982.73
R_1KqhfYKlNJg85SH,13,222.59,17.12,13.0,62.0,118.0,10.73,12,3.5466,0.3858,330.29
R_1KrGWfbBFSsqxlt,26,387.1,14.89,27.0,30.0,150.0,25.0,15,3.3434,2.114,319.9
R_1Kru2C0Zf28ZbQ0,48,961.83,20.04,54.0,2.0,178.0,5.39,34,4.8108,2.9398,910.62
R_1Ks4GqaB1absf4q,8,94.13,11.77,9.0,105.0,75.0,37.5,8,3.0,0.0,773.09
R_1KuRw7yqmhN2In1,8,167.45,20.93,8.0,44.0,136.0,68.0,8,3.0,1.4885,623.98
R_1KwJ4svzD8bxfTs,5,57.8,11.56,5.0,9.0,171.0,42.75,5,2.3219,3.7572,203.61
R_1Kwnuz6KPM796nt,3,26.1,8.7,3.0,43.0,137.0,137.0,2,0.9183,0.8,19.189999999999998
R_1KxVDxZl2H0XoHS,124,1223.83,9.87,133.0,3.0,177.0,4.42,65,5.4695,2.7679,2033.8799999999999
R_1LA7EtbBxPAL2qa,19,274.33,14.44,20.0,38.0,142.0,28.4,16,3.8269,0.5485,520.15
R_1LBb6RJC62dh4y4,39,470.84,12.07,41.0,12.0,168.0,10.5,21,3.9898,1.0549,443.98
R_1LCDUCqkRzsNyRo,9,157.57,17.51,10.0,22.0,158.0,52.67,8,2.9477,0.8765,69.46000000000001
R_1LCMXBRIyG4h84a,9,240.83,26.76,11.0,84.0,96.0,24.0,7,2.7255,0.1158,0.0
R_1LCdu4c1mJw1NPw,5,123.84,24.77,6.0,130.0,50.0,25.0,4,1.9219,0.0,30.189999999999998
R_1LFEtkSrCa4Ri46,51,1894.84,37.15,56.0,9.0,171.0,5.7,31,4.5196,1.5769,1866.0
R_1LFmho6mBajcceh,31,468.23,15.1,31.0,22.0,158.0,13.17,28,4.7363,1.1266,186.46
R_1LFqrP3wXLY29vm,56,887.36,15.85,58.0,10.0,170.0,6.3,35,4.8114,7.1724,445.22
R_1LH9jGluPc9Ks28,2,12.82,6.41,2.0,166.0,14.0,14.0,2,1.0,0.0,12.98
R_1LI4sRCOpeUEw4V,11,332.15,30.2,11.0,10.0,170.0,21.25,7,2.5503,2.2711,201.82
R_1LIGtABfsfoV9eO,4,32.37,8.09,4.0,47.0,133.0,44.33,2,0.8113,0.4235,47.96
R_1LIJDv6NDuvkCi4,24,581.88,24.25,24.0,9.0,171.0,14.25,19,4.1368,0.3243,770.35
R_1LIhFuivD74bKNQ,2,21.97,10.98,2.0,168.0,12.0,12.0,2,1.0,0.0,16.3
R_1LLeEJshq2p2Ej7,7,142.61,20.37,7.0,15.0,165.0,82.5,3,1.1488,3.5403,301.03
R_1LMa9REuvUok05j,35,797.95,22.8,39.0,7.0,173.0,6.41,25,4.3392,2.7454,1441.26
R_1LMcU7izBtOlnNn,30,451.52,15.05,34.0,1.0,179.0,7.78,19,3.9647,2.1124,990.47
R_1LMuiHUY0gK5lHE,3,49.86,16.62,3.0,149.0,31.0,15.5,3,1.585,0.0,128.34
R_1LMx3Ij1VcN0Cnc,45,808.18,17.96,45.0,5.0,175.0,5.83,24,4.2139,2.088,972.81
R_1LRMfvqtCuHQOG4,21,290.64,13.84,21.0,1.0,179.0,12.79,13,3.0338,0.405,1309.69
R_1LRR1P5IQqdSvIP,95,2423.81,25.51,103.0,2.0,178.0,4.24,58,5.449,1.7071,4073.65
R_1LRtdK1XMr1uFCf,31,534.47,17.24,36.0,52.0,128.0,16.0,21,4.0826,0.2214,356.21
R_1LRxmw1v9XlwyZ4,52,875.39,16.83,52.0,8.0,172.0,5.93,36,4.8158,1.1185,904.63
R_1LU3ZUh1C0Ij7PO,25,362.99,14.52,25.0,61.0,119.0,7.44,16,3.7639,0.5234,500.18
R_1LUaD6cuon5njXD,14,211.25,15.09,14.0,31.0,149.0,14.9,11,3.3249,2.2813,34.78
R_1LUuuC6VrhpFCm8,14,462.86,33.06,14.0,17.0,163.0,16.3,8,2.5567,0.3894,283.71
R_1LXVb9shLsHRmNV,39,1171.21,30.03,39.0,22.0,158.0,5.45,28,4.4738,1.4002,914.36
R_1LXWy9XtgeTLKs3,4,53.02,13.25,4.0,2.0,178.0,89.0,4,2.0,0.6553,0.0
R_1LXruw2HNunUocq,30,1219.73,40.66,33.0,15.0,165.0,10.31,23,4.3899,1.5136,1210.25
R_1LY9mbPmeG2WbfE,15,483.07,32.2,15.0,18.0,162.0,20.25,7,2.4662,2.1024,44.879999999999995
R_1LZKI07AWpPDeKE,1,19.95,19.95,1.0,180.0,0.0,180.0,1,-0.0,0.0,0.0
R_1LbUTgaWmOcYHoQ,36,589.1,16.36,36.0,1.0,179.0,6.17,27,4.5697,1.1482,1698.8899999999999
R_1LcBezsxrOCPoma,2,23.67,11.84,2.0,153.0,27.0,27.0,2,1.0,0.0,0.0
R_1LcCULNDVzpY8B5,16,210.06,13.13,16.0,6.0,174.0,21.75,14,3.75,0.3063,64.95
R_1LcHRNTQP5Ht1tg,56,1005.09,17.95,57.0,18.0,162.0,13.5,43,5.2517,0.4639,1005.71
R_1Lcd7C42dsaZUig,4,73.98,18.5,4.0,45.0,135.0,45.0,4,2.0,0.0881,132.51999999999998
R_1Ld1FGLTStOykIS,2,39.98,19.99,2.0,97.0,83.0,83.0,2,1.0,0.0,16.99
R_1LdmaFBhWUcIaF7,49,735.62,15.01,49.0,11.0,169.0,6.5,33,4.793,0.6012,591.49
R_1LduYCKTqHZAamW,2,80.0,40.0,2.0,104.0,76.0,76.0,2,1.0,0.0,26.7
R_1LhFM2BaxIGVUFr,36,630.23,17.51,38.0,34.0,146.0,8.11,25,4.4058,0.8034,1104.66
R_1LhfOLPGAesRIV6,1,13.99,13.99,1.0,180.0,0.0,180.0,1,-0.0,0.0,39.97
R_1LhrEPku3icyXBp,3,101.3,33.77,4.0,21.0,159.0,79.5,3,1.585,0.4476,0.0
R_1LiA2fJVDUQ4IXM,27,1605.06,59.45,35.0,10.0,170.0,9.44,18,3.9266,0.5339,800.3
R_1LjSgCvVRqzw9aN,35,675.47,19.3,39.0,46.0,134.0,6.09,18,3.7399,0.6412,521.23
R_1Lkg917fX5vUGok,3,46.52,15.51,3.0,136.0,44.0,22.0,2,0.9183,0.0,359.53
R_1LoL695ixNZxVpn,25,386.13,15.45,25.0,4.0,176.0,14.67,19,4.1035,0.7504,271.2
R_1LqEf4VXuqbsVzA,26,461.96,17.77,26.0,5.0,175.0,10.29,10,2.4037,0.7415,361.15
R_1LulffFsNbmcr93,4,470.58,117.65,4.0,143.0,37.0,18.5,4,2.0,0.0,0.0
R_1Luv6L4DgyQNKdI,1,15.78,15.78,2.0,180.0,0.0,180.0,1,-0.0,0.0,9.99
R_1Luv7PTSNMEjqFV,27,671.68,24.88,27.0,18.0,162.0,16.2,21,4.2825,1.2125,290.37
R_1LwfsLJ5DG4OwEO,1,25.99,25.99,1.0,180.0,0.0,180.0,1,-0.0,0.0,80.95
R_1M3AyVBcoK62Enz,7,287.59,41.08,7.0,14.0,166.0,41.5,6,2.5216,0.8803,126.51
R_1M3NpvxQQpsbEzI,9,78.52,8.72,9.0,37.0,143.0,71.5,8,2.9477,0.5112,73.33
R_1M5mnTcAVcSRcli,13,609.2,46.86,15.0,43.0,137.0,27.4,9,3.027,1.2596,504.69
R_1MJSWPNY1QR0Q68,21,403.22,19.2,21.0,2.0,178.0,10.47,14,3.6178,0.8749,523.13
R_1MMP47rgh3ubRwP,44,930.14,21.14,50.0,10.0,170.0,8.1,31,4.6775,0.8169,661.92
R_1MPUcBEwaqGfQoa,8,217.22,27.15,8.0,75.0,105.0,21.0,7,2.75,0.3056,169.93
R_1MQ9xtfsmzwaDML,3,67.48,22.49,3.0,15.0,165.0,165.0,2,0.9183,0.7214,83.99000000000001
R_1MQIBxrlXnpRlSN,5,169.13,33.83,5.0,37.0,143.0,71.5,4,1.9219,0.2703,553.71
R_1MQJZk1ALfEkRX3,4,59.78,14.95,4.0,97.0,83.0,41.5,4,2.0,0.0,141.88
R_1MR5moHBEzMpL1a,6,346.12,57.69,6.0,91.0,89.0,89.0,5,2.2516,0.0,386.89
R_1MR5sQWJc19hOeY,31,790.07,25.49,33.0,114.0,66.0,4.71,25,4.4507,0.0,0.0
R_1MRiCPyfWGB5siw,6,30.67,5.11,6.0,180.0,0.0,180.0,2,0.65,0.0,83.87
R_1MRq2bN1HyXAyLJ,18,242.75,13.49,18.0,13.0,167.0,15.18,14,3.6144,3.1789,555.96
R_1MSOoW9gkEFmm8j,66,1052.27,15.94,69.0,1.0,179.0,7.46,34,4.3693,0.8037,1104.92
R_1MSdx5jdOD4hvgV,6,69.78,11.63,6.0,23.0,157.0,52.33,3,1.2516,0.0734,56.33
R_1MTbVUzYEQq2MzU,18,328.02,18.22,18.0,25.0,155.0,11.92,4,1.7472,0.8574,562.01
R_1MTfhMzI3ijaGhX,45,439.58,9.77,45.0,9.0,171.0,9.5,18,2.7342,1.5675,523.35
R_1MWGgHMNDdqJb2L,11,170.45,15.5,12.0,6.0,174.0,34.8,10,3.2776,3.9478,138.0
R_1MXNkKRoumaX8uK,25,281.39,11.26,25.0,76.0,104.0,26.0,21,4.1795,1.2961,483.84
R_1MXUL8xOw2LkP30,30,482.58,16.09,37.0,29.0,151.0,16.78,16,3.6981,0.1794,1056.26
R_1MY7yxvExjQWTkv,21,373.42,17.78,21.0,33.0,147.0,10.5,17,3.9754,0.67,365.73
R_1MYWNvd6IFetpta,25,519.29,20.77,25.0,13.0,167.0,8.79,19,4.0039,0.6592,957.2
R_1MYdjbgZgAAC4Mx,10,223.04,22.3,11.0,22.0,158.0,22.57,9,3.1219,7.4485,850.08
R_1MYrYnG98fauwrr,35,566.09,16.17,36.0,1.0,179.0,13.77,19,3.9357,2.2206,620.37
R_1N1YOGbiFkuF3OL,3,62.16,20.72,3.0,54.0,126.0,126.0,3,1.585,0.554,132.9
R_1N2pRfCrIwFtKcN,7,80.83,11.55,7.0,125.0,55.0,55.0,7,2.8074,0.0,0.0
R_1N4VduE7gDj7UHY,6,49.67,8.28,6.0,144.0,36.0,36.0,1,-0.0,0.0,154.19
R_1N52McSjcCnVqIm,2,31.38,15.69,2.0,167.0,13.0,13.0,2,1.0,0.0,0.0
R_1N5g9DewPFrXN7Z,8,223.52,27.94,8.0,15.0,165.0,33.0,7,2.75,0.0804,227.11
R_1N82O6CJHs0nGOl,8,76.65,9.58,8.0,10.0,170.0,85.0,5,2.0,0.295,66.84
R_1N82p883ADvIocT,7,57.21,8.17,8.0,95.0,85.0,85.0,7,2.8074,0.0,77.34
R_1N8EWV0P6ZdrhpK,12,475.38,39.62,13.0,55.0,125.0,25.0,11,3.4183,0.5653,197.87
R_1N9BtdjOYs5v931,1,99.99,99.99,1.0,180.0,0.0,180.0,1,-0.0,0.0,22.9
R_1N9pWwGB4wRs5qJ,1,19.95,19.95,1.0,180.0,0.0,180.0,1,-0.0,0.0,0.0
R_1N9qRfxsySxBONQ,11,399.7,36.34,11.0,4.0,176.0,35.2,8,2.8454,0.0998,373.94
R_1NCxClJRs1CoC8r,3,54.44,18.15,14.0,29.0,151.0,75.5,2,0.9183,3.29,160.92000000000002
R_1NCzj2eSHI4QGcd,191,4010.01,20.99,193.0,1.0,179.0,2.18,68,5.4557,0.7189,2591.7
R_1NDiWYuyBol2BgP,31,602.81,19.45,35.0,17.0,163.0,8.58,20,4.1281,0.6647,963.6899999999999
R_1NDpAK5cXZeWOk0,2,18.69,9.34,3.0,114.0,66.0,66.0,2,1.0,0.0,0.0
R_1NDq0rxoUSu6oyz,215,3977.88,18.5,238.0,1.0,179.0,2.8,86,5.5427,0.9719,4410.2
R_1NEVjqnQFBlnPsg,127,4055.42,31.93,131.0,4.0,176.0,3.74,72,5.654,0.9581,2641.16
R_1NFde2vzLpu8IWT,24,454.02,18.92,24.0,24.0,156.0,10.4,18,3.9346,0.8827,364.18
R_1Ne15WLtaDfzhn6,69,1894.17,27.45,70.0,2.0,178.0,4.68,33,4.4507,0.931,1515.08
R_1NeoNgC1NTMpb9s,20,444.27,22.21,20.0,1.0,179.0,16.27,10,3.0842,4.3231,99.49000000000001
R_1NewMfEsTdiNbSy,57,655.4,11.5,58.0,12.0,168.0,6.72,35,4.9027,0.4005,921.04
R_1NfxGiJddqHvUUI,7,337.19,48.17,7.0,76.0,104.0,26.0,3,1.3788,0.0676,74.00999999999999
R_1NgAUlbpH2mgLYQ,35,532.72,15.22,35.0,4.0,176.0,9.26,27,4.4535,1.8853,436.9
R_1NgAWSeub1pgOGj,31,781.91,25.22,32.0,1.0,179.0,9.94,24,4.4381,1.3228,373.14
R_1NglQq1cT6f3iyC,4,429.25,107.31,4.0,171.0,9.0,4.5,3,1.5,0.0,239.82
R_1Nh9okz5clSAlfl,31,541.79,17.48,33.0,10.0,170.0,8.5,26,4.6073,0.9062,615.87
R_1Nk57CWNWLZRoiL,6,45.66,7.61,6.0,9.0,171.0,57.0,3,1.2516,0.43,156.79
R_1NlGZCWpxXc8mjn,37,848.04,22.92,38.0,5.0,175.0,6.25,19,3.857,1.1106,783.27
R_1Nm3YmRfVbFlyxr,1,35.59,35.59,1.0,180.0,0.0,180.0,1,-0.0,0.0,544.48
R_1Nnv2IYQFpUwHrr,27,396.8,14.7,27.0,23.0,157.0,15.7,18,3.9401,0.2588,945.8
R_1NqX2rcME0JPYC0,8,51.99,6.5,8.0,146.0,34.0,17.0,7,2.75,0.0,0.0
R_1Nt5TRV4pOyaNDt,22,694.36,31.56,25.0,25.0,155.0,19.38,14,3.4474,3.6945,221.10999999999999
R_1NwE45kvtaPdPCt,24,406.57,16.94,26.0,6.0,174.0,34.8,15,3.5221,2.501,253.35
R_1NwaJL5HIqAmg3v,2,83.12,41.56,2.0,164.0,16.0,16.0,2,1.0,0.0,128.81
R_1NxFdNqQPtjjSci,5,141.55,28.31,5.0,29.0,151.0,75.5,5,2.3219,0.4291,270.83
R_1NySziOu3paaWyj,93,2976.72,32.01,110.0,2.0,178.0,4.14,55,5.38,0.3467,2211.97
R_1OB35RwuRIwi8tf,6,161.24,26.87,6.0,180.0,0.0,180.0,4,1.7925,0.0,39.98
R_1OB5P2ZPguPBd8T,4,20.83,5.21,4.0,180.0,0.0,180.0,1,-0.0,0.0,0.0
R_1OBGRKo14yqf56y,7,141.48,20.21,8.0,85.0,95.0,31.67,5,2.2359,0.2374,147.52
R_1ODe1SMZqOWRciN,3,43.98,14.66,3.0,64.0,116.0,116.0,2,0.9183,0.0729,236.35
R_1ODhd1JuDR58zaI,9,242.71,26.97,10.0,56.0,124.0,20.67,9,3.1699,0.7721,951.45
R_1OIDizdfPJbwBnV,21,579.12,27.58,22.0,21.0,159.0,17.67,18,4.1066,0.5701,1092.38
R_1OJZKQM4ZrHncBJ,39,690.29,17.7,39.0,19.0,161.0,6.71,22,4.1217,1.7079,0.0
R_1OK4kjlIGd3SHzR,10,390.54,39.05,10.0,7.0,173.0,57.67,10,3.3219,0.9566,217.91
R_1OK73VTU4KtCpkI,30,544.4,18.15,31.0,8.0,172.0,14.33,21,4.0518,0.4998,513.82
R_1OMKeKICcW0F652,33,613.89,18.6,45.0,3.0,177.0,25.29,25,4.5367,0.889,640.16
R_1ONrCkUEhKm1LZY,31,599.19,19.33,31.0,6.0,174.0,10.88,19,3.8687,3.5925,725.87
R_1ONsVOpSDE6jAfT,79,1329.81,16.83,87.0,8.0,172.0,4.2,50,5.0934,0.6546,3343.19
R_1OOHz5RhknrMb71,1,0.1,0.1,1.0,180.0,0.0,180.0,1,-0.0,0.0,0.0
R_1OUCXzz9tA7EnDD,4,201.16,50.29,4.0,90.0,90.0,90.0,4,2.0,0.1081,326.57
R_1OULU4qXZSClHig,2,28.58,14.29,2.0,98.0,82.0,82.0,2,1.0,0.0,194.28
R_1OUlnkhW3dDI5OS,1,25.99,25.99,1.0,180.0,0.0,180.0,1,-0.0,0.0,42.65
R_1OYNqFNHdMPgU8R,10,109.94,10.99,10.0,85.0,95.0,31.67,5,1.961,0.1111,0.0
R_1OYP3GlJXueiqir,8,112.05,14.01,10.0,5.0,175.0,43.75,5,2.1556,0.8354,397.22
R_1OYP3LK9YZu0Gig,55,941.99,17.13,55.0,7.0,173.0,6.41,23,4.1607,1.3287,1472.65
R_1OZUQwC9oyVRYlu,8,101.03,12.63,8.0,23.0,157.0,26.17,7,2.75,1.0539,866.97
R_1OdAv6xEiMTPsbf,5,152.96,30.59,5.0,33.0,147.0,147.0,4,1.9219,0.9367,324.93
R_1OiPcwBGmhUHeZF,35,703.64,20.1,36.0,6.0,174.0,9.16,23,3.9872,0.5965,528.01
R_1OjcHe0kRKvUW0z,6,113.9,18.98,6.0,25.0,155.0,38.75,5,2.2516,2.2413,13.99
R_1OkoXmNAIM2ExN2,7,71.77,10.25,7.0,19.0,161.0,32.2,4,1.6645,0.1079,112.92
R_1Old6FsuUzbiU9r,5,198.47,39.69,5.0,5.0,175.0,43.75,4,1.9219,1.0153,8.99
R_1OlyKZYuQUE5Cgc,65,983.39,15.13,66.0,4.0,176.0,4.63,38,4.9549,0.6645,1949.17
R_1OoDfTebvrkVh17,28,540.96,19.32,29.0,5.0,175.0,13.46,22,4.2499,0.5183,533.82
R_1OoTwO6DAhxUf8x,43,1088.24,25.31,43.0,7.0,173.0,8.65,36,5.0831,2.6187,980.0600000000001
R_1Oov0G05pkQnKNn,29,602.19,20.77,41.0,3.0,177.0,8.85,20,4.0868,0.932,868.84
R_1OpBOVBIiQpQOdY,33,236.35,7.16,33.0,14.0,166.0,18.44,19,3.859,1.2176,1362.73
R_1OpmXXHjsxHBvog,2,11.68,5.84,2.0,142.0,38.0,38.0,2,1.0,0.0,73.39
R_1OprtP8diGQibgy,6,103.91,17.32,7.0,33.0,147.0,49.0,4,1.9183,1.2057,216.55
R_1Oq3DG0zY5vXXn7,22,604.59,27.48,22.0,13.0,167.0,16.7,15,3.6978,102.3487,919.07
R_1OqVCuM7fGds9xh,38,685.87,18.05,41.0,12.0,168.0,8.84,26,4.4161,0.2477,1059.78
R_1OrGvhuVOsDWJUp,4,54.85,13.71,4.0,35.0,145.0,72.5,2,0.8113,6.9608,25.0
R_1OrTsiPCkAlmb0N,47,803.3,17.09,47.0,4.0,176.0,11.73,10,1.3116,0.5632,264.13
R_1OwPHmxBaFuAS1q,11,442.69,40.24,11.0,99.0,81.0,13.5,11,3.4594,0.0,575.43
R_1Owwa72zuqchWxY,17,412.04,24.24,17.0,13.0,167.0,16.7,17,4.0875,6.7378,769.29
R_1OxFLrUyPQnVvhR,1,30.0,30.0,1.0,180.0,0.0,180.0,1,-0.0,0.0,170.56
R_1P0LqZV0oEW37kP,4,106.96,26.74,4.0,95.0,85.0,42.5,4,2.0,0.0,256.34000000000003
R_1P0kCmz0zdMSEld,23,1028.03,44.7,27.0,17.0,163.0,10.19,17,3.882,0.9161,689.26
R_1P12IAJWGMZsnVd,33,580.05,17.58,38.0,4.0,176.0,9.78,19,3.8318,1.8873,807.06
R_1P1A6wWO5XPAIPg,2,90.44,45.22,2.0,180.0,0.0,180.0,2,1.0,0.0,0.0
R_1P4URZhhvR2M604,26,318.3,12.24,26.0,4.0,176.0,10.35,13,2.892,1.1745,3562.64
R_1P5ErlPGjubgaax,12,323.4,26.95,13.0,86.0,94.0,15.67,5,1.8962,0.1182,533.5600000000001
R_1P6kulS3ccGeGBa,14,434.8,31.06,15.0,7.0,173.0,21.62,11,3.3249,2.0414,482.36
R_1PRE6htgNiTE6sa,11,154.92,14.08,11.0,43.0,137.0,27.4,9,3.0958,0.8075,286.26
R_1PUcgnVG2i0EBz4,116,2258.89,19.47,133.0,22.0,158.0,5.85,71,5.6834,1.6757,2380.84
R_1PYPmKqQr85ZxYc,34,164.12,4.83,34.0,8.0,172.0,19.11,18,3.6968,2.3756,124.2
R_1PYj89tLuB6NrO0,62,1535.46,24.77,64.0,18.0,162.0,4.91,45,5.258,1.0168,1561.54
R_1PZ4RLWFoejyITM,1,61.47,61.47,1.0,180.0,0.0,180.0,1,-0.0,0.0,214.69
R_1PaWyy52p6QVJzy,8,188.21,23.53,8.0,14.0,166.0,33.2,6,2.5,11.9979,1065.25
R_1PcttxbjmIpzZ9t,31,892.99,28.81,41.0,29.0,151.0,9.44,20,4.0116,1.983,933.67
R_1PdfnI1HKjhU1Re,3,117.82,39.27,3.0,111.0,69.0,69.0,3,1.585,0.0,226.67999999999998
R_1PeqopBBLP0TtXA,1,15.57,15.57,1.0,180.0,0.0,180.0,1,-0.0,0.0,0.0
R_1Q0MPooXbStQQhO,7,137.36,19.62,7.0,17.0,163.0,163.0,5,2.2359,1.091,178.14
R_1Q3AyE3HMTBGZ4v,4,64.81,16.2,4.0,58.0,122.0,61.0,4,2.0,0.1209,749.85
R_1Q3YqoPwNpKkGrB,7,453.3,64.76,7.0,4.0,176.0,35.2,5,2.1281,3.4722,15.99
R_1Q62CIVb2WAS8hB,24,652.58,27.19,26.0,1.0,179.0,12.79,15,3.6217,1.4471,1277.26
R_1Q9JeeKncbbLcz0,114,3146.87,27.6,136.0,5.0,175.0,3.3,58,5.1807,0.8227,4160.26
R_1Q9O3vi1WWPbWtk,2,24.97,12.48,2.0,180.0,0.0,180.0,2,1.0,0.0,15.99
R_1QAdgChcm0LQ6CE,20,314.05,15.7,20.0,47.0,133.0,22.17,16,3.8842,0.1335,212.92000000000002
R_1QB1ztGTGqYRyPX,19,804.95,42.37,19.0,48.0,132.0,9.43,17,4.0374,0.1925,129.96
R_1QF3XP54i5CY4l4,33,627.47,19.01,33.0,1.0,179.0,12.79,28,4.7185,0.0698,1189.09
R_1QG7SsKpYQgSIAF,15,186.26,12.42,15.0,21.0,159.0,39.75,10,2.9996,0.8735,1375.2
R_1QJDCnwRoXCQWZO,6,63.73,10.62,6.0,52.0,128.0,25.6,5,2.2516,0.1952,326.56
R_1QKu8qtvgo0d1uS,20,348.15,17.41,21.0,43.0,137.0,9.79,15,3.5464,0.219,699.39
R_1QLfbB3Lho273wG,22,446.19,20.28,23.0,16.0,164.0,20.5,14,3.2776,0.3753,1760.46
R_1QLtq9IxnM5iU7c,5,61.62,12.32,5.0,63.0,117.0,39.0,3,1.371,0.5989,25.97
R_1QMDaPkVnGwBGJf,31,1828.44,58.98,32.0,21.0,159.0,15.9,17,3.7811,336.3505,255.9
R_1Qa8m0zuQtcKx67,19,102.55,5.4,19.0,43.0,137.0,11.42,15,3.7871,0.8017,52.010000000000005
R_1QbE8mmoK6aNH9T,5,50.84,10.17,5.0,53.0,127.0,63.5,4,1.9219,0.4177,763.89
R_1QbXTBxp4gQeTaM,15,263.21,17.55,15.0,9.0,171.0,24.43,15,3.9069,2.7747,127.8
R_1Qc2nux7GJ7vVuH,2,54.94,27.47,2.0,8.0,172.0,172.0,2,1.0,1.7511,144.85
R_1Qcnm6Phc1DkWqS,2,50.0,25.0,2.0,179.0,1.0,1.0,1,-0.0,0.0,220.89
R_1Qcs0yA8Nr6teOo,2,26.48,13.24,2.0,180.0,0.0,180.0,2,1.0,0.0,21.95
R_1QfRrCll2CbcTFM,9,272.21,30.25,9.0,29.0,151.0,21.57,8,2.9477,0.4365,617.71
R_1QgCk1rGPI0P6Ae,12,261.87,21.82,12.0,54.0,126.0,21.0,8,2.8554,1.0709,142.91
R_1QgWXnlpERvWjrY,45,801.92,17.82,50.0,20.0,160.0,8.0,22,3.7191,0.597,232.94
R_1QgwH8nezKJlxLB,11,474.88,43.17,11.0,8.0,172.0,21.5,7,2.5503,0.3305,114.87
R_1QhEPMXONBU12sq,13,350.91,26.99,13.0,62.0,118.0,14.75,9,3.027,0.217,511.83
R_1QhKXo3FefH4Bab,68,1419.4,20.87,70.0,11.0,169.0,4.45,44,5.0755,0.92,2238.1
R_1QlNhkrA0pIwVAs,3,72.99,24.33,3.0,50.0,130.0,130.0,3,1.585,0.1231,0.0
R_1QlQmuoSYcXfCSG,3,344.47,114.82,3.0,171.0,9.0,9.0,3,1.585,0.0,0.0
R_1Qlu9zbB0XgXZ3s,3,38.97,12.99,3.0,127.0,53.0,26.5,3,1.585,0.0,0.0
R_1QnGxCVpumQBm7E,32,1091.66,34.11,33.0,14.0,166.0,18.44,22,4.2028,0.7014,700.81
R_1QnrzFsIBd6G3N9,106,1685.25,15.9,111.0,1.0,179.0,2.8,63,5.4185,1.0919,885.8
R_1QoPHtffEy2UzWJ,15,268.62,17.91,15.0,21.0,159.0,22.71,13,3.6402,4.7251,572.1
R_1QozBaV2v9k1qO9,18,409.12,22.73,19.0,12.0,168.0,33.6,14,3.6144,1.3337,579.8
R_1QsBQXKcvaivx1j,14,272.06,19.43,18.0,11.0,169.0,24.14,8,2.8424,0.999,340.28000000000003
R_1QsZS0nI2sw5gl5,42,745.0,17.74,46.0,17.0,163.0,13.58,24,4.1329,0.7612,1168.31
R_1QtQEfi1VAWgRM0,232,3537.05,15.25,261.0,3.0,177.0,2.77,87,5.7372,1.0273,3296.39
R_1QtkxqZLOSdoIDI,5,36.27,7.25,5.0,6.0,174.0,43.5,4,1.9219,0.7463,55.54
R_1QuSUnjdiniq8jy,23,557.05,24.22,25.0,3.0,177.0,19.67,10,2.9407,4.4693,220.44
R_1QuT8Zf9NLAgbX4,6,177.57,29.6,6.0,66.0,114.0,38.0,3,1.4591,0.1832,915.79
R_1QupmKjSh9fA4l4,58,2113.79,36.44,71.0,6.0,174.0,6.44,33,4.7159,0.8984,1283.72
R_1QutEVkZz69QFR7,105,2277.17,21.69,106.0,11.0,169.0,4.97,53,4.9857,0.2504,944.15
R_1QxWJ4eONQD2REs,1,39.99,39.99,1.0,180.0,0.0,180.0,1,-0.0,0.0,127.02
R_1QyGzHCOIStR4Ui,15,767.24,51.15,15.0,25.0,155.0,31.0,13,3.5899,0.2289,565.91
R_1Qyzwfx5HrXdw4U,37,505.93,13.67,37.0,4.0,176.0,8.8,18,3.7319,0.3469,352.08
R_1Qz3qj05Z7L5MrZ,3,39.53,13.18,3.0,125.0,55.0,27.5,3,1.585,0.0,0.0
R_1RFaLdtXxWmh7RT,11,278.76,25.34,11.0,20.0,160.0,20.0,10,3.2776,0.5234,239.61
R_1Ri2PvXp7pnqqyt,2,19.3,9.65,2.0,12.0,168.0,168.0,2,1.0,0.9319,0.0
R_1SvBiUOkCrlBTKV,5,132.16,26.43,5.0,41.0,139.0,34.75,4,1.9219,0.1307,68.84
R_1TiazSpgYGmuW9X,4,96.43,24.11,4.0,48.0,132.0,66.0,4,2.0,1.8828,16.99
R_1TvhpEMhVBwUasN,1,37.99,37.99,1.0,180.0,0.0,180.0,1,-0.0,0.0,556.25
R_1Xhiz3TBoe2gQdH,48,1069.98,22.29,51.0,2.0,178.0,6.59,19,3.4268,2.057,229.77
R_1Y4dGwaFnIeeNeF,1,35.99,35.99,1.0,180.0,0.0,180.0,1,-0.0,0.0,32.519999999999996
R_1Y749UrP3H63nsR,164,2604.51,15.88,169.0,1.0,179.0,5.42,65,5.1918,1.9412,5076.79
R_1ZmrvpO6K4KDhaF,22,745.61,33.89,22.0,17.0,163.0,32.6,19,4.1867,1.3829,1005.61
R_1cSKDh8brnAicte,6,74.0,12.33,6.0,84.0,96.0,24.0,2,1.0,0.1744,76.92
R_1cUrY5EuyLHnEhf,5,115.04,23.01,5.0,93.0,87.0,87.0,2,0.7219,0.0,518.09
R_1cYOJAbPFoatHTg,6,269.78,44.96,6.0,11.0,169.0,84.5,5,2.2516,0.0799,1059.33
R_1cYTBjpzLmoD0o6,30,919.51,30.65,31.0,6.0,174.0,19.33,28,4.7484,2.2296,1005.3000000000001
R_1cYxarQPFQxNRHB,77,1514.85,19.67,84.0,1.0,179.0,7.46,41,4.9952,0.7892,1536.29
R_1cZfyoMTmga6Jem,11,177.06,16.1,11.0,2.0,178.0,22.25,10,3.2776,1.37,379.67
R_1d02LBY83RUbFAj,29,662.85,22.86,30.0,24.0,156.0,10.4,21,4.2542,0.9349,801.44
R_1d0GcZ7p11vQMGl,8,154.71,19.34,8.0,145.0,35.0,17.5,7,2.75,0.0,117.94
R_1d4EqY6QNpI4BOG,19,704.33,37.07,19.0,15.0,165.0,23.57,13,3.4714,0.6909,512.08
R_1d53jiCj5wF9MDy,48,1011.2,21.07,50.0,6.0,174.0,7.57,25,4.0335,1.0874,1859.25
R_1d6V903Xy4VOFla,28,746.42,26.66,28.0,32.0,148.0,16.44,16,3.5216,0.8283,531.49
R_1dAhJdFXHV5xmMG,37,878.04,23.73,37.0,6.0,174.0,9.16,14,2.6367,0.7662,767.27
R_1dAp3oDIZaH4ggg,6,85.1,14.18,6.0,49.0,131.0,43.67,5,2.2516,2.1206,354.06
R_1dEK26hH8SPqc9F,7,506.91,72.42,7.0,84.0,96.0,32.0,7,2.8074,0.1873,284.93
R_1dEORt9BZBN76Bt,25,878.91,35.16,25.0,6.0,174.0,12.43,14,3.1551,0.4282,1007.1899999999999
R_1dEuiympk4ngwO2,25,445.82,17.83,25.0,25.0,155.0,15.5,14,3.4276,0.8015,714.21
R_1dFu7LeBJE3Wd6p,65,1654.82,25.46,80.0,7.0,173.0,5.97,45,5.2585,1.3055,854.49
R_1dGJJ0N03cLSnkk,1,6.99,6.99,1.0,180.0,0.0,180.0,1,-0.0,0.0,0.0
R_1dKBjc0UTA0ZiYb,53,855.1,16.13,58.0,10.0,170.0,5.48,28,4.1585,1.5711,2286.93
R_1daA74lMpRe8vI5,5,47.6,9.52,5.0,180.0,0.0,180.0,5,2.3219,0.0,87.68
R_1daE3vUDxFrSw4I,22,464.01,21.09,22.0,6.0,174.0,10.24,19,4.1524,0.9704,241.29
R_1daZ7tWSMODSGGp,3,50.95,16.98,3.0,73.0,107.0,53.5,2,0.9183,0.6451,19.99
R_1dbENh0mO7Jktjr,1,5.79,5.79,1.0,180.0,0.0,180.0,1,-0.0,0.0,0.0
R_1dc3X6XrF0clV3s,1,14.49,14.49,1.0,180.0,0.0,180.0,1,-0.0,0.0,0.0
R_1di9Sd5sV58LBt2,15,750.91,50.06,17.0,10.0,170.0,24.29,9,2.7396,1.3105,370.54
R_1dlSByn2AyHWx7r,73,2584.64,35.41,76.0,4.0,176.0,5.68,51,5.4896,1.5767,1840.33
R_1dnt2vJuBD1A90P,30,457.43,15.25,30.0,13.0,167.0,20.88,20,4.1484,1.379,782.08
R_1dpjyNliPgQ1lKK,22,520.7,23.67,22.0,2.0,178.0,22.25,10,2.8955,3.1526,39.21
R_1dppjLIFEdj7Kq5,55,1548.82,28.16,59.0,7.0,173.0,4.44,41,5.0248,0.7076,2461.26
R_1dpqMNgAnhRiLQZ,25,190.57,7.62,28.0,34.0,146.0,24.33,19,4.1337,0.4747,60.61
R_1drSsuQ7GIFdz5Z,18,468.21,26.01,19.0,6.0,174.0,17.4,13,3.5724,9.5168,502.86
R_1ds30eciekBXDER,60,1339.58,22.33,68.0,1.0,179.0,4.84,40,4.9811,1.522,1821.01
R_1dskEAgtGDCt6s5,5,190.89,38.18,6.0,6.0,174.0,87.0,5,2.3219,0.1507,626.99
R_1dt2pwnEJkg5a7A,18,1199.99,66.67,21.0,55.0,125.0,31.25,11,3.3502,149.1865,255.73000000000002
R_1dtMYWgfWdjy9cY,6,88.77,14.79,6.0,83.0,97.0,48.5,5,2.2516,1.1151,41.61
R_1dvtjhAKJGVZLoc,24,514.43,21.43,24.0,16.0,164.0,41.0,18,4.085,1.0256,559.97
R_1dyFQKx9yg2YTmC,4,177.87,44.47,4.0,167.0,13.0,13.0,4,2.0,0.0,0.0
R_1dyqbVnXomwItTl,81,1481.63,18.29,85.0,5.0,175.0,5.65,55,5.4996,1.1456,1059.39
R_1eDabE58dk65Lyy,13,145.2,11.17,13.0,7.0,173.0,43.25,3,0.9913,1.2043,0.0
R_1eEsLZ6SYLsIG0s,18,416.67,23.15,18.0,6.0,174.0,13.38,13,3.5305,0.9951,896.97
R_1eFOnpA8C2KGexR,35,1219.73,34.85,36.0,23.0,157.0,14.27,29,4.629,22.4744,1155.59
R_1eFv0mPpH4dM2mG,29,386.1,13.31,29.0,10.0,170.0,7.39,12,2.847,0.9006,1806.08
R_1eK2urpNgyTmOuU,9,296.99,33.0,9.0,134.0,46.0,9.2,9,3.1699,0.0,7.23
R_1eK6FkpZCI7P6zo,6,149.03,24.84,7.0,33.0,147.0,49.0,5,2.2516,10.5707,182.91
R_1eK7QgmUExJQ7Dh,2,29.98,14.99,2.0,180.0,0.0,180.0,2,1.0,0.0,0.0
R_1eKaRU9VDx0Cf3s,9,142.47,15.83,9.0,7.0,173.0,43.25,6,2.281,1.2078,0.0
R_1eLARPfQt7BNOE7,29,489.07,16.86,30.0,12.0,168.0,28.0,27,4.72,0.7326,243.86
R_1eOAA9WI8uZjYbx,18,704.09,39.12,18.0,31.0,149.0,13.55,17,4.0588,2.3718,486.84
R_1ePFtJLT63QEZUA,20,366.07,18.3,21.0,25.0,155.0,9.69,18,4.1219,0.9708,487.57
R_1ePQwiSF1D69tzb,19,592.36,31.18,21.0,19.0,161.0,20.12,9,2.7926,1.0288,652.61
R_1eQ310Uea5DrogF,12,565.98,47.16,12.0,4.0,176.0,22.0,8,2.9183,2.6325,108.77000000000001
R_1eQnJj8K1vtPl5u,3,238.94,79.65,6.0,59.0,121.0,60.5,2,0.9183,0.4398,369.95
R_1eQqFeBM4MatSbX,18,319.69,17.76,18.0,10.0,170.0,18.89,14,3.6416,1.7942,663.3
R_1eRF02QL0cAkzuK,14,468.69,33.48,14.0,15.0,165.0,33.0,11,3.2359,0.1931,12.31
R_1eWdieBjoYJXAYv,34,619.99,18.24,36.0,3.0,177.0,7.38,23,4.2166,0.6849,1381.34
R_1eWqoB1QIjLQTs2,6,201.72,33.62,6.0,13.0,167.0,83.5,3,1.2516,24.2466,723.65
R_1eXcCdLEuOijpZN,26,631.06,24.27,26.0,5.0,175.0,10.94,24,4.5466,0.8339,1069.9
R_1eY3IFJxdbNlGKz,5,192.19,38.44,5.0,56.0,124.0,62.0,5,2.3219,1.9825,684.22
R_1erhO8tofEyVnjc,7,116.02,16.57,8.0,28.0,152.0,76.0,6,2.5216,0.3973,0.0
R_1es0ZAh99KXD78e,13,687.37,52.87,13.0,24.0,156.0,26.0,11,3.3927,0.9746,511.09999999999997
R_1esG9Jlh9NISLaO,21,316.86,15.09,21.0,15.0,165.0,16.5,15,3.649,0.6369,555.05
R_1esZtPsHuOA5LXM,3,77.28,25.76,3.0,180.0,0.0,180.0,3,1.585,0.0,146.49
R_1escXXhyvAgsBYq,74,1239.02,16.74,80.0,16.0,164.0,6.31,34,3.8596,1.2935,2063.54
R_1et68OMwPsnfEX9,19,312.15,16.43,20.0,15.0,165.0,20.62,15,3.8269,0.3049,447.34999999999997
R_1ewN7JPVQlVBeKw,30,717.99,23.93,30.0,4.0,176.0,10.35,25,4.5069,0.5103,489.74
R_1ewSs1s8XEonRw7,24,675.23,28.13,24.0,17.0,163.0,27.17,16,3.7364,0.5188,606.0
R_1ewXi7AGxIOjtC1,3,17.08,5.69,3.0,66.0,114.0,114.0,2,0.9183,0.5598,5.47
R_1exXWjxYQMfIn3X,4,52.25,13.06,4.0,54.0,126.0,63.0,4,2.0,0.8701,40.8
R_1exepO2lYqHFR9q,107,2783.3,26.01,114.0,9.0,171.0,5.9,58,5.2466,0.9239,3322.98
R_1ez4JQNwmuGXkQX,26,402.88,15.5,26.0,9.0,171.0,13.15,18,3.7908,0.3308,260.03999999999996
R_1ezavRhXbeNQUT1,18,815.76,45.32,18.0,14.0,166.0,12.77,9,2.6144,8.8332,188.25
R_1f0BheVrUHXS92R,40,581.08,14.53,40.0,7.0,173.0,10.18,18,3.4068,0.7577,923.44
R_1f1Myjt3mEazBt1,12,339.03,28.25,12.0,14.0,166.0,55.33,10,3.2516,0.0961,616.52
R_1f1PzEZw8H2N4zm,23,526.46,22.89,23.0,65.0,115.0,7.67,10,2.7286,0.1237,406.93
R_1f1SLKwUDjWMgAL,98,1796.15,18.33,102.0,1.0,179.0,4.47,52,5.072,0.6231,1223.22
R_1f1b2XV62MRdXjw,16,276.53,17.28,16.0,9.0,171.0,14.25,12,3.5,0.7858,490.35
R_1f3LFOK55u1EHpB,19,245.46,12.92,19.0,1.0,179.0,16.27,9,2.8603,0.337,498.7
R_1f3ircaL7arnTwY,3,55.5,18.5,3.0,180.0,0.0,180.0,2,0.9183,0.0,99.99
R_1f7plMa073k542e,2,18.48,9.24,2.0,1.0,179.0,179.0,2,1.0,0.6815,0.0
R_1f88A1YFQZhtSi8,17,789.83,46.46,17.0,94.0,86.0,7.82,13,3.5725,0.0,870.7
R_1f8djFeX49OmFTe,16,612.81,38.3,17.0,4.0,176.0,22.0,12,3.375,26.8803,911.45
R_1f8yxdZsr1sGMzz,38,798.57,21.02,59.0,3.0,177.0,7.08,29,4.5203,3.1636,1196.09
R_1fZu6G1cmcRQS66,58,1234.68,21.29,58.0,1.0,179.0,4.97,35,4.8317,1.2043,2485.06
R_1fdU4zXyYB0wfPs,26,373.69,14.37,26.0,30.0,150.0,7.5,21,4.2578,0.1545,299.7
R_1feijJrorGlQcf8,10,364.31,36.43,10.0,34.0,146.0,24.33,9,3.1219,0.0596,170.07
R_1fgdpQZVwvCODNQ,22,360.73,16.4,23.0,5.0,175.0,12.5,10,3.1135,1.8805,579.81
R_1fk15T90bcbmdPj,11,255.29,23.21,11.0,18.0,162.0,32.4,10,3.2776,0.5379,249.10000000000002
R_1flTEAfZ0m6il4S,13,408.49,31.42,13.0,169.0,11.0,3.67,13,3.7004,0.0,382.97
R_1flwKLMqaye34Pb,27,832.9,30.85,41.0,6.0,174.0,14.5,17,3.7028,0.9766,1057.96
R_1g0gCzG1DmCEKob,21,579.59,27.6,21.0,15.0,165.0,13.75,11,3.0962,0.6314,628.03
R_1g1ETJCIHel9KJl,13,231.1,17.78,13.0,75.0,105.0,17.5,12,3.5466,0.1378,327.06
R_1g1LuqDCZMfkMUl,112,1766.27,15.77,115.0,5.0,175.0,3.57,69,5.7465,2.2811,2612.17
R_1g1hICnzAO1Z46y,12,282.79,23.57,12.0,1.0,179.0,19.89,6,1.9473,0.3791,365.14
R_1g1rV2pCaPER2B3,1,105.45,105.45,1.0,180.0,0.0,180.0,1,-0.0,0.0,0.0
R_1g6IilzUPP9npt5,31,454.34,14.66,31.0,2.0,178.0,7.42,16,3.3355,1.117,927.41
R_1gBFjjzA3U3mmXf,13,388.0,29.85,13.0,15.0,165.0,33.0,13,3.7004,4.1664,514.19
R_1gBYlosm86Ft85m,2,30.2,15.1,2.0,178.0,2.0,2.0,2,1.0,0.0,58.879999999999995
R_1gG5xibh48txT6f,44,827.29,18.8,45.0,11.0,169.0,7.35,31,4.7044,1.2614,1833.36
R_1gIWs2DmzyxwvCs,19,741.4,39.02,20.0,13.0,167.0,11.13,15,3.7871,0.1125,324.83
R_1gLN6X8yWeRB4qo,17,286.87,16.87,17.0,20.0,160.0,32.0,8,2.6157,1.7025,853.9399999999999
R_1gNnwhhp9aWd28o,5,102.66,20.53,5.0,100.0,80.0,26.67,4,1.9219,0.0,0.0
R_1gO6r9C8The1dP4,31,666.02,21.48,31.0,16.0,164.0,9.65,18,3.687,0.643,932.59
R_1gOW8sB3B8SIZSx,2,94.99,47.49,2.0,118.0,62.0,62.0,2,1.0,0.0,0.0
R_1gOX88nojaBXOt2,29,834.14,28.76,29.0,9.0,171.0,12.21,18,3.9952,0.6816,546.3299999999999
R_1gOpQc11VMx5hm4,30,727.34,24.24,31.0,6.0,174.0,14.5,23,4.4151,5.8864,885.59
R_1gOvSHnmB0FOZ67,3,79.98,26.66,3.0,28.0,152.0,76.0,3,1.585,7.8966,78.99000000000001
R_1gRWk2lFzQuy1iG,2,28.91,14.46,2.0,180.0,0.0,180.0,2,1.0,0.0,643.5500000000001
R_1gSeKWi6I0848rp,8,218.91,27.36,8.0,37.0,143.0,35.75,6,2.5,5.8624,289.4
R_1gTQqpDTAFyI1fr,3,75.88,25.29,4.0,164.0,16.0,16.0,3,1.585,0.0,0.0
R_1gTknoJRTcRkQ8E,16,334.26,20.89,16.0,7.0,173.0,24.71,13,3.625,2.7406,427.76
R_1gTncWbI4hULAit,73,1109.13,15.19,76.0,4.0,176.0,7.04,36,4.7069,1.2728,1754.82
R_1gU6N4NRSwc9ONd,87,802.08,9.22,91.0,1.0,179.0,7.16,50,5.2715,1.7813,1096.52
R_1gbgvUaYtbFddFK,25,455.36,18.21,26.0,9.0,171.0,15.55,19,3.9435,3.4343,959.87
R_1gbujWie5NgbJfl,8,155.59,19.45,8.0,118.0,62.0,20.67,8,3.0,0.0,129.55
R_1gcjLDupoNGevzx,3,17.78,5.93,3.0,89.0,91.0,45.5,3,1.585,0.6478,59.99
R_1gcmv3lhX8iJEQb,17,503.0,29.59,17.0,21.0,159.0,19.88,14,3.6901,0.1176,753.25
R_1gdTIj7eno4TAT1,5,49.64,9.93,5.0,180.0,0.0,180.0,3,1.371,0.0,163.05
R_1gdxq5ThtPhD06I,29,424.43,14.64,36.0,31.0,149.0,12.42,15,3.5505,0.7488,131.12
R_1geFu1kcfEuAtA7,1,55.85,55.85,1.0,180.0,0.0,180.0,1,-0.0,0.0,0.0
R_1giQnGxDawzsP9r,13,153.04,11.77,13.0,13.0,167.0,41.75,10,3.1808,3.2171,39.95
R_1gj3DI7AIUc3Mbh,51,1196.0,23.45,61.0,1.0,179.0,4.59,36,4.7157,0.59,1147.76
R_1gjdRVy7DXPMldc,35,1532.78,43.79,38.0,7.0,173.0,9.11,21,4.1614,0.695,1072.76
R_1goJ6zF6rfYW1KP,23,691.04,30.05,29.0,19.0,161.0,14.64,16,3.7951,0.2435,825.62
R_1goTlJ0ZwK7QlFQ,17,208.34,12.26,17.0,22.0,158.0,31.6,11,3.2639,0.9205,183.18
R_1goV1AJmLMRsVRE,23,208.8,9.08,25.0,1.0,179.0,35.8,11,3.0125,1.509,156.8
R_1goVjnpaUSfjnbG,10,233.37,23.34,10.0,25.0,155.0,31.0,9,3.1219,0.5798,0.0
R_1goxqGOB6iLVvwU,5,94.77,18.95,5.0,18.0,162.0,81.0,4,1.9219,2.094,92.75999999999999
R_1gq1l7L7YXNcp13,59,1155.95,19.59,65.0,16.0,164.0,5.47,31,4.5338,1.3388,2050.93
R_1gqAXVltdPpx2Bj,7,184.35,26.34,7.0,4.0,176.0,58.67,6,2.5216,1.5906,689.79
R_1gqLyTkPG1T3QKA,276,3215.91,11.65,297.0,1.0,179.0,5.26,110,5.9787,0.6694,1154.65
R_1gqiVdGSNtyWfir,11,160.25,14.57,11.0,1.0,179.0,25.57,10,3.2776,0.9924,411.32
R_1guTDMu0slPAhej,3,35.94,11.98,3.0,71.0,109.0,109.0,3,1.585,2.5976,165.41
R_1guulK16oNMq24j,10,237.4,23.74,11.0,95.0,85.0,12.14,8,2.9219,0.0,0.0
R_1gvFbgFugRtlqwg,16,144.98,9.06,16.0,22.0,158.0,22.57,13,3.625,17.4219,65.03999999999999
R_1gvWX89vImykCyQ,34,350.8,10.32,42.0,11.0,169.0,24.14,17,3.6062,0.2019,2653.1800000000003
R_1gwL8QZGzhV0g3G,50,1212.07,24.24,50.0,12.0,168.0,7.3,32,4.6366,1.6301,873.75
R_1gzQygAjsb3mSOD,7,70.37,10.05,7.0,180.0,0.0,180.0,4,1.8424,0.0,90.99
R_1hAQ7owdNUWkzQd,32,1190.87,37.21,32.0,1.0,179.0,12.79,5,1.8903,1.3136,235.44
R_1hAVS3ZdQl1yptv,27,433.79,16.07,27.0,17.0,163.0,8.15,12,3.1708,0.589,212.57999999999998
R_1hDMq8QpT7SU4R3,3,207.81,69.27,3.0,86.0,94.0,94.0,3,1.585,4.4687,0.0
R_1hEWpYpOtz5HjLJ,31,532.55,17.18,32.0,7.0,173.0,10.81,23,4.1912,3.1563,1030.16
R_1hEjpnZ3LX7e07K,18,672.86,37.38,18.0,31.0,149.0,16.56,17,4.0588,0.6957,604.9
R_1hFMTehZQIAcBvZ,40,684.99,17.12,46.0,3.0,177.0,11.06,23,4.1751,1.109,292.5
R_1hJWB4rlc8B2yCi,33,985.76,29.87,35.0,8.0,172.0,9.56,14,3.2419,0.6841,826.53
R_1hK1vuBfyfw5EGJ,65,1090.03,16.77,65.0,6.0,174.0,6.0,35,4.618,0.6448,1299.04
R_1hLPyY3aamfi3xT,77,1771.04,23.0,80.0,8.0,172.0,3.51,50,5.3124,1.0398,1710.99
R_1hLuhNOCjRZOPoe,18,151.87,8.44,19.0,11.0,169.0,18.78,13,3.4138,0.3318,388.42
R_1hM4zTeS8PBpbvb,257,1553.09,6.04,287.0,25.0,155.0,6.74,67,5.0556,1.0184,293.84000000000003
R_1hM9pt4qllIzGbl,26,727.09,27.96,26.0,2.0,178.0,13.69,19,4.1329,0.1754,648.49
R_1hMV4AHCk04WO5V,79,2044.22,25.88,106.0,1.0,179.0,4.47,41,4.9006,1.548,1947.14
R_1hMtgyDCtBWFPX4,87,520.45,5.98,111.0,14.0,166.0,9.76,38,4.5988,0.7874,889.08
R_1hR9j74rTpO8hbI,3,87.45,29.15,3.0,24.0,156.0,156.0,3,1.585,1.6572,131.45
R_1hRPPtGYokPL3IK,3,44.93,14.98,3.0,160.0,20.0,10.0,2,0.9183,0.0,1383.24
R_1hSy03tFnfe480c,4,61.67,15.42,4.0,180.0,0.0,180.0,3,1.5,0.0,0.0
R_1hT2aJkf3L95zWl,10,113.0,11.3,10.0,40.0,140.0,28.0,8,2.9219,0.1294,263.15
R_1hVXOHhrUPDIoxW,153,3179.77,20.78,178.0,2.0,178.0,5.39,78,5.6665,0.6155,1727.92
R_1hy7k18o81Hiy9y,2,60.93,30.46,2.0,179.0,1.0,1.0,2,1.0,0.0,0.0
R_1hyGhuYSTYCejtk,9,357.02,39.67,9.0,29.0,151.0,75.5,6,2.281,4.9543,43.98
R_1i2QZkwVzyMHerI,4,79.94,19.98,4.0,6.0,174.0,58.0,3,1.5,1.0503,45.98
R_1i3QXMAa54UxSLA,188,3679.23,19.57,194.0,6.0,174.0,2.6,65,5.0057,0.814,1164.99
R_1i3WVbGWjxEcUQR,9,197.63,21.96,10.0,3.0,177.0,44.25,5,2.1972,6.3633,391.72
R_1i7Zoa74FWb4o89,15,351.11,23.41,15.0,30.0,150.0,15.0,14,3.7736,0.4811,906.6800000000001
R_1i83AJpfSwgHIZy,3,26.97,8.99,3.0,40.0,140.0,70.0,3,1.585,2.8584,1188.01
R_1i8uPeiHVhFcQB8,30,356.84,11.89,31.0,12.0,168.0,12.0,22,4.3232,1.3729,406.64
R_1i9ThcjqrGB9lJe,10,100.31,10.03,10.0,19.0,161.0,32.2,6,2.4464,3.1144,188.73
R_1ialJAQMSU9KEQG,1,9.99,9.99,1.0,180.0,0.0,180.0,1,-0.0,0.0,0.0
R_1iaosPVeRcMmmKi,3,78.13,26.04,3.0,100.0,80.0,40.0,3,1.585,0.0,343.55
R_1iaq7FI2JEgb6pO,5,52.18,10.44,5.0,36.0,144.0,72.0,5,2.3219,0.2983,0.0
R_1ifeyygtqm44laj,4,98.49,24.62,5.0,29.0,151.0,151.0,3,1.5,0.4376,0.0
R_1ig4LC2I0cwMCHk,38,933.78,24.57,39.0,3.0,177.0,7.7,25,4.3462,1.057,830.13
R_1igRFf1oVddAaGI,7,100.53,14.36,7.0,120.0,60.0,12.0,6,2.5216,0.0,243.79
R_1ik8stGviOCACC4,3,56.88,18.96,3.0,29.0,151.0,75.5,3,1.585,4.6937,21.5
R_1ikRVsVdVf29YNF,6,93.85,15.64,6.0,3.0,177.0,59.0,6,2.585,0.4035,0.0
R_1ikdkAXchDqOVwQ,12,277.57,23.13,12.0,133.0,47.0,11.75,10,3.2516,0.0,42.53
R_1imVDqpJwwARcp6,14,349.65,24.97,14.0,126.0,54.0,27.0,9,2.6995,0.0,0.0
R_1iqcSXu4qkF2xNw,23,714.97,31.09,24.0,26.0,154.0,19.25,16,3.7251,0.3716,1015.3399999999999
R_1j6t5KhjtwDhdKa,37,1172.62,31.69,42.0,11.0,169.0,6.5,15,3.5643,0.4437,868.61
R_1j8PHkCGCk2FOfq,6,264.92,44.15,6.0,19.0,161.0,53.67,4,1.7925,0.2557,30.23
R_1j94mEhxc5e1XDh,2,50.4,25.2,5.0,180.0,0.0,180.0,1,-0.0,0.0,436.71
R_1jARg5bGH5uqAKW,82,2465.87,30.07,84.0,5.0,175.0,3.65,49,5.3758,1.2861,2887.39
R_1jBvTaC81QY55pk,1,17.25,17.25,1.0,180.0,0.0,180.0,1,-0.0,0.0,0.0
R_1jImmHuCDaof0wB,8,130.29,16.29,8.0,79.0,101.0,20.2,6,2.4056,0.2563,184.17
R_1jJ7zL5b1XvIXY9,11,167.67,15.24,11.0,13.0,167.0,20.88,7,2.5503,1.0621,33.46
R_1jJTeJRVJse2Srk,7,35.02,5.0,7.0,160.0,20.0,20.0,1,-0.0,0.0,174.23
R_1jJn0A4AdcU2Cg7,10,128.83,12.88,11.0,23.0,157.0,52.33,5,1.771,26.1221,2785.01
R_1jK8fpyD6WOq8aI,6,66.95,11.16,6.0,44.0,136.0,68.0,4,1.7925,0.119,5.42
R_1jNXwv23Py7NoXB,10,195.38,19.54,12.0,12.0,168.0,28.0,8,2.9219,0.5334,322.17
R_1jO4s7oht3pyKEc,27,806.35,29.86,30.0,19.0,161.0,20.12,23,4.4306,1.8117,107.89
R_1jOkQwuwP2tGtx3,165,4045.26,24.52,187.0,4.0,176.0,3.45,87,5.7583,1.6404,2561.09
R_1jQdjjPKdhGdN26,10,131.77,13.18,11.0,16.0,164.0,54.67,7,2.5219,0.1328,9.99
R_1jUkyJVRdxgQkcJ,53,904.62,17.07,53.0,1.0,179.0,5.77,36,4.8643,0.3822,1274.3
R_1jUqdfR1Zz6mZMf,41,698.49,17.04,41.0,15.0,165.0,10.31,31,4.8026,0.7316,1246.71
R_1jYOsGh5TQW4Hsg,34,870.6,25.61,34.0,1.0,179.0,12.79,20,3.9842,0.4805,409.97
R_1jYW2D7olhp9W04,10,146.37,14.64,14.0,1.0,179.0,25.57,9,3.1219,3.3177,23.189999999999998
R_1jZkLNE1JdtyVpH,100,3940.98,39.41,119.0,1.0,179.0,4.59,37,4.7668,0.6038,3772.7999999999997
R_1ja0Vjb9ou6O0ul,25,497.46,19.9,26.0,6.0,174.0,34.8,14,3.4751,0.5248,143.32
R_1jcXRruIUSWWOb8,38,1652.18,43.48,38.0,1.0,179.0,9.94,12,2.9237,2.0993,2585.48
R_1jd0U0OjvEcZEcw,21,402.02,19.14,28.0,53.0,127.0,14.11,14,3.4585,0.3968,185.38
R_1jdLI5cWhAhAzSB,32,799.25,24.98,33.0,16.0,164.0,7.81,28,4.7028,1.1105,1450.3600000000001
R_1jdl7Yvsf9U7zKv,22,394.68,17.94,22.0,31.0,149.0,24.83,14,3.6978,0.4402,1464.56
R_1jebmENodGAJmzu,17,288.83,16.99,17.0,106.0,74.0,18.5,16,3.9698,0.0,639.27
R_1jfZY8E8Tu15CYY,1,155.64,155.64,1.0,180.0,0.0,180.0,1,-0.0,0.0,0.0
R_1jiXLH45lNweI9J,8,415.49,51.94,8.0,5.0,175.0,29.17,6,2.5,2.6877,544.28
R_1jizuM2MEMPZJU2,44,1357.03,30.84,50.0,4.0,176.0,7.04,32,4.8171,1.7637,1679.76
R_1jjPPOneRJdORrP,38,672.83,17.71,40.0,2.0,178.0,7.42,26,4.4687,0.5725,1035.48
R_1jk4bECcJYnwJ5x,6,162.2,27.03,6.0,101.0,79.0,26.33,4,1.7925,0.0,0.0
R_1jkUoMkIWYawY3v,15,233.15,15.54,16.0,69.0,111.0,18.5,9,2.9232,0.4579,1076.51
R_1joYJwAIb83oGBr,45,651.59,14.48,47.0,4.0,176.0,22.0,30,4.5939,1.3114,252.53
R_1jp1s9LC8U98QIR,20,323.69,16.18,21.0,17.0,163.0,16.3,17,3.9842,0.4641,499.91
R_1jpwyGaJv0ugsUf,12,232.07,19.34,12.0,41.0,139.0,139.0,9,3.0221,2.5902,0.0
R_1jqSPuZYWmB1gv6,5,72.52,14.5,5.0,26.0,154.0,38.5,5,2.3219,0.7291,7.98
R_1jqfjkbFjznk23R,87,2146.0,24.67,96.0,18.0,162.0,5.59,59,5.5893,0.3001,1037.7
R_1jrFqjJw9tz8yFW,33,474.8,14.39,33.0,6.0,174.0,13.38,20,3.6196,3.5977,166.5
R_1jrX9pmBJE4R3hF,9,175.59,19.51,11.0,11.0,169.0,33.8,7,2.6416,1.2633,223.66
R_1juAU46vkXUPxNs,5,75.91,15.18,5.0,45.0,135.0,33.75,4,1.9219,0.4115,274.71999999999997
R_1jvbQxV30XN8Ez0,9,117.21,13.02,9.0,15.0,165.0,27.5,5,2.1972,12.1845,79.93
R_1jxgzw29aqAAA49,18,916.21,50.9,57.0,8.0,172.0,19.11,16,3.9058,2.0183,990.62
R_1jxnSExkmLQ7kCE,15,1055.61,70.37,15.0,6.0,174.0,14.5,3,0.9056,0.4953,101.0
R_1jxrONSgbKndqJj,20,445.66,22.28,20.0,2.0,178.0,14.83,15,3.8219,3.6302,862.97
R_1jy9KfiKtvt9p6B,6,38.43,6.41,6.0,159.0,21.0,10.5,5,2.2516,0.0,54.19
R_1k0Q9IrJcX82jAz,57,1135.02,19.91,58.0,18.0,162.0,8.53,36,4.6948,0.3384,1022.9
R_1k0jNifwb1pjiE2,21,561.64,26.74,22.0,9.0,171.0,11.4,12,2.9385,0.5708,1102.72
R_1k1zPs6FKsqm1Ib,39,768.6,19.71,39.0,24.0,156.0,8.21,21,3.8485,1.4002,989.71
R_1kFTMrVOWJRG0PT,7,82.88,11.84,7.0,17.0,163.0,40.75,5,2.1281,0.8053,303.76
R_1kH84aqSUa33wik,17,462.56,27.21,17.0,15.0,165.0,18.33,13,3.4992,8.4496,807.29
R_1kHaryvxj1p3mTz,6,124.61,20.77,6.0,2.0,178.0,35.6,5,2.2516,1.5052,351.72
R_1kIbViWVBImEaHV,20,407.89,20.39,21.0,82.0,98.0,8.91,8,2.8037,0.6075,921.83
R_1kLdd31W284Angd,15,255.55,17.04,15.0,72.0,108.0,15.43,11,3.3232,0.0712,432.4
R_1kLeoSC7LizCbAS,8,121.35,15.17,8.0,75.0,105.0,52.5,5,2.1556,0.1614,0.0
R_1kLjiXMgVYmMlnt,8,138.07,17.26,8.0,155.0,25.0,25.0,8,3.0,0.0,0.0
R_1kMSPTD9ssCD0Qg,6,146.44,24.41,7.0,41.0,139.0,34.75,5,2.2516,1.1873,450.78999999999996
R_1kNwFGBAUSrxQP0,34,705.5,20.75,41.0,15.0,165.0,10.31,26,4.5136,0.9265,526.94
R_1kOBxcLVwsZHQ2N,12,312.32,26.03,12.0,16.0,164.0,54.67,9,3.0221,1.2643,441.63
R_1kSaHSB3r65fbKE,2,32.98,16.49,2.0,180.0,0.0,180.0,2,1.0,0.0,77.99
R_1kTGdXdVuqkznN1,4,195.41,48.85,4.0,87.0,93.0,46.5,3,1.5,0.2181,25.0
R_1kUKEv9Ixx51PVV,5,82.95,16.59,5.0,68.0,112.0,56.0,5,2.3219,1.4411,254.75
R_1kYqGRa5BwQ88E6,1,49.99,49.99,1.0,180.0,0.0,180.0,1,-0.0,0.0,0.0
R_1kYuVPgjXmEfSf8,87,1555.3,17.88,107.0,31.0,149.0,7.1,51,5.2727,0.2487,1138.12
R_1l4B7ylbckFqoCd,9,100.2,11.13,9.0,32.0,148.0,148.0,9,3.1699,0.5307,38.92999999999999
R_1l4zCtGUTvAWdS6,50,1128.64,22.57,55.0,7.0,173.0,7.52,33,4.7235,0.6785,1226.03
R_1l5XwZ4YjHH4eUg,1,29.58,29.58,2.0,180.0,0.0,180.0,1,-0.0,0.0,0.0
R_1l60ZBMh06nGSyP,6,382.1,63.68,6.0,21.0,159.0,39.75,6,2.585,0.181,829.88
R_1l6OglubZSTYfi3,19,404.35,21.28,19.0,5.0,175.0,19.44,17,4.0374,0.8776,909.66
R_1l6oxKA9uiM9GUo,2,79.52,39.76,2.0,26.0,154.0,154.0,2,1.0,0.1368,195.48
R_1l9N0JIJWZwxHSz,8,125.8,15.73,8.0,180.0,0.0,180.0,2,0.5436,0.0,160.99
R_1lAIBWf5Qsww7eT,29,468.09,16.14,29.0,9.0,171.0,10.06,15,3.4084,0.7276,708.16
R_1latJ8919AnBtf0,4,68.44,17.11,4.0,180.0,0.0,180.0,4,2.0,0.0,0.0
R_1lc5VhuuiYk1fRi,26,679.49,26.13,27.0,4.0,176.0,13.54,23,4.4406,1.0479,1170.94
R_1lcXq4p4fbbQqUl,3,38.89,12.96,3.0,22.0,158.0,79.0,3,1.585,12.0067,197.59
R_1lfNYOmsEIqOn65,35,663.53,18.96,41.0,9.0,171.0,9.0,24,4.3329,0.5171,928.04
R_1lgHUtzxBe9APYk,7,289.54,41.36,7.0,72.0,108.0,27.0,4,1.8424,0.0546,82.8
R_1lgUY99cBP0idWY,35,1224.67,34.99,36.0,1.0,179.0,11.93,8,2.0705,2.7693,3070.66
R_1lgeraQD2mZ2SDP,20,258.04,12.9,20.0,7.0,173.0,9.61,14,3.3394,0.4285,420.84999999999997
R_1lhEybvgNui8FOA,5,250.88,50.18,11.0,83.0,97.0,32.33,5,2.3219,0.566,495.1
R_1li5HiNnFHiD7yw,1,22.94,22.94,1.0,180.0,0.0,180.0,1,-0.0,0.0,0.0
R_1llCiaJVU2UiRyk,5,60.35,12.07,9.0,32.0,148.0,37.0,3,1.371,0.3918,18.99
R_1llE6a2soYDjvyv,11,150.65,13.7,12.0,5.0,175.0,19.44,10,3.2776,1.7351,762.7
R_1lmD7TvexZgvJfk,2,62.3,31.15,2.0,180.0,0.0,180.0,2,1.0,0.0,143.91
R_1lnsHboKUuTZZIO,23,328.0,14.26,25.0,5.0,175.0,21.88,17,3.8449,3.7039,539.73
R_1lo5uRr9KHuBy90,110,2281.98,20.75,132.0,5.0,175.0,5.47,68,5.4429,0.8323,2557.83
R_1lp1fif64G1hlWf,12,578.5,48.21,13.0,3.0,177.0,29.5,11,3.4183,0.6035,693.5
R_1lsP2wqcavnlqNP,14,458.41,32.74,20.0,30.0,150.0,37.5,8,2.8424,1.5197,156.54999999999998
R_1lsgykNxEU4BXTI,14,239.3,17.09,27.0,65.0,115.0,23.0,10,3.0931,0.5391,571.08
R_1ltxGPdvIgeKcV3,17,398.99,23.47,18.0,19.0,161.0,14.64,9,2.8222,0.6303,1007.21
R_1luTSUbcBgaFCl6,15,183.36,12.22,15.0,22.0,158.0,13.17,7,2.1736,0.1585,167.98000000000002
R_1lxYa2W6GgcAQ19,115,1618.54,14.07,118.0,1.0,179.0,3.58,63,5.3815,1.0341,2434.56
R_1lztobDYoYyZWKF,2,20.79,10.39,2.0,176.0,4.0,4.0,1,-0.0,0.0,0.0
R_1mC1GkAuzW7JKI5,1,10.99,10.99,1.0,180.0,0.0,180.0,1,-0.0,0.0,0.0
R_1mCArFpkZ7kWlAC,14,365.05,26.07,14.0,37.0,143.0,20.43,8,2.6385,0.0798,441.6
R_1mCn0fofYHi8GE9,9,131.72,14.64,9.0,91.0,89.0,44.5,5,1.88,0.0,0.0
R_1mCoq1CQXRu1pPq,40,619.14,15.48,43.0,41.0,139.0,9.27,28,4.5653,0.1526,193.99
R_1mCx1yadrDajX5p,9,74.8,8.31,9.0,76.0,104.0,104.0,4,1.7527,1.8802,76.96
R_1mDGRWnbj1blLnE,28,579.98,20.71,28.0,7.0,173.0,10.81,23,4.3788,3.3369,236.51
R_1mDjlyYfCts4tkF,24,286.31,11.93,26.0,2.0,178.0,44.5,21,4.335,0.2908,127.9
R_1mDwYDGIlYK1ixQ,17,493.98,29.06,18.0,1.0,179.0,22.38,9,2.9842,3.6123,102.45
R_1mEi3MqeroX89Wl,3,79.68,26.56,3.0,148.0,32.0,16.0,2,0.9183,0.0,10.97
R_1mEl7bQFxeR8t4T,1,14.95,14.95,1.0,180.0,0.0,180.0,1,-0.0,0.0,261.64
R_1mEmb9jWLRYCU4e,109,2810.35,25.78,123.0,1.0,179.0,3.38,72,5.8123,2.1119,3489.85
R_1mI2VIesV2bWn6N,11,193.91,17.63,11.0,9.0,171.0,17.1,3,1.3093,1.4091,240.86
R_1mICX7DrNVfVtgf,12,254.31,21.19,12.0,53.0,127.0,18.14,10,3.1887,1.6226,25.0
R_1mKnaXjPjypgoAA,8,100.32,12.54,10.0,14.0,166.0,41.5,5,2.25,5.2897,284.08000000000004
R_1mORsCmVhA1gSC0,20,472.84,23.64,20.0,17.0,163.0,18.11,14,3.6219,0.8722,577.73
R_1mOvgrdXye7PU81,13,958.81,73.75,20.0,27.0,153.0,21.86,10,3.1808,0.1741,583.6
R_1mQQFMBJoXxk4Zw,5,57.38,11.48,5.0,110.0,70.0,70.0,5,2.3219,0.0,0.0
R_1mQUNdA7gRaxdUg,13,192.06,14.77,15.0,2.0,178.0,25.43,6,2.1997,0.2514,101.24000000000001
R_1mQrQ5EFGvbBRLb,70,1191.0,17.01,74.0,4.0,176.0,5.87,45,5.1704,0.8835,2673.52
R_1mUW1hZcQUZI5jt,14,221.65,15.83,16.0,28.0,152.0,38.0,11,3.3788,2.3296,259.71
R_1me0lzzGKNICzOj,51,918.92,18.02,53.0,9.0,171.0,8.14,31,4.672,1.1295,2359.26
R_1meEApGTqRnvC4S,42,825.35,19.65,43.0,2.0,178.0,6.36,27,4.4813,1.3471,958.69
R_1meX9dBVU2swMtm,15,916.53,61.1,17.0,106.0,74.0,9.25,13,3.5899,0.0,945.9200000000001
R_1mebUZZHsgPDgzX,22,322.93,14.68,27.0,33.0,147.0,21.0,19,4.1524,1.3486,477.66
R_1mf98AYyqqPtPn7,9,215.57,23.95,9.0,57.0,123.0,30.75,9,3.1699,0.4974,257.56
R_1mfQPUpLqG4GsHt,16,315.29,19.71,17.0,12.0,168.0,16.8,12,3.375,0.3501,249.77
R_1mfuT6auftGhLUH,31,277.69,8.96,31.0,2.0,178.0,59.33,23,4.3736,0.6044,75.55
R_1mjVHaKO1NUsecO,1,11.56,11.56,1.0,180.0,0.0,180.0,1,-0.0,0.0,288.13
R_1mkC8WSOkIEioTC,3,49.36,16.45,3.0,77.0,103.0,51.5,3,1.585,0.2537,198.94
R_1mkjLIewa5Obhi4,1,34.0,34.0,1.0,180.0,0.0,180.0,1,-0.0,0.0,11.99
R_1mmfHbDmV4kYB0s,8,165.98,20.75,9.0,78.0,102.0,20.4,8,3.0,0.1661,78.72
R_1mqJlKX7N1NOaMS,60,843.91,14.07,62.0,7.0,173.0,5.97,33,4.6488,1.3108,1015.42
R_1mqSHLVL1TXQE6T,4,67.97,16.99,4.0,9.0,171.0,57.0,2,0.8113,0.4312,207.96
R_1mrt1zJj92qJsQN,2,39.94,19.97,2.0,136.0,44.0,44.0,2,1.0,0.0,143.75
R_1msVUYm2myweAcp,13,450.96,34.69,13.0,22.0,158.0,15.8,4,1.7272,0.3422,110.9
R_1msYd9aPVkQcY8T,10,158.75,15.88,10.0,16.0,164.0,23.43,5,1.961,3.7587,166.53
R_1msgjdqXJyBL8uJ,3,26.37,8.79,3.0,24.0,156.0,156.0,3,1.585,3.5387,663.12
R_1mt1xnQvlBNBWSY,7,188.24,26.89,7.0,29.0,151.0,30.2,6,2.5216,1.0208,324.27
R_1mwMGZGvmcaA4pd,12,167.45,13.95,12.0,3.0,177.0,22.12,10,3.2516,1.4618,186.03
R_1mxX9jjBSLwxiDU,17,143.17,8.42,17.0,9.0,171.0,19.0,6,1.8981,0.3725,275.48
R_1myeUpVwl79jE6X,18,270.87,15.05,18.0,5.0,175.0,21.88,18,4.1699,1.4794,221.54
R_1mzxeFCZSlcG18B,33,1287.96,39.03,33.0,38.0,142.0,6.17,23,4.3061,0.2263,1066.5
R_1n0dOD9WksQry1T,13,174.47,13.42,13.0,18.0,162.0,32.4,13,3.7004,0.0473,351.98
R_1n0nSAtvGuGWq79,6,116.76,19.46,6.0,5.0,175.0,35.0,5,2.2516,0.3612,43.650000000000006
R_1n1v2rlOuRZSVHe,13,221.52,17.04,13.0,14.0,166.0,15.09,10,3.2389,0.9077,195.45
R_1n2XyR9n5YE8q8W,17,620.15,36.48,20.0,23.0,157.0,19.62,11,3.2928,1.0774,811.85
R_1n6AsdImGHrq26m,10,257.84,25.78,10.0,41.0,139.0,27.8,8,2.9219,0.2073,2698.21
R_1n6GpJR7EUFnaWr,9,581.79,64.64,9.0,35.0,145.0,36.25,8,2.9477,0.1044,0.0
R_1n6oODT2QBAqqOO,17,506.59,29.8,19.0,15.0,165.0,15.0,14,3.6901,2.4045,1072.74
R_1n7TASZb65IwVOI,14,287.45,20.53,14.0,25.0,155.0,31.0,9,2.8963,0.1448,15.98
R_1n8BvyizxzPXoSE,13,605.28,46.56,13.0,44.0,136.0,15.11,13,3.7004,0.3822,332.78000000000003
R_1n8Ra4QBF4msgGV,4,43.35,10.84,4.0,14.0,166.0,166.0,4,2.0,2.2064,16.75
R_1n8h8059UUul8Dr,21,433.86,20.66,27.0,6.0,174.0,13.38,19,4.1659,0.1502,988.25
R_1n8k1q4epLdcZ6Z,6,69.02,11.5,6.0,24.0,156.0,78.0,3,1.2516,1.2344,63.17
R_1nOCRAcsi1AU77q,29,303.6,10.47,38.0,61.0,119.0,11.9,20,4.1852,0.1638,1735.24
R_1nOCbm9LVjgq65b,59,1187.43,20.13,60.0,5.0,175.0,4.86,26,3.6319,1.9612,797.95
R_1nORk4YlSycK1zx,12,259.42,21.62,14.0,26.0,154.0,25.67,9,3.0221,0.5009,25.939999999999998
R_1nSXVl0LaFfKuDi,27,489.88,18.14,27.0,1.0,179.0,10.53,18,3.8562,1.1802,301.54
R_1nSZ41dwhExEHOB,17,544.85,32.05,17.0,45.0,135.0,12.27,14,3.6901,0.8934,797.25
R_1nVqc225Z4eIuF5,3,51.99,17.33,3.0,80.0,100.0,100.0,2,0.9183,1.6716,59.99
R_1nW6XSWKs4hCzUa,86,2504.83,29.13,89.0,1.0,179.0,4.16,60,5.6427,0.7621,1913.63
R_1nZzu0Kj9WQ8P4x,20,357.85,17.89,31.0,15.0,165.0,41.25,12,3.2414,1.1326,374.77
R_1o4IsRkXnLlSU6K,105,2291.26,21.82,105.0,5.0,175.0,2.97,57,5.2064,1.3224,2489.48
R_1o4QBmClTTv8jkV,12,452.43,37.7,15.0,7.0,173.0,28.83,12,3.585,14.1062,435.69
R_1o6au5rOnBHoiU9,57,1403.72,24.63,59.0,7.0,173.0,13.31,44,5.2074,0.2943,398.02
R_1o76EOS42TBWhZ1,3,69.93,23.31,3.0,167.0,13.0,6.5,3,1.585,0.0,32.99
R_1o7MWFPepoKDkKh,15,336.13,22.41,15.0,108.0,72.0,24.0,11,3.3736,0.0,74.63
R_1o7tSCX9RpxAbC9,18,489.19,27.18,18.0,16.0,164.0,23.43,12,3.281,0.3543,190.12
R_1oAMGpojZBCuYA3,8,194.76,24.34,13.0,48.0,132.0,66.0,6,2.4056,0.0439,977.7
R_1oBAlEyCcdvHU6N,1,10.38,10.38,1.0,180.0,0.0,180.0,1,-0.0,0.0,22.36
R_1oFRyes3ggnKU4B,40,641.66,16.04,41.0,1.0,179.0,10.53,28,4.6531,0.7829,1392.24
R_1oFSDeGAQcUN2v8,49,1168.81,23.85,49.0,4.0,176.0,6.29,29,4.4282,0.9686,1323.27
R_1oGgkjm7HxJ8qBl,9,622.87,69.21,9.0,15.0,165.0,33.0,8,2.9477,4.7705,202.88000000000002
R_1oGw5Bp0BwUEDJc,8,139.04,17.38,8.0,42.0,138.0,34.5,8,3.0,0.2669,66.84
R_1oHfxbnrluT6eo4,7,83.77,11.97,7.0,85.0,95.0,31.67,7,2.8074,0.1936,0.0
R_1oHiQI5hcXpntpV,2,12.94,6.47,2.0,178.0,2.0,2.0,1,-0.0,0.0,22.47
R_1oI7uUUxS2QV8f8,101,2212.62,21.91,107.0,5.0,175.0,2.82,70,5.8215,1.2436,499.05
R_1ob8zZqeqvY3QFc,2,67.97,33.98,2.0,180.0,0.0,180.0,2,1.0,0.0,313.82
R_1obTvqaqyTDLSN2,15,248.15,16.54,15.0,43.0,137.0,15.22,11,3.2402,1.8875,133.1
R_1obsgZ53Sal9ZAu,4,72.95,18.24,4.0,150.0,30.0,15.0,4,2.0,0.0,62.400000000000006
R_1obwpb6iowh7vew,88,1053.69,11.97,89.0,3.0,177.0,5.36,48,5.0216,1.5415,1064.36
R_1ocN9papgWPG37j,31,574.15,18.52,31.0,30.0,150.0,30.0,22,4.2328,0.0616,309.49
R_1od3pz9nFmDAkiu,96,1742.49,18.15,106.0,1.0,179.0,3.25,60,5.3029,2.2823,3349.48
R_1odlzSMsCNFupb4,133,2528.46,19.01,143.0,5.0,175.0,3.37,55,4.8615,0.5813,978.0
R_1ogPEvMIjoSK6eE,1,65.95,65.95,1.0,180.0,0.0,180.0,1,-0.0,0.0,0.0
R_1oiNHhsqcjHyaxb,7,120.13,17.16,8.0,74.0,106.0,35.33,6,2.5216,0.5348,583.58
R_1ojO3nxlUuAWLyE,80,1006.85,12.59,82.0,1.0,179.0,12.79,43,4.9169,1.1062,1023.81
R_1ona5EOOGNmsNZI,3,129.97,43.32,3.0,164.0,16.0,16.0,3,1.585,0.0,40.68
R_1ooLwPR89VoxnlF,25,649.88,26.0,25.0,18.0,162.0,14.73,14,3.3134,5.9887,42.99
R_1opr0et32YrgTVb,3,37.48,12.49,3.0,1.0,179.0,179.0,3,1.585,3.9973,0.0
R_1oqo8TsBiNOQg4v,10,106.95,10.69,10.0,10.0,170.0,24.29,7,2.6464,1.4797,549.53
R_1ot2z2xc5wpqufx,37,616.78,16.67,37.0,7.0,173.0,9.11,23,4.0743,0.5587,140.17
R_1otq0g5FLSi9hVw,14,291.74,20.84,15.0,2.0,178.0,16.18,12,3.5216,0.4263,671.31
R_1ou69fj4DQGsVcp,6,26.41,4.4,6.0,151.0,29.0,7.25,5,2.2516,0.0,5.89
R_1ouMT1Wc1YZ5fWI,14,308.42,22.03,14.0,28.0,152.0,15.2,11,3.2359,1.2496,534.8
R_1ouRfsTlr2iWPge,93,2502.47,26.91,95.0,7.0,173.0,6.92,66,5.5256,0.1767,829.22
R_1ovTLgykjbQcYOB,87,2863.98,32.92,88.0,3.0,177.0,3.34,47,4.9395,2.1097,2777.94
R_1ovU2FdmDWK1ZHm,22,469.29,21.33,26.0,21.0,159.0,22.71,13,3.4429,0.2466,0.0
R_1ovW8kFNzyVw0Cx,20,517.64,25.88,21.0,1.0,179.0,19.89,15,3.5464,0.4026,761.96
R_1ovZlwoOEVQNF6w,23,709.27,30.84,23.0,54.0,126.0,10.5,14,3.5555,0.2265,281.72
R_1ovuYxa7VKAqqI6,17,221.21,13.01,17.0,4.0,176.0,17.6,11,2.9315,0.1787,251.98000000000002
R_1ow0Om61pqBADXh,12,273.35,22.78,14.0,50.0,130.0,21.67,11,3.4183,0.1048,86.92999999999999
R_1owkdABF1wNKFKI,31,407.4,13.14,31.0,8.0,172.0,9.05,16,3.4618,1.7184,371.71
R_1oz0v0ZOUMJu105,57,678.96,11.91,58.0,22.0,158.0,6.87,40,5.0413,0.6752,866.66
R_1pA325VZl0b6qNx,104,2334.43,22.45,106.0,13.0,167.0,3.04,57,5.2081,1.0468,3122.5099999999998
R_1pArVyCAH9yJD1X,27,328.45,12.16,28.0,57.0,123.0,8.79,18,3.8986,0.0145,84.94
R_1pDUHsNfwFbm6xw,67,1328.87,19.83,68.0,2.0,178.0,4.68,28,3.688,0.2885,755.83
R_1pDWbdAWjte1JTJ,51,1299.56,25.48,64.0,17.0,163.0,7.41,28,4.4345,3.8473,1174.6599999999999
R_1pEh9snKHmvLyFZ,6,50.41,8.4,6.0,39.0,141.0,70.5,4,1.7925,7.4157,92.31
R_1pFnsnm5zQGfh2E,2,74.99,37.5,2.0,180.0,0.0,180.0,2,1.0,0.0,0.0
R_1pGQGMurTlAloRf,91,1687.95,18.55,92.0,9.0,171.0,6.33,39,4.8869,0.5654,1288.5
R_1pKZVLBbrpZM8bP,71,1254.95,17.68,78.0,4.0,176.0,5.87,44,4.915,0.5598,2063.0
R_1pL4BK9laiUNvWN,4,115.85,28.96,4.0,37.0,143.0,71.5,4,2.0,0.3476,28.22
R_1pLs697IiOAJCa7,39,610.17,15.65,41.0,1.0,179.0,6.88,26,4.0798,0.669,642.27
R_1pMUQH27gPJQw04,123,1915.42,15.57,132.0,1.0,179.0,3.31,84,6.171,1.5233,3366.02
R_1pPw8i2Yto3pLYu,7,167.93,23.99,7.0,36.0,144.0,48.0,5,2.1281,0.05,56.79
R_1pSArFUB4sIGaNg,13,284.32,21.87,18.0,15.0,165.0,20.62,11,3.3927,3.4439,418.47
R_1pSEkm1mOy4kpKO,5,90.64,18.13,5.0,7.0,173.0,86.5,3,1.5219,2.6741,809.88
R_1pSRbGT6WzVupZo,31,826.66,26.67,31.0,4.0,176.0,9.26,25,4.5026,1.7756,975.08
R_1pWJvtYt20XIeSA,55,1005.17,18.28,55.0,4.0,176.0,9.78,35,4.8311,0.9098,726.6899999999999
R_1pXW6O7eeECXNNK,1,99.0,99.0,1.0,180.0,0.0,180.0,1,-0.0,0.0,138.27
R_1pXmZFz3j3TjBxz,39,990.12,25.39,39.0,25.0,155.0,11.07,27,4.4545,0.2951,237.73
R_1pZ3iFUrVbcqgdX,80,1608.68,20.11,83.0,1.0,179.0,5.26,58,5.6842,1.5518,2709.14
R_1plD4x5sccHA0kX,9,146.76,16.31,9.0,41.0,139.0,27.8,5,2.0588,0.9676,239.29
R_1plN2AGfPYfGLdD,2,24.9,12.45,2.0,180.0,0.0,180.0,2,1.0,0.0,156.75
R_1pm2Wo5wrQSY0Gm,45,901.47,20.03,47.0,3.0,177.0,7.38,31,4.7136,0.6457,971.25
R_1pnhq1TIYM82Ou1,7,120.94,17.28,7.0,9.0,171.0,42.75,6,2.5216,3.9283,182.34
R_1prtkRarVfaLJU8,19,553.15,29.11,19.0,14.0,166.0,18.44,10,2.8581,2.408,564.75
R_1ps5hYxMGQuqcuP,32,930.13,29.07,40.0,6.0,174.0,14.5,21,4.0,0.2764,958.3
R_1psTlOFeWx4gWdX,59,938.71,15.91,68.0,8.0,172.0,6.37,34,4.8951,1.0912,1365.33
R_1ptXmYOKR345Q4x,1,17.7,17.7,2.0,180.0,0.0,180.0,1,-0.0,0.0,35.96
R_1ptwRLUhiJsYcal,8,140.95,17.62,10.0,151.0,29.0,29.0,8,3.0,0.0,89.75
R_1pu0ApV4WUQDdWW,72,1604.04,22.28,83.0,4.0,176.0,5.03,32,4.1847,0.4815,712.68
R_1pu4x2PBb4LrSWk,85,1486.81,17.49,92.0,4.0,176.0,4.89,58,5.4865,1.1269,1751.41
R_1pu6yYPsuymsIIz,75,1742.75,23.24,77.0,2.0,178.0,5.74,45,5.1739,0.4792,1825.35
R_1pu7qL1RTxOuadp,7,167.87,23.98,7.0,21.0,159.0,31.8,6,2.5216,0.5705,337.64
R_1pxM7P5tV3JinW2,4,81.37,20.34,4.0,180.0,0.0,180.0,4,2.0,0.0,314.54
R_1q2PkAEghQ6YRci,1,21.99,21.99,1.0,180.0,0.0,180.0,1,-0.0,0.0,0.0
R_1q3UKgnUTHUnyI9,24,505.08,21.04,24.0,7.0,173.0,17.3,20,4.2202,2.5352,350.21999999999997
R_1q3vKaKE1RXo08q,5,106.03,21.21,5.0,123.0,57.0,28.5,3,1.371,0.0,113.97999999999999
R_1q4eVtHN10S5gPB,19,298.2,15.69,19.0,32.0,148.0,24.67,16,3.9321,0.0719,490.0
R_1q51MUZiWC54X4d,10,141.81,14.18,11.0,56.0,124.0,31.0,4,1.3568,0.7139,301.74
R_1q7AvsyRPpTSWFi,30,632.75,21.09,30.0,28.0,152.0,9.5,14,3.3199,0.3773,1849.62
R_1q7GuBNrrAGdxx3,33,1049.01,31.79,35.0,7.0,173.0,12.36,22,4.1361,4.7185,1842.24
R_1q9cuo94fxvO4rl,17,447.2,26.31,18.0,34.0,146.0,16.22,15,3.8078,1.3666,490.7
R_1qU5mT6xlj8KYSL,15,311.2,20.75,15.0,4.0,176.0,22.0,14,3.7736,0.8925,196.14000000000001
R_1qXa6rLKlwTkwDN,65,1535.2,23.62,72.0,11.0,169.0,4.69,39,5.0705,2.0964,1430.32
R_1qaDMcvmS2zi8dl,5,110.28,22.06,5.0,162.0,18.0,6.0,4,1.9219,0.0,689.05
R_1qb1cFLNdiuFGt2,21,412.14,19.63,21.0,3.0,177.0,14.75,14,3.5178,0.7104,1403.05
R_1qbblQgKWPBaDgI,54,678.26,12.56,54.0,43.0,137.0,22.83,27,3.8208,0.0658,105.21
R_1qdM04tmzKHGwRP,2,177.45,88.72,2.0,103.0,77.0,77.0,2,1.0,0.0,0.0
R_1qdM6yLQigCFrkd,35,515.85,14.74,35.0,17.0,163.0,10.87,22,4.1259,1.3176,1362.6399999999999
R_1qeyM2GF7cedcyA,1,10.99,10.99,1.0,180.0,0.0,180.0,1,-0.0,0.0,0.0
R_1qfF8W5w5vEIPDa,32,583.18,18.22,32.0,39.0,141.0,8.81,17,3.6748,0.4899,24.95
R_1qfSXsAL6NQlvsB,14,416.15,29.73,19.0,49.0,131.0,26.2,9,3.0391,0.4546,614.72
R_1qfUBCkCaoauqLZ,28,599.31,21.4,28.0,9.0,171.0,21.38,23,4.4233,0.1316,146.83
R_1qgPz4asGPArm6S,1,7.15,7.15,1.0,180.0,0.0,180.0,1,-0.0,0.0,41.99
R_1qgQimbKowqGngY,1,29.99,29.99,1.0,180.0,0.0,180.0,1,-0.0,0.0,0.0
R_1qh2Jd0oysYajeA,6,141.42,23.57,6.0,52.0,128.0,32.0,5,2.2516,7.3434,0.0
R_1qhe0MeBprincPa,12,371.43,30.95,12.0,40.0,140.0,70.0,12,3.585,0.148,554.4399999999999
R_1r18PD3TjJe3i53,14,228.68,16.33,15.0,108.0,72.0,36.0,9,3.0391,0.0,383.0
R_1r2BD0NVLJaM7rU,59,1007.15,17.07,64.0,6.0,174.0,5.61,27,4.393,1.2608,1293.67
R_1r33v6LzEZZ2k55,9,169.44,18.83,9.0,1.0,179.0,29.83,7,2.7255,0.5913,114.91
R_1r383E60yWIJ5G0,7,104.72,14.96,7.0,49.0,131.0,26.2,2,0.9852,0.5212,99.97
R_1r67uJMT2pr31JQ,16,274.45,17.15,16.0,47.0,133.0,22.17,11,3.2028,0.9132,496.39
R_1r6N3kesE63C7Fn,3,31.0,10.33,3.0,90.0,90.0,90.0,3,1.585,0.1347,154.95
R_1r7hO2SIueII6PO,13,343.9,26.45,13.0,52.0,128.0,25.6,9,2.9312,0.1986,464.83
R_1r7jkZtN6gSkJyg,9,158.89,17.65,10.0,2.0,178.0,22.25,6,2.4194,0.9386,367.41
R_1r82CKnMNz2scZO,40,595.2,14.88,40.0,8.0,172.0,13.23,25,4.3118,2.12,418.45
R_1r8gY2xmbOaJ5pE,2,23.38,11.69,2.0,180.0,0.0,180.0,2,1.0,0.0,9.99
R_1r8u9f1vT8Y3HrC,102,1918.23,18.81,116.0,9.0,171.0,4.62,63,5.4412,1.2803,2345.77
R_1rAK3r0iMJ5BheI,4,39.18,9.79,4.0,144.0,36.0,18.0,4,2.0,0.0,102.14999999999999
R_1rAoEVZg0xO49I3,34,778.1,22.89,34.0,1.0,179.0,13.77,24,4.4548,1.6036,1447.55
R_1rCUSJlDlnXVC1y,72,1086.52,15.09,76.0,4.0,176.0,5.5,26,3.3312,0.7331,1184.9
R_1rHP3EmlowTtvaq,4,67.18,16.8,6.0,2.0,178.0,89.0,4,2.0,1.5476,131.92000000000002
R_1rHtpq9LwtHa0V4,6,118.46,19.74,6.0,19.0,161.0,53.67,3,1.4591,1.9257,184.29
R_1rJ5snEIaDSYcnn,16,993.58,62.1,16.0,20.0,160.0,12.31,15,3.875,1.1589,384.99
R_1rMlnoUATCyO8KK,2,45.98,22.99,2.0,180.0,0.0,180.0,2,1.0,0.0,31.339999999999996
R_1rMs03OIf8bVbx6,1,49.86,49.86,1.0,180.0,0.0,180.0,1,-0.0,0.0,36.68
R_1rN94b3BDRwMVcm,11,242.22,22.02,11.0,2.0,178.0,59.33,11,3.4594,1.2673,90.56
R_1rNf6ssFroMth4I,20,1416.35,70.82,20.0,3.0,177.0,11.8,12,3.1464,1.4148,1986.32
R_1rOfWmbojHyk1fc,1,23.99,23.99,1.0,180.0,0.0,180.0,1,-0.0,0.0,0.0
R_1rPQIXSf3d1wvFO,43,1298.08,30.19,49.0,30.0,150.0,10.71,26,4.2602,0.2106,1111.67
R_1rcadhCsG2vfzpY,25,598.23,23.93,25.0,12.0,168.0,21.0,18,3.9435,1.4611,185.01999999999998
R_1rj2wuzuPHoYYzb,6,236.46,39.41,6.0,64.0,116.0,38.67,4,1.7925,0.0791,46.739999999999995
R_1rkUn6bWRLPJ6Hy,3,51.69,17.23,3.0,89.0,91.0,45.5,3,1.585,0.4479,15.83
R_1rlHEnAuKz9LH9S,21,524.89,24.99,21.0,69.0,111.0,12.33,18,4.1066,1.9608,447.57
R_1rlhYXAI77eUSbB,68,988.24,14.53,68.0,4.0,176.0,5.18,42,4.9525,0.9657,484.75
R_1roTOelTygZr5G8,52,1227.38,23.6,58.0,9.0,171.0,17.1,28,4.3849,0.4069,2458.3199999999997
R_1roblAhHdx5MsWd,6,94.94,15.82,6.0,25.0,155.0,77.5,4,1.9183,0.4844,136.82
R_1rpJ78WSTGhkjf3,6,79.96,13.33,6.0,23.0,157.0,78.5,3,1.4591,1.6895,387.8
R_1rpKvwP7VAtzJqH,10,405.4,40.54,10.0,11.0,169.0,24.14,8,2.8464,0.8728,322.97
R_1rq9oimamSF6rsF,19,659.6,34.72,29.0,21.0,159.0,13.25,15,3.7871,0.7598,745.21
R_1rqc9qLvNu03vWC,56,1267.14,22.63,59.0,2.0,178.0,3.87,28,3.8304,0.789,834.45
R_1rr9XOz2pHFyWi3,12,144.81,12.07,12.0,5.0,175.0,21.88,8,2.6175,0.6553,324.33
R_1rrC3Wsd5Y38mOA,23,489.03,21.26,23.0,12.0,168.0,18.67,19,4.0188,0.2384,149.54000000000002
R_1rrj7tv0EQwdKmn,42,638.69,15.21,49.0,5.0,175.0,11.67,26,4.4123,0.5592,679.66
R_1rv4LkeRqQ0L6W7,1,174.99,174.99,1.0,180.0,0.0,180.0,1,-0.0,0.0,0.5
R_1rv6C0xXvnmfYMh,23,712.98,31.0,23.0,17.0,163.0,20.38,15,3.5884,0.9311,621.38
R_1rvSssRW5hO4UME,14,294.43,21.03,15.0,1.0,179.0,14.92,9,2.8352,8.2443,556.46
R_1rwP479XGz8y5Wk,22,411.98,18.73,22.0,2.0,178.0,16.18,17,3.914,1.3954,379.67
R_1rwPbDimMLAMIjX,4,200.84,50.21,4.0,2.0,178.0,178.0,4,2.0,0.9153,1123.91
R_1rwhkWp9UYemFEH,28,402.76,14.38,28.0,6.0,174.0,15.82,22,4.3518,0.6924,306.99
R_1rwrLVr6jBONnIg,240,5658.27,23.58,259.0,4.0,176.0,2.2,108,6.1343,1.0305,6200.3
R_1rwuX4wk0894iAd,8,152.86,19.11,8.0,83.0,97.0,32.33,5,2.1556,0.2172,127.73
R_1rxh8W9RfDR9wu7,9,169.44,18.83,9.0,19.0,161.0,32.2,4,1.4466,1.9742,296.63
R_1zVJnDAfoFLamOd,72,1072.58,14.9,74.0,12.0,168.0,5.79,51,5.399,0.5289,1628.51
R_20M6h8zoTN9Ddxq,30,543.04,18.1,30.0,12.0,168.0,15.27,21,4.2314,1.0283,824.98
R_20MRqdCxs3CJOBI,108,1919.55,17.77,108.0,1.0,179.0,2.59,63,5.5605,1.1709,1675.11
R_20Mey89p8tRQZQv,79,1092.65,13.83,82.0,7.0,173.0,5.24,63,5.8605,1.4048,1628.97
R_20Msk5SVRSNd9IG,1,19.95,19.95,1.0,180.0,0.0,180.0,1,-0.0,0.0,0.0
R_20O6baqxT4T2CbA,37,1031.21,27.87,40.0,31.0,149.0,5.32,27,4.5306,3.7347,1732.22
R_20OIhkKq0f47R7P,12,161.22,13.44,15.0,16.0,164.0,23.43,11,3.4183,0.845,195.06
R_20ON9TjJWV64IZO,61,2172.53,35.62,61.0,3.0,177.0,7.08,34,4.7642,1.9546,1558.24
R_20Osd2RzVE5YY5I,15,290.58,19.37,15.0,20.0,160.0,16.0,13,3.6402,0.0125,147.36
R_20OviMsTBVJMnGX,14,544.54,38.9,14.0,46.0,134.0,16.75,11,3.3788,0.187,430.99
R_20S7crqtX9XLeBx,18,507.68,28.2,18.0,23.0,157.0,15.7,16,3.9058,0.5829,321.63
R_20T14Qh9qBuMaHv,24,635.34,26.47,24.0,4.0,176.0,11.0,14,3.4387,0.235,130.0
R_20TAzxGcUSMw2Gy,38,874.15,23.0,44.0,14.0,166.0,6.64,29,4.553,0.3419,606.29
R_20TfrMlw0zMoVHi,13,272.84,20.99,13.0,99.0,81.0,10.12,7,2.3535,0.0,418.21
R_20Tno99oqi4fxFc,2,28.98,14.49,2.0,180.0,0.0,180.0,2,1.0,0.0,126.1
R_20UOk2sYH5wzAuK,14,190.18,13.58,14.0,104.0,76.0,38.0,11,3.3788,0.0,0.0
R_20URm9nTtAT8LS4,40,1075.46,26.89,40.0,2.0,178.0,8.09,29,4.5618,2.9755,1408.57
R_20UwEYQV7dpm1dK,9,191.56,21.28,9.0,21.0,159.0,39.75,6,2.5033,0.1501,165.76999999999998
R_20UxPwlfYjaIV5k,39,1358.79,34.84,39.0,9.0,171.0,7.12,24,4.2143,0.3858,1091.4
R_20V73ixsOYXCBbP,27,439.71,16.29,27.0,14.0,166.0,11.86,17,3.7542,3.14,1484.02
R_20V7srZUzANQQ4T,25,621.38,24.86,34.0,7.0,173.0,11.53,17,3.6978,1.433,337.08000000000004
R_20VzvJRJfQuBK0A,31,491.33,15.85,31.0,14.0,166.0,11.07,21,4.18,0.5514,136.2
R_20Yd9DvrGselmZY,97,1445.58,14.9,103.0,4.0,176.0,2.75,38,4.5148,0.7005,1880.3999999999999
R_20Z3XrmdVrFDp3r,39,814.36,20.88,42.0,19.0,161.0,8.94,22,4.1787,0.9265,626.89
R_20rMPVuNlCXF2JH,5,371.25,74.25,9.0,32.0,148.0,74.0,4,1.9219,0.1485,311.24
R_210MlTBRwtBwWf6,24,224.59,9.36,36.0,123.0,57.0,19.0,18,4.0221,0.0,286.15
R_210V9S2KUSs9UGB,34,1432.64,42.14,35.0,15.0,165.0,6.88,23,4.1973,1.0842,1087.74
R_210tLKdUbUZuf7O,57,1250.01,21.93,58.0,2.0,178.0,5.56,35,4.6571,2.1354,3223.6
R_214Wm7S7308feRf,7,181.71,25.96,8.0,37.0,143.0,28.6,6,2.5216,2.4356,550.98
R_2168OvDHlcfRvmt,10,279.89,27.99,10.0,21.0,159.0,31.8,7,2.5219,1.334,964.8199999999999
R_216WhvHrMypmTfl,9,164.32,18.26,12.0,91.0,89.0,14.83,7,2.7255,0.0,654.6899999999999
R_216bCmDHZYPaK04,30,454.34,15.14,30.0,13.0,167.0,11.13,18,3.9484,1.0264,1334.34
R_216xuriUk2Z7xTX,10,291.0,29.1,10.0,10.0,170.0,42.5,9,3.1219,9.8058,0.0
R_217oxO4haoe4tcE,1,102.29,102.29,1.0,180.0,0.0,180.0,1,-0.0,0.0,29.729999999999997
R_21A4xxuYvBDTAQm,4,92.53,23.13,4.0,40.0,140.0,46.67,4,2.0,0.6787,109.03999999999999
R_21A5SXlPE02tDEv,4,34.27,8.57,4.0,176.0,4.0,4.0,4,2.0,0.0,0.0
R_21B94A6XQ9h1HZb,18,220.92,12.27,21.0,20.0,160.0,40.0,17,4.0588,0.9552,222.03
R_21BTXJTPRkjhIWZ,1,25.99,25.99,1.0,180.0,0.0,180.0,1,-0.0,0.0,0.0
R_21BehoUEuWS1JQC,3,46.94,15.65,3.0,106.0,74.0,37.0,3,1.585,0.0,848.42
R_21EtjPQuJMuZSHZ,1,62.76,62.76,1.0,180.0,0.0,180.0,1,-0.0,0.0,38.059999999999995
R_21G54IjScAJhDAM,18,348.13,19.34,18.0,1.0,179.0,19.89,16,3.9477,1.563,132.41
R_21GPeeqYRjC1kb1,48,917.48,19.11,53.0,21.0,159.0,4.82,25,3.943,0.7299,505.38
R_21HZ93fyBrvys2R,41,1003.2,24.47,41.0,8.0,172.0,10.75,20,3.6956,1.6301,1340.17
R_21aNrgZVQUA7xK3,1,24.79,24.79,1.0,180.0,0.0,180.0,1,-0.0,0.0,524.26
R_21aYCi0i7rVh5FQ,19,355.52,18.71,19.0,24.0,156.0,39.0,7,1.8785,4.6648,361.44
R_21bvhwyClIEWwTm,14,225.76,16.13,14.0,31.0,149.0,21.29,8,2.6385,1.5893,263.59000000000003
R_21cTMQKilozlXBu,24,286.29,11.93,25.0,8.0,172.0,21.5,9,2.4713,0.7184,386.13
R_21cWNjOOx90MLTG,6,148.17,24.7,6.0,21.0,159.0,53.0,5,2.2516,0.0961,200.8
R_21dFIMOBbJdo4uT,10,354.6,35.46,11.0,109.0,71.0,11.83,7,2.5219,0.0,342.59000000000003
R_21dlgeiCiQxhcXo,2,65.43,32.71,7.0,84.0,96.0,96.0,2,1.0,10.918,132.95
R_21hd1YVMlulldVy,4,52.52,13.13,4.0,101.0,79.0,79.0,3,1.5,0.0,116.91
R_21iH7SkDgNaQQ6b,26,403.3,15.51,27.0,9.0,171.0,19.0,17,3.8731,0.2419,960.65
R_21iJkzxgHehPTuM,2,48.98,24.49,2.0,6.0,174.0,174.0,2,1.0,4.4483,0.0
R_21j0vRI5h23O7fY,24,446.91,18.62,25.0,3.0,177.0,13.62,18,4.0221,0.208,941.44
R_21nqmq6huNc0eNi,2,37.97,18.98,3.0,51.0,129.0,129.0,2,1.0,0.357,0.0
R_21ntohm9l0O4R0Y,70,1735.89,24.8,72.0,7.0,173.0,9.11,41,4.8255,1.033,540.56
R_21oJWIgfHT7JV10,20,353.79,17.69,20.0,3.0,177.0,17.7,14,3.6219,2.5379,426.14
R_21sMUAqjBZfdrER,4,50.88,12.72,4.0,2.0,178.0,59.33,3,1.5,3.0737,98.43
R_21t7tPEpo7aTEHh,6,85.37,14.23,6.0,73.0,107.0,35.67,6,2.585,0.1034,126.59
R_21tDv0WhjsIxabL,41,1202.92,29.34,42.0,4.0,176.0,11.73,30,4.6961,0.4918,604.84
R_21ttkGbeIL6HdlR,28,903.27,32.26,31.0,84.0,96.0,4.57,21,4.1106,0.2803,1035.89
R_21uLzgXIQaIAaBw,10,385.81,38.58,11.0,19.0,161.0,23.0,6,2.3219,0.0794,467.69
R_21uibgT9dgqRD9J,70,1312.29,18.75,76.0,1.0,179.0,5.97,47,5.1395,2.5983,871.13
R_21v64TCmtpIIH87,16,649.38,40.59,16.0,1.0,179.0,13.77,15,3.875,1.3717,879.03
R_21vrOdR7S4szc1h,23,413.44,17.98,29.0,3.0,177.0,13.62,19,4.0888,0.5323,1517.93
R_21vtzOUrbyaVnsL,15,248.67,16.58,15.0,8.0,172.0,28.67,15,3.9069,5.1446,346.75
R_21yP1ZuMSzzaKJh,1,12.0,12.0,1.0,180.0,0.0,180.0,1,-0.0,0.0,0.0
R_22AmuBuGI7iFD1n,17,184.5,10.85,19.0,9.0,171.0,17.1,13,3.5725,1.1168,201.36
R_22AqasPW903IXSY,5,384.1,76.82,5.0,1.0,179.0,44.75,4,1.9219,1.1804,1072.07
R_22DJIjS0M8yvaYO,22,694.69,31.58,22.0,18.0,162.0,11.57,16,3.7888,0.4032,969.1
R_22EqYPrCOjfHTvh,49,800.91,16.35,49.0,4.0,176.0,8.0,37,4.9776,1.4801,357.59
R_22FDJUEGrcHh4VD,50,1156.25,23.12,52.0,18.0,162.0,5.4,20,3.1715,0.3974,942.0
R_22FSIF8elLuTFyK,15,232.64,15.51,15.0,6.0,174.0,87.0,14,3.7736,1.0387,76.09
R_22Gj4pgXDsezuKw,12,276.83,23.07,12.0,33.0,147.0,14.7,11,3.4183,0.4491,194.57999999999998
R_22Gn4dE4LeRGLs2,61,1495.41,24.51,65.0,6.0,174.0,4.05,40,4.9114,1.2736,1930.09
R_22JMARsHO6ixPfT,1,174.99,174.99,1.0,180.0,0.0,180.0,1,-0.0,0.0,0.0
R_22JlNGLs8i6SnZl,10,338.31,33.83,10.0,60.0,120.0,24.0,10,3.3219,3.1849,85.49
R_22KXkjjsQLNRz8z,1,5.18,5.18,1.0,180.0,0.0,180.0,1,-0.0,0.0,15.38
R_22KYqoomEYLo2wq,6,233.28,38.88,6.0,13.0,167.0,55.67,5,2.2516,0.0825,631.2
R_22LhWfg76oW592Y,61,718.06,11.77,62.0,6.0,174.0,12.43,33,4.4273,0.2776,107.57
R_22MkfF3QvG2hLAz,19,309.75,16.3,22.0,13.0,167.0,167.0,12,3.3661,0.0941,225.94
R_22PN2HxbOVDaT5t,6,387.3,64.55,6.0,41.0,139.0,69.5,6,2.585,0.0971,0.0
R_22Psw7KTkXTMEGl,1,50.0,50.0,1.0,180.0,0.0,180.0,1,-0.0,0.0,0.0
R_22QYpfx86KSwry8,31,445.85,14.38,31.0,15.0,165.0,7.17,22,4.2084,0.2698,810.4
R_22RhdxIZQO8iwin,12,194.12,16.18,12.0,67.0,113.0,14.12,10,3.2516,0.2353,17.98
R_22RkxPVW3ypCgrG,19,541.78,28.51,23.0,37.0,143.0,14.3,9,2.6292,0.2926,175.32
R_22SxELlmhBQCe1C,94,3173.05,33.76,105.0,1.0,179.0,3.31,55,5.4522,1.1643,3974.1
R_22Wzy1G9WL8KGax,59,1462.81,24.79,79.0,17.0,163.0,6.27,26,4.1949,0.8151,2198.88
R_22XEVzemearX7mD,26,299.32,11.51,26.0,17.0,163.0,16.3,15,3.0458,0.7094,490.47
R_22XOWVbIo1lxpmy,42,711.34,16.94,43.0,36.0,144.0,6.86,22,4.0018,0.4111,1252.29
R_22YdEF4Zn3bvwe6,35,614.36,17.55,35.0,6.0,174.0,11.6,18,3.9002,0.7468,1542.8
R_22YsYorxl1ol9UE,2,25.28,12.64,2.0,180.0,0.0,180.0,2,1.0,0.0,268.55
R_22lXuLrKWHb829H,1,26.03,26.03,1.0,180.0,0.0,180.0,1,-0.0,0.0,0.0
R_22mMopWqAj09mQc,22,701.36,31.88,23.0,13.0,167.0,12.85,10,2.7647,0.9225,1327.07
R_22nS4Bu8Q3B84gf,50,1994.5,39.89,54.0,11.0,169.0,14.08,26,4.0167,0.4397,1595.57
R_22nsUyYCxtQPQIk,4,143.2,35.8,4.0,93.0,87.0,43.5,3,1.5,0.0,49.4
R_22rJF9Az75VyMxb,20,299.6,14.98,20.0,12.0,168.0,21.0,18,4.0842,0.3747,289.67
R_22tZfZkw9b1zxls,66,2149.52,32.57,66.0,2.0,178.0,3.63,31,3.9935,0.6837,883.92
R_22udnXca5oRyxME,95,860.67,9.06,105.0,15.0,165.0,9.71,42,4.9572,0.3506,270.24
R_22xbDhXGfMIVHB2,5,177.91,35.58,5.0,8.0,172.0,86.0,5,2.3219,28.7012,0.0
R_22yrF4uq6PhC732,20,762.93,38.15,20.0,16.0,164.0,16.4,14,3.6087,0.501,114.82000000000001
R_22zUFw96HSXLvK9,15,371.77,24.78,15.0,1.0,179.0,17.9,8,2.6062,0.3426,326.12
R_231Z70wupQFdnTB,3,98.84,32.95,4.0,120.0,60.0,30.0,3,1.585,0.0,599.9499999999999
R_2338QGZaaaR1nho,25,659.64,26.39,25.0,28.0,152.0,10.86,18,3.8635,1.5616,944.35
R_233LIoxld2yja6j,14,344.18,24.58,14.0,77.0,103.0,25.75,13,3.6645,1.7634,150.68
R_234BxGg5xeilRtQ,2,64.16,32.08,2.0,95.0,85.0,85.0,1,-0.0,0.0,73.67
R_239wI20DbeKBIU5,9,179.5,19.94,9.0,27.0,153.0,30.6,7,2.7255,0.1075,151.1
R_23LGwgsgRxQiNJ7,7,160.45,22.92,7.0,100.0,80.0,20.0,6,2.5216,0.0,318.06
R_23ThXRxY2BTPyy5,22,372.54,16.93,25.0,29.0,151.0,15.1,13,3.3565,0.7577,1269.6200000000001
R_23UD8epqFL3A1rB,7,93.86,13.41,7.0,118.0,62.0,31.0,5,2.2359,0.0,0.0
R_23V8820W0FIJSgd,6,73.53,12.26,6.0,53.0,127.0,31.75,3,1.2516,1.9483,549.47
R_23Wbrmncvkhzk2L,27,879.23,32.56,31.0,23.0,157.0,8.26,17,3.736,1.2175,672.4799999999999
R_23ZDXN18izogrMk,33,615.43,18.65,35.0,1.0,179.0,35.8,27,4.6202,5.1543,459.8
R_23ZFbkgM7lOo1QE,5,65.32,13.06,5.0,112.0,68.0,17.0,4,1.9219,0.0,0.0
R_23ZwAcyeCLyHKAW,86,1849.65,21.51,99.0,1.0,179.0,3.38,50,5.054,1.0457,2746.7599999999998
R_23dSKA9sTXoQOMf,11,115.39,10.49,11.0,59.0,121.0,121.0,6,2.0495,0.508,209.28
R_23dl1M82ZW221h1,23,605.54,26.33,24.0,4.0,176.0,19.56,11,2.8484,0.6083,3776.0
R_23eD9Db68xpXl0d,25,590.07,23.6,25.0,2.0,178.0,22.25,8,1.9239,2.3992,1261.2
R_23ehCkgc0yrsnyb,1,14.75,14.75,1.0,180.0,0.0,180.0,1,-0.0,0.0,0.0
R_23enipHqTsjcQfN,58,1160.64,20.01,59.0,20.0,160.0,5.33,43,5.1336,0.685,582.43
R_23f82WqsqmRxv81,10,393.67,39.37,10.0,17.0,163.0,23.29,10,3.3219,0.3626,708.3199999999999
R_23fX29Tyw0uC7Pd,15,278.16,18.54,15.0,21.0,159.0,26.5,12,3.4566,0.6416,738.66
R_23gCEoioC9LnEpm,3,124.0,41.33,3.0,123.0,57.0,28.5,2,0.9183,0.0,198.82
R_240KbZJVsY6fEEJ,12,274.48,22.87,13.0,20.0,160.0,32.0,8,2.7516,0.7251,438.56
R_242WvoRa1gqxJGV,23,533.58,23.2,25.0,7.0,173.0,9.61,16,3.7579,9.8716,498.88
R_246MTU2eVPGDYYV,2,24.98,12.49,2.0,180.0,0.0,180.0,2,1.0,0.0,7.67
R_247Ax9cFFZftmdh,140,3156.86,22.55,151.0,1.0,179.0,6.88,91,5.9803,1.4521,4067.7400000000002
R_248HEjiUt8tw60V,16,399.18,24.95,16.0,6.0,174.0,43.5,3,0.6686,3.3856,0.0
R_248iRXgLLXgwGMZ,40,1227.46,30.69,48.0,12.0,168.0,9.33,32,4.8719,0.209,940.9
R_249670wYZ5roq0q,3,223.31,74.44,3.0,112.0,68.0,34.0,3,1.585,0.0,0.0
R_24AHhMXKhqmb8zh,1,15.78,15.78,1.0,180.0,0.0,180.0,1,-0.0,0.0,0.0
R_24B0L8fp0uSaj6n,27,837.59,31.02,28.0,3.0,177.0,10.41,14,3.0492,0.9045,675.83
R_24B0Lr48ZGfOyBr,1,19.99,19.99,1.0,180.0,0.0,180.0,1,-0.0,0.0,0.0
R_24BGQeYnh5rnOEv,21,494.15,23.53,22.0,6.0,174.0,21.75,16,3.8209,0.2495,328.41999999999996
R_24CoylaWTDs52IQ,41,1437.26,35.06,44.0,6.0,174.0,7.25,27,4.4522,0.4232,944.92
R_24DbIDhFrNpJkdz,2,49.91,24.95,2.0,169.0,11.0,11.0,2,1.0,0.0,620.93
R_24GfMQK7Qh4FF51,34,973.84,28.64,35.0,17.0,163.0,12.54,25,4.4519,0.5369,844.41
R_24HF9twScCsf5uy,19,324.99,17.1,19.0,2.0,178.0,59.33,13,3.4264,0.0979,22.98
R_24HjnyxNZEm32Xb,43,914.45,21.27,44.0,10.0,170.0,6.54,24,4.3907,0.4551,298.44
R_24ID7qKg4psU9jp,2,15.47,7.74,2.0,161.0,19.0,19.0,2,1.0,0.0,52.79
R_24INqi2ERG7Q8v3,87,1379.0,15.85,87.0,7.0,173.0,6.41,40,4.7974,0.2268,543.6
R_24LQ9mlsyZnQYF0,5,79.09,15.82,5.0,40.0,140.0,70.0,4,1.9219,1.318,0.0
R_24MD1eLqJhcFMCz,11,452.57,41.14,11.0,4.0,176.0,25.14,10,3.2776,0.2277,790.0600000000001
R_24MKoSmvuiLEI76,78,1549.62,19.87,91.0,4.0,176.0,6.29,56,5.535,0.5341,2824.96
R_24N5KoItyOzouAl,88,713.4,8.11,89.0,10.0,170.0,4.47,44,4.8027,0.991,306.82
R_24NTzsFaCm0NMwA,16,287.7,17.98,16.0,29.0,151.0,25.17,12,3.375,0.8755,755.9200000000001
R_24O5ATFj4FIytz4,1,77.98,77.98,1.0,180.0,0.0,180.0,1,-0.0,0.0,0.0
R_24OsVfTAzmYHix1,7,92.69,13.24,7.0,45.0,135.0,45.0,7,2.8074,1.0273,224.88
R_24P0vykrD1RJG07,24,358.33,14.93,24.0,3.0,177.0,11.8,14,3.2925,0.6835,185.3
R_24PfvnRLl8MyeaF,1,61.99,61.99,1.0,180.0,0.0,180.0,1,-0.0,0.0,522.86
R_24Pi9vmQksqxQqR,2,39.95,19.98,2.0,180.0,0.0,180.0,2,1.0,0.0,192.3
R_24bE9NTxiBf6v2b,31,460.15,14.84,31.0,5.0,175.0,17.5,20,4.1281,3.5873,438.71
R_24bGur3im5IAPdZ,50,771.65,15.43,51.0,8.0,172.0,10.75,44,5.3888,0.5378,842.75
R_24clqkYBai6m1Xz,17,240.33,14.14,19.0,25.0,155.0,19.38,12,3.4548,1.9089,77.55000000000001
R_24csoaO569P4Yzz,136,2835.63,20.85,143.0,1.0,179.0,2.67,73,5.439,0.6992,3025.81
R_24dbGLxukEKohG6,45,837.55,18.61,46.0,19.0,161.0,12.38,28,4.4171,0.815,1537.41
R_24f9hBh5NSWGX7k,15,263.4,17.56,15.0,1.0,179.0,16.27,12,3.5069,6.3617,206.7
R_24hYTLHKtH4gBcM,6,89.99,15.0,6.0,102.0,78.0,39.0,5,2.2516,0.0,625.11
R_24i0mUSZwuZUkFB,19,577.86,30.41,21.0,7.0,173.0,17.3,10,2.7742,0.497,2585.81
R_24iLkLePWOZEFuA,2,57.98,28.99,2.0,172.0,8.0,8.0,1,-0.0,0.0,19.03
R_24iMFCQKmehwlmL,6,190.46,31.74,6.0,46.0,134.0,44.67,5,2.2516,33.5036,129.0
R_24k3UnBOhSTxgwO,6,84.84,14.14,6.0,91.0,89.0,44.5,5,2.2516,0.0,119.97999999999999
R_24nLvo5DCDemQ4Q,109,3101.43,28.45,118.0,1.0,179.0,4.26,83,6.1956,0.4141,3146.98
R_24orD5rutIXLwOr,12,600.87,50.07,12.0,38.0,142.0,17.75,6,2.2842,0.437,364.21
R_24ovSGBcJmAm7rm,27,1035.76,38.36,29.0,11.0,169.0,14.08,18,3.9545,0.8912,1461.2
R_24pEE0Vw9ELB7LN,8,159.0,19.88,8.0,26.0,154.0,38.5,7,2.75,1.1054,0.0
R_24q37XKZhX00HgC,48,1067.64,22.24,50.0,7.0,173.0,5.58,35,4.9366,0.4455,765.41
R_24r8zX3cL47kTms,23,175.27,7.62,23.0,19.0,161.0,7.67,12,2.9895,0.7724,194.82999999999998
R_24ubsh7FUCIQgTb,19,339.15,17.85,19.0,23.0,157.0,31.4,14,3.6163,0.6097,310.8
R_24vELmeU10p4Ojt,1,9.99,9.99,1.0,180.0,0.0,180.0,1,-0.0,0.0,0.0
R_24vf4xIuT0kGsZ3,13,168.0,12.92,13.0,25.0,155.0,38.75,10,3.0851,0.4202,227.43
R_24wSwlKgzswC6p1,14,514.29,36.73,16.0,16.0,164.0,41.0,14,3.8074,0.4178,33.95
R_24zUdJ8NlmiSMK8,8,120.45,15.06,8.0,33.0,147.0,73.5,7,2.75,0.4777,80.11000000000001
R_24zVkexcmyl1DOJ,3,107.51,35.84,3.0,148.0,32.0,32.0,2,0.9183,0.0,101.64
R_25AXLIZuQdeTjjE,6,169.36,28.23,6.0,1.0,179.0,89.5,4,1.7925,4.4668,97.0
R_25Abb3LR9hZH8jU,14,449.27,32.09,14.0,14.0,166.0,20.75,12,3.5216,0.698,608.04
R_25BcsVAyBEUzgpo,23,436.03,18.96,26.0,5.0,175.0,14.58,13,3.3231,0.6285,391.35
R_25EHRGMe6DLAUM9,4,28.28,7.07,4.0,20.0,160.0,53.33,4,2.0,0.8435,355.69
R_25F3ZQBVC8dH4Ze,6,113.96,18.99,6.0,23.0,157.0,78.5,3,1.4591,4.7037,0.0
R_25HMSJi9OsBKgjX,105,1818.32,17.32,133.0,10.0,170.0,8.95,34,4.3212,0.6193,2997.55
R_25KMnVsE9ynaHcA,15,170.58,11.37,16.0,11.0,169.0,14.08,12,3.4566,0.6733,180.01
R_25LBtpI3BFlKN2g,10,548.25,54.83,10.0,140.0,40.0,10.0,9,3.1219,0.0,217.1
R_25LbyNi7m1rmyAQ,3,31.96,10.65,3.0,180.0,0.0,180.0,2,0.9183,0.0,0.0
R_25LpL5BEQ0owYip,69,1622.77,23.52,73.0,8.0,172.0,11.47,47,5.1651,0.9048,840.05
R_25MVNN7lUZpb14v,2,94.83,47.41,2.0,24.0,156.0,156.0,2,1.0,0.5805,0.0
R_25NqDDo75C1LLvz,3,75.81,25.27,3.0,74.0,106.0,53.0,2,0.9183,2.6342,39.53
R_25QFY4BkXVDEnLF,27,794.56,29.43,33.0,5.0,175.0,15.91,20,4.1343,1.8737,2557.59
R_25QKrjN09fkby9c,13,41.83,3.22,13.0,180.0,0.0,180.0,1,-0.0,0.0,70.97999999999999
R_25R5j9tYJt2A7SO,38,725.38,19.09,38.0,2.0,178.0,10.47,25,4.4843,0.9251,480.15
R_25RsmPLCHnSkLaN,9,162.49,18.05,9.0,38.0,142.0,47.33,5,2.1133,1.118,292.01
R_25SbPPTyE45YzXP,107,1212.8,11.33,109.0,4.0,176.0,3.2,62,5.4894,0.7135,1678.17
R_25TJ2SCEMagHYxU,26,716.24,27.55,26.0,4.0,176.0,22.0,19,4.0851,0.5838,151.65
R_25Wwg273Uw26jA1,112,2650.12,23.66,141.0,5.0,175.0,3.89,58,5.4013,1.2596,1651.61
R_25Xxau8wxesYGsx,18,493.33,27.41,19.0,5.0,175.0,19.44,14,3.6835,2.485,355.8
R_25YDxwSss8g9VCW,11,187.62,17.06,11.0,49.0,131.0,43.67,11,3.4594,1.5375,189.95
R_25YKRhjRfjRiZ8a,4,209.17,52.29,4.0,54.0,126.0,63.0,3,1.5,0.0346,295.01
R_25YqaojEWt641sK,39,1527.56,39.17,45.0,10.0,170.0,7.73,25,4.363,0.6138,1617.08
R_25ZPSeJQqBglbHD,12,499.19,41.6,29.0,58.0,122.0,15.25,12,3.585,0.9764,349.08
R_25ZREzNXsjQzRBK,16,370.92,23.18,16.0,59.0,121.0,12.1,15,3.875,0.1413,151.84
R_25es5nymLXzTAS5,2,48.26,24.13,2.0,180.0,0.0,180.0,2,1.0,0.0,335.87
R_25sBe5SVEaoRnPQ,5,165.88,33.18,5.0,2.0,178.0,178.0,5,2.3219,3.6039,121.41
R_25sIdih8VbvepDL,43,1141.48,26.55,46.0,8.0,172.0,10.12,29,4.6095,1.2978,311.82
R_25sb5CKUwyM4JKT,14,249.15,17.8,14.0,10.0,170.0,18.89,12,3.5216,4.208,522.5
R_25thHabUddjXGzt,57,1419.03,24.9,62.0,1.0,179.0,6.39,24,4.0771,0.9795,1715.4099999999999
R_25tskjLnC4mX6So,5,89.74,17.95,6.0,167.0,13.0,13.0,5,2.3219,0.0,454.75
R_25ttAuAnnmTCHdB,22,479.72,21.81,22.0,19.0,161.0,14.64,13,3.4817,0.7817,1407.52
R_25u6PwLCFpZwuzY,63,2549.98,40.48,65.0,3.0,177.0,5.9,34,4.6859,0.9099,1783.47
R_25uYOnLDyNaoqsK,6,114.45,19.07,6.0,41.0,139.0,34.75,6,2.585,2.3059,124.36999999999999
R_25vIhDjw3kwMi6m,37,719.25,19.44,52.0,4.0,176.0,9.26,20,3.7247,0.9361,868.45
R_25yKg0PVMOCRZXm,5,59.52,11.9,5.0,52.0,128.0,42.67,5,2.3219,1.376,29.89
R_25ykPdwNtbJFP1g,2,46.24,23.12,2.0,143.0,37.0,37.0,2,1.0,0.0,23.95
R_25z5LHPaAsxktx7,40,575.01,14.38,40.0,5.0,175.0,8.33,26,4.4276,1.417,340.6
R_262vJPpUeeFKuHT,52,983.53,18.91,58.0,7.0,173.0,5.24,30,4.3002,1.1277,1333.76
R_262xe1Uv99c2Nwd,2,124.82,62.41,2.0,143.0,37.0,37.0,2,1.0,0.0,0.0
R_263Hcv6xdwC9FFj,66,1487.62,22.54,68.0,6.0,174.0,9.67,47,5.2108,0.6242,700.07
R_263WvO5VwtIk4yF,7,192.97,27.57,7.0,2.0,178.0,44.5,3,1.3788,1.3033,184.82
R_2645ne4qL77SxOJ,2,51.98,25.99,2.0,174.0,6.0,6.0,1,-0.0,0.0,0.0
R_2646TtJwpPm2ifp,8,201.71,25.21,8.0,12.0,168.0,28.0,7,2.75,0.9289,48.49
R_264ulF7SprDMGcK,6,172.15,28.69,6.0,18.0,162.0,32.4,5,2.2516,0.211,79.85000000000001
R_265TEOtAdZ1fDzP,4,28.91,7.23,4.0,36.0,144.0,48.0,3,1.5,0.4498,87.94
R_265zDShpZJQSm6H,35,714.25,20.41,36.0,27.0,153.0,12.75,25,4.4332,0.4265,239.53
R_269iV9HutDzCzVT,10,160.87,16.09,10.0,63.0,117.0,23.4,10,3.3219,0.3199,77.94
R_26aOAWhuugb22Wo,3,46.02,15.34,3.0,45.0,135.0,67.5,3,1.585,0.1499,198.01000000000002
R_26ffYQXUXrQ4nHm,9,113.19,12.58,10.0,62.0,118.0,16.86,9,3.1699,0.4023,50.9
R_26liBXCuUxT0tvv,3,26.77,8.92,3.0,180.0,0.0,180.0,3,1.585,0.0,67.45
R_26m3NmUgbs4aZ3b,1,8.99,8.99,1.0,180.0,0.0,180.0,1,-0.0,0.0,0.0
R_26mBrU6Mdo5Efce,3,47.38,15.79,3.0,104.0,76.0,38.0,3,1.585,0.0,456.15000000000003
R_26mSL35DzLZIh1H,9,364.58,40.51,10.0,18.0,162.0,54.0,7,2.6416,0.2287,454.26
R_26nB6rfoaXIEb6Z,84,1382.88,16.46,88.0,3.0,177.0,3.85,44,4.3362,4.348,961.1999999999999
R_26nV92uvsFuoqys,52,1615.94,31.08,53.0,3.0,177.0,4.42,17,2.9358,0.8639,1590.47
R_26ndjFF4QlEU81o,45,1212.61,26.95,50.0,5.0,175.0,7.95,26,4.4112,0.5999,1981.22
R_26niIHQyfTEFqZ6,5,262.88,52.58,5.0,85.0,95.0,31.67,5,2.3219,0.0913,0.0
R_26njjH2ZOq7qmD9,25,596.61,23.86,28.0,19.0,161.0,20.12,13,3.3191,2.2561,1327.1
R_26o6WhUr0npdIOj,45,728.5,16.19,47.0,1.0,179.0,7.78,29,4.608,0.8594,648.01
R_271Ae0dhtM0nvux,13,512.14,39.4,13.0,3.0,177.0,19.67,10,3.1808,3.3638,522.28
R_271BFns40qBDygZ,4,83.55,20.89,4.0,51.0,129.0,64.5,4,2.0,0.7803,0.0
R_271MengshrPzDvK,4,311.82,77.95,6.0,76.0,104.0,104.0,3,1.5,0.0906,837.25
R_271gbx8Pps8AMbt,52,1223.62,23.53,52.0,29.0,151.0,7.55,34,4.7841,0.6129,5785.71
R_273Fv9uLHEkq2as,8,122.83,15.35,8.0,15.0,165.0,27.5,6,2.4056,1.732,274.62
R_273TMGuLM3jXisi,98,1454.19,14.84,101.0,3.0,177.0,5.36,59,5.4467,0.4819,952.37
R_277i50HinKYVoY9,19,740.97,39.0,19.0,11.0,169.0,16.9,12,3.3661,0.2721,608.11
R_277jw2dACBYPLk2,46,683.17,14.85,48.0,1.0,179.0,11.19,26,4.1918,2.3007,2190.61
R_278SNhphNm6lbrs,13,348.19,26.78,13.0,43.0,137.0,34.25,11,3.3347,2.3848,454.68
R_279BIfQfAdPTlAp,7,82.9,11.84,7.0,180.0,0.0,180.0,7,2.8074,0.0,17.99
R_279ENCaNyRMf98u,27,762.56,28.24,28.0,9.0,171.0,8.14,23,4.3845,0.4414,1361.93
R_279iRKETPanvFBW,47,1009.8,21.49,47.0,21.0,159.0,7.23,32,4.7991,1.2542,1036.05
R_279w6VtL6RMPoAy,45,669.75,14.88,45.0,7.0,173.0,5.09,27,3.9363,0.6714,596.13
R_27B5jMHYqArQV6X,51,1679.04,32.92,51.0,3.0,177.0,4.66,23,3.8433,0.9264,1538.99
R_27BbXkdQZhUFk8v,2,22.95,11.48,2.0,147.0,33.0,33.0,2,1.0,0.0,84.81
R_27BxaTTwHxVCbHW,13,436.23,33.56,15.0,43.0,137.0,27.4,8,2.6535,0.614,0.0
R_27DL80quzRiSEmq,90,2054.22,22.82,100.0,27.0,153.0,4.37,50,5.1365,0.0992,9285.94
R_27EdXSyXrMPQDOm,5,83.08,16.62,5.0,40.0,140.0,35.0,5,2.3219,2.9847,102.92
R_27EkAmfedK6OHpp,54,1013.47,18.77,54.0,2.0,178.0,5.39,34,4.7406,0.9834,1452.43
R_27HEcLJyeJig2Co,3,48.57,16.19,3.0,180.0,0.0,180.0,3,1.585,0.0,0.0
R_27HULKeImqXF8ij,44,950.52,21.6,47.0,2.0,178.0,11.12,30,4.6418,1.1797,2504.97
R_27HieEDP3NM4XfF,5,82.35,16.47,5.0,61.0,119.0,59.5,4,1.9219,2.1205,0.0
R_27IjOn4j4TKCXmr,7,278.05,39.72,7.0,2.0,178.0,44.5,7,2.8074,1.0736,272.24
R_27IqGchrsKhdinq,2,25.82,12.91,2.0,38.0,142.0,142.0,1,-0.0,0.2981,0.0
R_27JPfTGI6PyGcI8,3,142.97,47.66,3.0,155.0,25.0,12.5,2,0.9183,0.0,354.95000000000005
R_27JXR7ydGbnvOv3,22,371.15,16.87,22.0,12.0,168.0,14.0,10,2.7081,2.2353,359.53999999999996
R_27KiIdiOjALLpvp,34,538.24,15.83,40.0,26.0,154.0,9.62,27,4.6313,0.459,1372.3500000000001
R_27NFVTtp6RbmZtb,7,34.0,4.86,7.0,6.0,174.0,29.0,1,-0.0,0.36,147.32
R_27NeinuChlzrANs,41,902.46,22.01,45.0,9.0,171.0,13.15,26,4.4314,0.6486,529.69
R_27Nf8ImFlWu3J9O,31,575.19,18.55,31.0,15.0,165.0,7.17,6,1.2512,0.6224,594.3100000000001
R_27OmKbTDz2F6oo6,31,464.99,15.0,31.0,106.0,74.0,12.33,23,4.3492,0.0,254.95
R_27PZcbYfPDhwHcL,27,384.95,14.26,28.0,8.0,172.0,11.47,22,4.3104,0.4571,639.89
R_27THfLXi9UhJw15,46,434.57,9.45,51.0,1.0,179.0,11.93,14,2.0979,4.1428,1219.49
R_27TjWpxUwC1S5eE,5,70.91,14.18,5.0,27.0,153.0,51.0,4,1.9219,0.5768,101.28
R_27WIg9PkQDKOqFH,10,158.83,15.88,10.0,120.0,60.0,10.0,9,3.1219,0.0,0.0
R_27eYkZcMXFibSdM,1,0.99,0.99,1.0,180.0,0.0,180.0,1,-0.0,0.0,25.28
R_27g6uEEgxm7kwNu,18,351.68,19.54,18.0,9.0,171.0,10.69,14,3.5249,3.5081,254.26
R_27jLM2aZ6l0vu01,10,674.36,67.44,11.0,17.0,163.0,40.75,7,2.7219,2.8537,877.14
R_27jseDkZ5GlSyTA,24,613.9,25.58,26.0,29.0,151.0,11.62,16,3.835,0.7686,273.78
R_27k8w8r5FnOE9TL,14,270.1,19.29,16.0,32.0,148.0,37.0,11,3.3788,1.2686,364.5
R_27kyN4a9wTMY5lb,7,127.93,18.28,7.0,142.0,38.0,7.6,7,2.8074,0.0,0.0
R_27lBy3G8YEF0qXq,32,937.57,29.3,35.0,8.0,172.0,8.6,21,4.2181,0.8463,1412.16
R_27lE2A8TyANjHWE,25,433.99,17.36,25.0,4.0,176.0,14.67,5,1.7095,0.5697,493.09999999999997
R_27llfKLBUotowNk,13,698.31,53.72,23.0,14.0,166.0,23.71,10,3.1808,0.3481,783.7
R_27loasjQRh2UJom,8,140.9,17.61,9.0,16.0,164.0,54.67,7,2.75,1.0773,123.25999999999999
R_27m4lDN7Y7TlgZw,11,269.06,24.46,11.0,4.0,176.0,22.0,8,2.8454,1.3906,179.19
R_27paPH4E01ppfkZ,20,608.19,30.41,20.0,68.0,112.0,7.47,16,3.8842,0.0832,534.83
R_27qJlbWdpVVH31y,20,738.05,36.9,21.0,6.0,174.0,17.4,4,1.72,0.5027,415.21
R_27r3EsCD4HzyawI,6,73.14,12.19,6.0,30.0,150.0,75.0,6,2.585,0.5177,398.52
R_27rsip0DcDtBlXs,48,1046.58,21.8,50.0,6.0,174.0,8.29,24,3.7466,1.0616,976.83
R_27vCxdsPCb2NKoF,13,245.08,18.85,13.0,52.0,128.0,12.8,11,3.3347,0.4568,418.98
R_27vVnfQ5TPzu3Ro,16,640.05,40.0,16.0,8.0,172.0,15.64,10,3.0244,0.4186,29.02
R_27vWugCiFiKCdY1,6,247.79,41.3,6.0,106.0,74.0,37.0,3,1.4591,0.0,127.58
R_27wIB08amTLLAwh,41,853.83,20.83,42.0,21.0,159.0,7.95,33,4.9489,1.4049,99.92999999999999
R_27ydwfqncX77Mnd,22,290.04,13.18,22.0,54.0,126.0,11.45,15,3.6635,0.1825,491.65999999999997
R_28A3bViTfrJjMFz,89,2691.54,30.24,121.0,15.0,165.0,5.69,52,5.3413,1.2238,1772.25
R_28ANyXf1czOlXey,23,379.68,16.51,25.0,17.0,163.0,14.82,12,3.2903,1.576,234.73
R_28BST1zc80UaP2C,82,1696.55,20.69,83.0,2.0,178.0,6.14,52,5.3927,0.9283,1688.2
R_28BbvRDVobNodrT,111,4333.65,39.04,119.0,5.0,175.0,6.48,83,6.2379,0.277,839.8
R_28CjN2kODrNuNJ9,61,1027.93,16.85,62.0,2.0,178.0,8.09,35,4.7314,2.5028,1560.78
R_28G45wxjMMMq8H1,1,12.99,12.99,1.0,180.0,0.0,180.0,1,-0.0,0.0,0.0
R_28GHQe7Xpe9foZe,6,89.15,14.86,6.0,35.0,145.0,36.25,4,1.9183,0.7227,43.53
R_28GxMZkrIGCzmKv,13,206.75,15.9,13.0,8.0,172.0,15.64,9,3.027,0.9267,100.46
R_28Gy0hS5BC0S69p,2,34.59,17.3,2.0,180.0,0.0,180.0,2,1.0,0.0,2.4
R_28IDNbS8mqpfyKD,32,603.88,18.87,34.0,9.0,171.0,10.06,21,3.8974,1.2242,724.84
R_28MUrxegboyIHhY,46,1062.66,23.1,61.0,2.0,178.0,6.36,32,4.8222,0.8386,1387.99
R_28NaRbv2bvDrApB,23,848.37,36.89,24.0,4.0,176.0,22.0,17,3.969,0.0656,366.53999999999996
R_28NdvpiMbmD53BH,13,178.8,13.75,14.0,13.0,167.0,33.4,8,2.8151,0.5929,254.16000000000003
R_28NkTn9kU8ZlUeT,3,46.65,15.55,3.0,14.0,166.0,83.0,3,1.585,4.1891,396.37
R_28SckJ1LanzFPvD,22,692.75,31.49,25.0,19.0,161.0,9.47,19,4.1524,1.766,344.37
R_28TGzmtgBsR6wng,8,182.52,22.82,11.0,68.0,112.0,22.4,3,1.2988,0.3564,230.05
R_28UKFIYV8OeEOud,32,663.31,20.73,32.0,3.0,177.0,17.7,22,4.1761,1.2904,1624.18
R_28UkCLp8gWDUKVc,6,82.75,13.79,6.0,59.0,121.0,24.2,5,2.2516,0.7051,92.35
R_28Uuo40ERK6f9v4,2,53.99,26.99,2.0,144.0,36.0,36.0,2,1.0,0.0,31.37
R_28ZAM5fkVb7PhIs,5,185.98,37.2,5.0,37.0,143.0,47.67,4,1.9219,6.4392,37.98
R_28zyyxw6Cd7ycE3,8,324.95,40.62,9.0,14.0,166.0,33.2,8,3.0,1.6697,0.0
R_294CXFq1Cuh1Jxw,68,927.09,13.63,81.0,10.0,170.0,8.1,32,4.4322,0.7993,1305.78
R_294j7DOOunkaWAs,6,70.71,11.79,6.0,34.0,146.0,73.0,2,0.65,0.8731,228.95000000000002
R_296TilpFavYD0lz,39,937.98,24.05,39.0,29.0,151.0,8.88,18,3.5382,0.3336,305.11
R_297dOANqCntVXou,34,518.92,15.26,34.0,15.0,165.0,11.79,25,4.4548,0.1571,429.39
R_29aBXbsr6LBgSs6,97,2155.47,22.22,100.0,3.0,177.0,8.85,63,5.694,1.8421,3727.98
R_29b4hgcf5RMk5DB,4,54.47,13.62,4.0,180.0,0.0,180.0,2,0.8113,0.0,160.63
R_29bHzqH6Blzwhem,14,363.9,25.99,14.0,10.0,170.0,15.45,14,3.8074,0.3423,218.88
R_29bM1YBU1Urooz8,19,543.46,28.6,23.0,11.0,169.0,12.07,8,2.5821,2.4922,186.2
R_29bwiW5mHQ591tv,21,305.99,14.57,21.0,9.0,171.0,17.1,18,4.1066,1.3554,361.74
R_29cyBHR3PpqJiZf,12,560.73,46.73,12.0,26.0,154.0,51.33,12,3.585,0.3945,1322.18
R_29gkDjbbzKphGiY,12,251.44,20.95,12.0,89.0,91.0,13.0,8,2.7516,0.0328,565.84
R_29h3CKi0SFMJ3f9,8,144.14,18.02,14.0,8.0,172.0,43.0,6,2.5,1.7618,124.67999999999999
R_29iGyG3WSmKo5Te,30,650.84,21.69,30.0,6.0,174.0,19.33,21,4.1362,1.0695,1301.49
R_29iXgeacv5R6Qm1,31,421.52,13.6,34.0,16.0,164.0,23.43,19,3.8601,1.0698,457.85
R_29j42T3WUvUh78M,2,44.14,22.07,2.0,9.0,171.0,171.0,2,1.0,0.1041,0.0
R_29jjkyPmjEPPlXA,1,79.99,79.99,1.0,180.0,0.0,180.0,1,-0.0,0.0,34.23
R_29lVeJYqWavvBrf,25,672.79,26.91,26.0,12.0,168.0,10.5,15,3.7337,2.4064,731.91
R_29mKAJoipAmfUj5,30,1004.56,33.49,30.0,9.0,171.0,6.84,24,4.4817,2.029,870.35
R_29ntYmnUVN4BYq5,3,111.63,37.21,3.0,180.0,0.0,180.0,3,1.585,0.0,0.0
R_29oUfTgQ6sWbFG2,41,879.4,21.45,43.0,8.0,172.0,9.05,24,4.1555,1.5022,1352.79
R_29sSdZhPXE2rY6T,2,62.15,31.08,2.0,78.0,102.0,102.0,2,1.0,1.1313,568.38
R_29tYnNf049lSPEe,31,802.47,25.89,31.0,5.0,175.0,17.5,17,3.6797,0.8605,878.4200000000001
R_29tZUWisKTCWczv,50,1695.71,33.91,53.0,1.0,179.0,7.78,40,5.1566,0.7888,1553.8
R_29uBVByYo0xAXiZ,67,1802.89,26.91,68.0,2.0,178.0,4.34,43,4.9909,2.3384,1436.12
R_29uGaYsDuHuS5fc,10,164.91,16.49,10.0,8.0,172.0,43.0,8,2.8464,1.1137,112.71000000000001
R_2A08FacDLVG7J7s,29,604.39,20.84,30.0,11.0,169.0,15.36,22,4.2508,0.3075,474.26
R_2A0c83aff4ORZ8M,7,145.72,20.82,7.0,9.0,171.0,57.0,7,2.8074,0.7133,253.34
R_2A0ela1cSqwR0lX,1,14.39,14.39,1.0,180.0,0.0,180.0,1,-0.0,0.0,0.0
R_2A1ndNJQgbHz1mr,49,1141.97,23.31,62.0,69.0,111.0,15.86,25,4.3203,0.0564,207.09
R_2AFQYaxoE9vBsiq,7,38.91,5.56,7.0,53.0,127.0,21.17,5,2.2359,0.0415,10.92
R_2AFgFpz54dta2Rq,5,95.5,19.1,5.0,82.0,98.0,49.0,4,1.9219,0.2011,639.92
R_2AGpSTOzeeHqMYd,47,1239.17,26.37,49.0,13.0,167.0,4.28,29,4.3559,0.8074,643.36
R_2AHiSANbVno9jis,12,351.82,29.32,12.0,59.0,121.0,40.33,11,3.4183,0.1131,85.46
R_2AHzIRVacBX5dji,1,39.95,39.95,1.0,180.0,0.0,180.0,1,-0.0,0.0,159.38
R_2AKmlpuYamEE1sg,28,522.12,18.65,28.0,17.0,163.0,8.58,24,4.4502,1.931,838.6
R_2ALKJ7sFYmnh0DW,3,28.44,9.48,3.0,180.0,0.0,180.0,1,-0.0,0.0,126.19
R_2ANH0YK71nWYvgi,7,434.7,62.1,7.0,39.0,141.0,35.25,6,2.5216,1.6294,158.18
R_2AQiu69aAVY6utf,99,2427.88,24.52,109.0,8.0,172.0,4.91,63,5.7629,0.4771,2097.48
R_2ARuK9Yt1gaelL1,4,77.36,19.34,4.0,125.0,55.0,55.0,4,2.0,0.0,278.78
R_2ASBFgthVbaGlF3,128,1485.21,11.6,128.0,19.0,161.0,5.55,75,5.8674,0.7527,938.39
R_2ASiZ75YMNKqVVp,8,338.41,42.3,8.0,2.0,178.0,29.67,5,2.0,1.0764,763.16
R_2ASz0xBmcxqYzUJ,43,835.73,19.44,44.0,3.0,177.0,7.38,33,4.8506,1.4703,1256.03
R_2AWPIO2mAHQfarO,51,1301.2,25.51,60.0,2.0,178.0,9.89,35,4.8094,0.3735,901.85
R_2AWkL1j4mAcAll8,1,30.0,30.0,1.0,180.0,0.0,180.0,1,-0.0,0.0,123.87
R_2AXcJk6rRN4M33l,44,689.29,15.67,44.0,12.0,168.0,15.27,32,4.7156,1.1855,256.17
R_2AXrxS8YlU9cken,31,732.72,23.64,33.0,18.0,162.0,14.73,20,3.9733,1.4527,212.19
R_2AZjhhXYzCdBCDm,5,73.75,14.75,5.0,31.0,149.0,74.5,4,1.9219,0.5128,0.0
R_2AZp2CmhF7MrutF,12,247.8,20.65,12.0,17.0,163.0,14.82,9,3.0221,0.6669,850.76
R_2B2MGUXpwb5RnOZ,1,2.23,2.23,1.0,180.0,0.0,180.0,1,-0.0,0.0,43.94
R_2B2MxyY9jNHjyuL,17,403.57,23.74,17.0,35.0,145.0,29.0,11,3.3372,0.3766,527.2900000000001
R_2B2sctnVne767kg,4,267.48,66.87,4.0,4.0,176.0,88.0,4,2.0,0.3375,367.63
R_2B2vjRzPyTBEvyh,13,147.82,11.37,13.0,12.0,168.0,33.6,9,3.027,0.6057,74.74000000000001
R_2B38co9cwVRvVZA,38,518.4,13.64,38.0,13.0,167.0,9.28,25,4.3039,1.0199,544.75
R_2B3bueiWdZ91lDI,2,74.94,37.47,2.0,42.0,138.0,138.0,2,1.0,0.874,124.6
R_2B4K5vrltR4MtxH,4,50.74,12.69,4.0,10.0,170.0,170.0,3,1.5,1.0915,71.13
R_2B4mWUorTZ2cm8o,21,578.71,27.56,21.0,7.0,173.0,12.36,10,2.6966,1.2297,209.23
R_2B57BR9z6oNT8FQ,10,123.06,12.31,10.0,71.0,109.0,18.17,10,3.3219,0.1457,146.24
R_2B9CZjuvZfC5Gpz,2,51.55,25.77,2.0,50.0,130.0,130.0,2,1.0,0.7189,49.9
R_2BA0Y3Cy0zVnisH,4,82.95,20.74,4.0,25.0,155.0,51.67,2,0.8113,0.1064,195.09
R_2BA2MUQ7az7mp0J,31,892.13,28.78,31.0,16.0,164.0,10.93,23,4.1912,1.2183,1350.1000000000001
R_2BaEdBiHdzJwaqI,189,1977.97,10.47,217.0,29.0,151.0,3.43,82,5.6393,0.2774,243.56
R_2BaJphTs4oWCFD0,4,45.83,11.46,4.0,110.0,70.0,35.0,4,2.0,0.0,18.47
R_2BbRHkapw0FWoFx,6,140.71,23.45,6.0,114.0,66.0,22.0,5,2.2516,0.0,137.47
R_2BbXrd596mMP6Fy,21,473.8,22.56,21.0,3.0,177.0,12.64,7,1.8751,1.806,380.81
R_2BbrM9dlmfJjriA,20,445.25,22.26,22.0,3.0,177.0,17.7,16,3.9219,3.4198,512.31
R_2BerWIZecBBDdTk,2,124.49,62.25,3.0,10.0,170.0,170.0,2,1.0,0.2144,479.07
R_2BesSIAnd7POW2C,12,163.17,13.6,12.0,4.0,176.0,19.56,10,3.1887,2.509,645.74
R_2Bf9LCfyZyvdTjk,24,480.79,20.03,24.0,9.0,171.0,24.43,23,4.5016,0.3732,705.13
R_2BfmqVKFYNmifjt,27,448.93,16.63,28.0,4.0,176.0,19.56,21,4.2364,1.7377,1402.88
R_2Bg2FwMbTIyoh0G,60,1517.57,25.29,63.0,13.0,167.0,11.93,34,4.6176,1.3381,2302.35
R_2BgqL4UmaxJfKMj,6,162.03,27.0,6.0,14.0,166.0,41.5,5,2.2516,0.8788,116.4
R_2BkZfa84LLXauaE,3,49.28,16.43,3.0,97.0,83.0,83.0,2,0.9183,0.0,0.0
R_2BlHZxuSDn1CqwC,5,227.15,45.43,5.0,22.0,158.0,79.0,5,2.3219,2.7877,22.74
R_2Bljhn8FOxqwglz,30,405.98,13.53,30.0,22.0,158.0,22.57,21,3.9484,1.0444,390.77
R_2Bm1kPnJO8CxELI,5,98.63,19.73,6.0,118.0,62.0,15.5,4,1.9219,0.0,21.99
R_2BmozPxkGPgL7AT,6,182.69,30.45,6.0,22.0,158.0,79.0,5,2.2516,0.8896,397.13
R_2BnFUPIU2DExYF3,15,533.84,35.59,16.0,17.0,163.0,32.6,15,3.9069,6.5862,1033.3799999999999
R_2BriYyFstlrx4JH,17,180.96,10.64,18.0,23.0,157.0,14.27,11,2.9315,0.2104,136.03
R_2BsOEd1kkGunQti,35,866.44,24.76,36.0,9.0,171.0,9.0,23,4.0284,0.9786,916.65
R_2BsQo2hVc1VWdPq,8,116.77,14.6,8.0,71.0,109.0,109.0,6,2.5,0.3447,0.0
R_2BstrkPd4gMc6Ih,34,542.06,15.94,34.0,1.0,179.0,8.52,24,4.396,0.6712,340.58000000000004
R_2BtA3kIOBjhD26o,41,1795.29,43.79,50.0,22.0,158.0,7.52,31,4.8329,1.0151,1217.2
R_2Btfrg37csFmKTw,10,271.0,27.1,11.0,18.0,162.0,20.25,10,3.3219,0.1197,372.34
R_2BxKzKp6GeWepzD,47,1805.09,38.41,59.0,12.0,168.0,8.0,22,4.0301,0.6638,774.55
R_2BxhxogZnX0zogL,3,34.94,11.65,3.0,133.0,47.0,47.0,3,1.585,0.0,89.98
R_2ByB8s94wVocXKj,4,44.4,11.1,4.0,74.0,106.0,106.0,3,1.5,1.962,0.0
R_2Byb17bNJrQUQTo,42,693.68,16.52,43.0,2.0,178.0,11.87,29,4.6038,0.5149,555.77
R_2ByxuAREdcxnaAy,7,85.63,12.23,7.0,11.0,169.0,84.5,5,2.1281,2.8313,79.62
R_2Bzo4VQAjZDIzXx,26,1241.53,47.75,27.0,3.0,177.0,10.41,21,4.2868,0.7347,991.1
R_2CB235JQzMtpihu,53,537.12,10.13,62.0,1.0,179.0,5.97,37,4.9278,0.9306,942.71
R_2CB6arsMS9zZGIq,2,15.28,7.64,2.0,180.0,0.0,180.0,2,1.0,0.0,0.0
R_2CCIe1MGUGLmt3X,10,133.64,13.36,10.0,9.0,171.0,42.75,7,2.6464,0.131,14.79
R_2CCeHam1G2gOh8y,6,65.58,10.93,6.0,21.0,159.0,53.0,4,1.7925,0.3132,45.95
R_2CHqHcCikYB56qe,3,31.97,10.66,3.0,154.0,26.0,26.0,3,1.585,0.0,0.0
R_2CIKXJBmVNzKe2I,8,84.12,10.52,8.0,46.0,134.0,26.8,6,2.5,9.757,353.08
R_2CJ9tQVGVUnaesS,41,1385.13,33.78,44.0,2.0,178.0,9.37,20,3.5329,0.6772,1574.23
R_2CKdeuvfVrO8I49,24,465.37,19.39,25.0,12.0,168.0,14.0,18,4.0016,2.182,293.5
R_2CNCdSz3Pm4L8Yi,6,144.49,24.08,6.0,29.0,151.0,30.2,4,1.7925,1.6517,255.29
R_2CNWHdyyZ83IHvz,11,239.95,21.81,11.0,1.0,179.0,35.8,5,1.9717,4.137,0.0
R_2COe0fHazciDtdD,2,349.98,174.99,2.0,160.0,20.0,20.0,1,-0.0,0.0,0.0
R_2CPzjeQqe1GCW73,23,441.7,19.2,23.0,38.0,142.0,17.75,19,4.1429,1.0509,752.6899999999999
R_2CTZpyWT7zqd3ba,8,148.3,18.54,9.0,35.0,145.0,24.17,7,2.75,0.8143,0.0
R_2CUG0NuB8UE98kw,30,983.82,32.79,30.0,7.0,173.0,8.65,20,3.9899,0.5037,268.45
R_2CVcd0LWcIXgOOf,23,379.43,16.5,23.0,9.0,171.0,21.38,17,3.9362,0.5263,479.49
R_2CVxHRKIkQ8pd1C,14,434.89,31.06,14.0,23.0,157.0,17.44,11,3.3249,1.6853,318.43
R_2CWyXLZNxMXT6xY,2,31.74,15.87,2.0,180.0,0.0,180.0,2,1.0,0.0,0.0
R_2CeM1EkDEHL5UHX,27,251.43,9.31,27.0,39.0,141.0,12.82,23,4.3845,0.5125,1341.41
R_2Cjrj7tElQLDt65,64,1142.04,17.84,64.0,1.0,179.0,11.19,22,3.6041,1.1493,1423.95
R_2Ck8lsGxJTKsGgy,3,13.92,4.64,3.0,26.0,154.0,77.0,3,1.585,4.6816,25.95
R_2CkWe0IZCr5jMki,3,33.93,11.31,3.0,86.0,94.0,94.0,2,0.9183,0.5465,119.33
R_2CkaALNgqjkhfZM,5,85.82,17.16,5.0,63.0,117.0,58.5,5,2.3219,0.7079,420.94
R_2ClZTreQFwcrcpb,112,2609.11,23.3,132.0,2.0,178.0,4.34,65,5.2302,4.7158,1999.43
R_2ClhUlJ48Q5Z2fx,3,18.42,6.14,3.0,126.0,54.0,54.0,3,1.585,0.0,11.95
R_2Cp5sjenoyePcm6,7,276.22,39.46,7.0,91.0,89.0,17.8,7,2.8074,0.0,217.93
R_2CpiFcJopu6f4hG,1,21.98,21.98,2.0,180.0,0.0,180.0,1,-0.0,0.0,0.0
R_2Cpizjag5FXuVyX,30,444.49,14.82,30.0,29.0,151.0,16.78,24,4.4151,0.2403,249.85
R_2CpozrevorP48sb,36,800.12,22.23,37.0,10.0,170.0,8.1,23,4.2499,0.8566,1918.32
R_2CptgySFCdD1K5P,7,100.8,14.4,7.0,14.0,166.0,33.2,6,2.5216,3.1774,0.0
R_2Cq5Z4QKdtxJfTn,32,1472.65,46.02,32.0,42.0,138.0,12.55,14,3.421,0.0696,328.77
R_2CqTKH1f8HiEcxG,4,102.96,25.74,4.0,19.0,161.0,80.5,4,2.0,0.411,53.84
R_2CsrokFpormEkh1,2,87.05,43.53,2.0,180.0,0.0,180.0,2,1.0,0.0,131.24
R_2CwxK4zDVgcRjSZ,3,49.93,16.64,3.0,165.0,15.0,7.5,2,0.9183,0.0,0.0
R_2D07GlHSiz5PCkt,8,224.49,28.06,8.0,11.0,169.0,33.8,8,3.0,10.8277,196.67000000000002
R_2D0jGDh4HnsnQc7,4,28.2,7.05,4.0,103.0,77.0,77.0,4,2.0,0.0,129.72
R_2D0l8Hq0cs2tG0W,10,126.57,12.66,11.0,48.0,132.0,33.0,6,2.5219,0.4269,288.81
R_2D1SG6DgS10SnwW,4,43.43,10.86,4.0,3.0,177.0,88.5,2,0.8113,11.4441,146.16
R_2D1zydYR5SZ0LpK,106,2775.7,26.19,107.0,6.0,174.0,4.05,57,5.3055,1.347,2962.86
R_2D2DtCVqTuqp1Bj,22,290.92,13.22,23.0,1.0,179.0,22.38,17,3.914,1.3122,470.82
R_2D2HATrOKH8Rrns,12,415.32,34.61,15.0,28.0,152.0,30.4,7,2.585,1.0613,302.77
R_2D2K5rKv8NODIDZ,19,615.8,32.41,19.0,18.0,162.0,18.0,13,3.5369,0.5838,1486.26
R_2D6Q9rGf1bLlHJ1,1,14.64,14.64,1.0,180.0,0.0,180.0,1,-0.0,0.0,0.0
R_2D6v6VH3RC5ZGC4,32,986.61,30.83,47.0,4.0,176.0,9.78,24,4.3042,0.9921,1899.7
R_2D7Gsn84N2m2dJQ,4,78.85,19.71,4.0,81.0,99.0,99.0,4,2.0,0.4629,0.0
R_2D8LYcpt7M7DgbA,15,182.46,12.16,15.0,21.0,159.0,53.0,15,3.9069,0.5347,115.34
R_2DMQ4Npnlu3WWyq,22,569.36,25.88,22.0,8.0,172.0,10.12,18,4.0615,0.3468,351.78
R_2DMmbUvmU2O3lTZ,21,431.33,20.54,21.0,46.0,134.0,11.17,14,3.3613,0.091,157.86
R_2DMpKQjt53QcOBk,79,1344.6,17.02,80.0,6.0,174.0,2.95,41,4.4506,1.0907,1637.29
R_2DNtqbBKGHzSDN9,64,1005.7,15.71,68.0,5.0,175.0,6.48,31,4.5275,0.5235,1012.05
R_2DOWnSX3XtTVapF,29,471.19,16.25,29.0,17.0,163.0,10.19,17,3.8144,2.2056,711.9300000000001
R_2DSIdH6iUv9yJ8V,138,2914.05,21.12,151.0,4.0,176.0,5.18,69,5.4935,1.1085,2542.33
R_2DSmjafbkSAict9,37,812.03,21.95,42.0,12.0,168.0,8.0,27,4.6281,1.3133,1538.97
R_2DSy6NpOABvLOqK,42,960.33,22.87,47.0,5.0,175.0,12.5,30,4.7373,0.8139,190.56
R_2DTC3SPg5IQBacX,60,1669.85,27.83,62.0,6.0,174.0,8.7,26,3.9441,0.7043,1717.5
R_2DTeu3D5LJmnc1P,9,223.59,24.84,9.0,67.0,113.0,28.25,7,2.7255,0.2516,154.33
R_2DUObZm4n9gj106,13,170.19,13.09,13.0,74.0,106.0,26.5,9,2.9312,0.3543,63.19
R_2DV0bsqugjyav1y,64,1342.34,20.97,69.0,10.0,170.0,8.95,44,5.2083,1.1812,507.59
R_2DXPyU9bPnWuZPM,39,644.72,16.53,40.0,6.0,174.0,7.25,35,5.0803,1.1916,425.65999999999997
R_2DYMaORoIHXuYlw,22,396.5,18.02,24.0,26.0,154.0,77.0,12,3.2776,5.3047,783.04
R_2DYNUe9cQV68GxO,16,461.54,28.85,16.0,12.0,168.0,21.0,14,3.75,0.5498,2510.24
R_2DYwyekq8TyEswA,1,19.99,19.99,1.0,180.0,0.0,180.0,1,-0.0,0.0,0.0
R_2DZYURuEmbx0uQs,14,167.42,11.96,14.0,26.0,154.0,25.67,12,3.5216,3.4035,77.91
R_2E0Fry0vUQFqY2f,15,391.19,26.08,15.0,1.0,179.0,44.75,11,3.3736,0.6324,121.47
R_2E0Q3pbtzJQqLg7,52,1053.33,20.26,56.0,27.0,153.0,3.92,35,4.4581,1.2739,1541.8400000000001
R_2E1eT64HKBzh2Vb,3,320.99,107.0,3.0,31.0,149.0,74.5,3,1.585,1.0981,0.0
R_2E5Ly4rFRocdRTu,8,139.61,17.45,8.0,7.0,173.0,57.67,6,2.5,3.4278,181.68
R_2E5XCpTY2B5ZQ1f,66,1615.28,24.47,66.0,5.0,175.0,7.0,42,5.003,2.5455,2678.0099999999998
R_2E6JLryon34m1Nn,16,359.23,22.45,16.0,45.0,135.0,16.88,16,4.0,2.8727,32.42
R_2E6m9YqpJPCG21q,19,271.68,14.3,21.0,27.0,153.0,30.6,14,3.6163,0.1625,142.6
R_2E9JSBmmNNT5YMi,102,3131.0,30.7,127.0,7.0,173.0,4.55,47,4.9457,0.5399,1411.27
R_2EAVmWg0gRATOgM,7,57.79,8.26,7.0,79.0,101.0,20.2,4,1.6645,0.4627,335.86
R_2EAiqNzmPqLIqi0,42,594.83,14.16,42.0,2.0,178.0,6.85,23,3.9136,1.0143,477.97999999999996
R_2EBkC3HUQpHkFG4,36,656.3,18.23,40.0,2.0,178.0,8.09,18,3.6361,1.9174,3089.0299999999997
R_2EBrYkcmnTSuO46,27,923.35,34.2,28.0,40.0,140.0,20.0,21,4.3104,0.1888,170.4
R_2EGdmk75AThrKlh,1,4.99,4.99,1.0,180.0,0.0,180.0,1,-0.0,0.0,20.99
R_2EGmp1SfybQ9rzo,7,123.15,17.59,7.0,36.0,144.0,36.0,6,2.5216,1.5041,229.70999999999998
R_2EaSTjkQlVDnBig,33,576.66,17.47,34.0,47.0,133.0,8.31,27,4.635,0.7269,518.52
R_2EbAN7GWrFzgtkb,31,516.26,16.65,33.0,8.0,172.0,11.47,15,3.4289,0.2903,705.46
R_2EcMw7OZYbjr73v,17,246.47,14.5,17.0,25.0,155.0,22.14,12,3.4548,0.2736,13.5
R_2EcrBnvSSbcqsl8,39,766.53,19.65,39.0,12.0,168.0,12.92,31,4.7826,0.5673,916.1
R_2EglJpTWGEiwQYa,218,6136.14,28.15,242.0,5.0,175.0,2.5,91,5.8078,1.0976,6772.6
R_2EgloEvdjU98Rhc,22,751.89,34.18,35.0,3.0,177.0,19.67,20,4.2776,1.3477,660.64
R_2EhkQGvcl4F3ugv,33,440.32,13.34,35.0,28.0,152.0,11.69,27,4.6579,0.3601,220.7
R_2Ehm9Yqn76kYwsA,2,25.91,12.96,2.0,180.0,0.0,180.0,2,1.0,0.0,290.67
R_2EhnkgIeZYCK0jH,2,16.32,8.16,2.0,180.0,0.0,180.0,2,1.0,0.0,0.0
R_2EmedYCvGOapQws,15,427.73,28.52,19.0,24.0,156.0,19.5,8,2.7899,0.8884,595.71
R_2En0sbvQ7s48ufv,73,1313.17,17.99,77.0,20.0,160.0,4.85,34,4.2861,0.48,793.83
R_2Etbay1rgJ6LZQO,67,858.72,12.82,67.0,3.0,177.0,6.1,28,4.2087,1.2475,470.46999999999997
R_2Etc0qZ3B702xxn,14,447.14,31.94,19.0,2.0,178.0,22.25,9,2.9852,0.6828,1246.69
R_2EzTe8QpUidgyXU,6,146.42,24.4,7.0,156.0,24.0,24.0,6,2.585,0.0,179.94
R_2EzW4lFtbLQWiHB,2,33.87,16.93,2.0,131.0,49.0,49.0,2,1.0,0.0,25.0
R_2EzwXpjplwOepGq,5,157.45,31.49,8.0,34.0,146.0,36.5,3,1.371,1.5913,66.78999999999999
R_2EzwbYWmZw0kKvr,1,25.79,25.79,1.0,180.0,0.0,180.0,1,-0.0,0.0,67.37
R_2OHLj8YzL2D0sfV,10,195.61,19.56,10.0,23.0,157.0,39.25,7,2.5219,1.1248,650.76
R_2OHgbfVLtFIinBW,49,1110.72,22.67,50.0,7.0,173.0,5.41,19,3.3091,0.4928,464.58
R_2OINNCvsJ418e6o,11,276.74,25.16,11.0,92.0,88.0,12.57,10,3.2776,0.0,1596.96
R_2OJ4XMYnJIuEZqw,16,368.18,23.01,16.0,20.0,160.0,20.0,11,3.1494,0.1719,257.13
R_2OJRIBzhVd0uoiu,4,48.35,12.09,4.0,144.0,36.0,36.0,4,2.0,0.0,520.3299999999999
R_2ONDyHxQviDmrWg,69,1065.88,15.45,71.0,32.0,148.0,6.17,42,4.9223,0.2396,436.69
R_2OOWs0gBQpUEU7C,2,56.49,28.25,2.0,180.0,0.0,180.0,2,1.0,0.0,9.99
R_2OOq3ysdOS3TtBd,115,2225.26,19.35,118.0,1.0,179.0,3.25,76,5.8749,0.7481,1983.26
R_2OSBfO6qK8yJzir,133,1821.94,13.7,168.0,1.0,179.0,9.94,55,5.1143,0.9088,1075.99
R_2OTIQ8boNbA8jt5,2,20.98,10.49,2.0,180.0,0.0,180.0,2,1.0,0.0,0.0
R_2OUwN214Sx61xAC,15,462.86,30.86,15.0,20.0,160.0,26.67,13,3.5899,5.0927,199.67000000000002
R_2OYI87DbF4B4aUA,51,974.35,19.1,54.0,1.0,179.0,13.77,37,4.9298,0.5514,1731.57
R_2P0PDu9g2eap2XE,33,457.68,13.87,34.0,14.0,166.0,5.93,11,2.2204,0.8876,460.67
R_2P1ge2DGU400qax,53,1020.64,19.26,53.0,8.0,172.0,6.62,41,5.1927,2.3515,1125.92
R_2P1kvyZGc8VnwOq,7,454.03,64.86,7.0,17.0,163.0,27.17,7,2.8074,0.2973,594.7
R_2P50Iq3Uo8HiCwT,15,281.83,18.79,16.0,17.0,163.0,20.38,13,3.6402,0.4454,46.89
R_2P59RGdcNoSD2Rv,5,45.79,9.16,5.0,8.0,172.0,57.33,2,0.971,0.1505,340.42
R_2P5PPfIQY9aoCMu,14,292.88,20.92,14.0,16.0,164.0,20.5,8,2.5567,0.442,355.06
R_2P6HO9T6VGYEUQP,10,572.53,57.25,10.0,93.0,87.0,21.75,9,3.1219,0.0,941.28
R_2P6gheLR59JfOIS,5,66.92,13.38,5.0,163.0,17.0,17.0,5,2.3219,0.0,78.11
R_2P7oJmP5i7tHjC2,6,134.4,22.4,6.0,11.0,169.0,42.25,6,2.585,3.7191,229.94
R_2PAUaAgHTLkGxU1,9,689.66,76.63,9.0,24.0,156.0,26.0,6,2.281,0.0264,178.87
R_2PBGUY8tvT7VTN2,1,3.98,3.98,1.0,180.0,0.0,180.0,1,-0.0,0.0,0.0
R_2Pb6kMuBgOduMwf,13,223.88,17.22,13.0,21.0,159.0,22.71,5,1.823,0.1853,168.0
R_2PbSVE0LSsvWyXI,70,1685.77,24.08,78.0,7.0,173.0,4.44,45,5.1994,0.9448,1874.07
R_2PbVQOMgo1DokRC,18,723.91,40.22,20.0,4.0,176.0,13.54,16,3.9477,1.9523,1178.63
R_2PcESd79zlVjd8V,56,1040.36,18.58,56.0,1.0,179.0,7.78,40,4.9207,0.8383,2711.19
R_2PczkBPRGmqC8Ru,49,989.01,20.18,49.0,8.0,172.0,6.62,23,3.788,2.1578,1762.6499999999999
R_2Pd2JtrvgaRUFB3,23,353.9,15.39,23.0,16.0,164.0,23.43,14,3.4686,0.5617,762.21
R_2PdHkMSzW7totCp,26,442.96,17.04,26.0,24.0,156.0,15.6,24,4.5466,0.7067,656.83
R_2Pe4BqKB0X9aMTb,6,121.69,20.28,8.0,124.0,56.0,28.0,5,2.2516,0.0,272.16
R_2Pe6tHUCkAWyCiD,4,45.73,11.43,4.0,61.0,119.0,119.0,4,2.0,6.8171,189.98000000000002
R_2PiMka1SHyZrLEK,39,758.57,19.45,39.0,10.0,170.0,8.95,24,4.2311,0.4882,1201.92
R_2Pj1Yfol7kKA3yt,6,50.91,8.48,6.0,42.0,138.0,46.0,6,2.585,1.4871,22.99
R_2PjmJHMFnJg4Jue,11,199.19,18.11,11.0,4.0,176.0,35.2,7,2.5503,2.3887,169.5
R_2PmN7GkFmSU1M1e,3,39.21,13.07,3.0,180.0,0.0,180.0,3,1.585,0.0,752.91
R_2Pnj0H5ydChbT9z,20,191.79,9.59,21.0,154.0,26.0,26.0,17,3.9842,0.0,207.28
R_2PolzJvrZL29iF7,61,1214.36,19.91,64.0,15.0,165.0,5.5,27,3.665,0.7199,1517.89
R_2PpVNZupgA2k9mX,1,7.99,7.99,1.0,180.0,0.0,180.0,1,-0.0,0.0,105.28
R_2PqhFgM0oAFa4ho,5,92.95,18.59,5.0,40.0,140.0,46.67,4,1.9219,1.5135,0.0
R_2PyR5zSbB74ltZ1,30,586.7,19.56,32.0,5.0,175.0,6.73,21,4.2151,1.2658,735.35
R_2QECV61zCoWvPwV,19,728.17,38.32,20.0,7.0,173.0,17.3,12,3.2814,1.386,3198.58
R_2QEQOSl4i81CHb1,26,765.94,29.46,26.0,33.0,147.0,16.33,20,4.162,0.3833,364.58
R_2QETvia1oJUfZUy,11,447.38,40.67,11.0,67.0,113.0,18.83,11,3.4594,1.595,383.77
R_2QEeH4ETBBV2lPr,40,769.46,19.24,40.0,44.0,136.0,15.11,31,4.8031,0.1076,96.74000000000001
R_2QFJ3DY729sxK7B,5,146.96,29.39,5.0,153.0,27.0,9.0,3,1.371,0.0,439.0
R_2QKex2DoB3N5VEt,2,46.54,23.27,2.0,180.0,0.0,180.0,2,1.0,0.0,142.02
R_2QKhcChxM8s25SS,50,1100.62,22.01,52.0,2.0,178.0,6.14,30,4.5329,0.8946,567.34
R_2QLMZccLATlAlfz,4,68.41,17.1,4.0,27.0,153.0,51.0,4,2.0,0.165,0.0
R_2QLMv0UtT8vuLkB,40,2684.16,67.1,80.0,12.0,168.0,9.88,25,4.3726,0.2644,869.85
R_2QLigoO9nrSSnPT,24,788.11,32.84,25.0,10.0,170.0,21.25,18,3.9031,0.3666,632.19
R_2QM76i5yRebcpiD,31,507.1,16.36,31.0,6.0,174.0,13.38,29,4.8252,0.9801,446.28999999999996
R_2QMWZw0JtTsvBVk,74,2290.13,30.95,79.0,1.0,179.0,5.11,49,5.1855,0.4005,850.31
R_2QQl58nFfrZayxf,41,1302.78,31.78,43.0,4.0,176.0,12.57,36,5.1136,1.6217,1404.19
R_2QRMdwLStyElYoU,56,265.74,4.75,80.0,11.0,169.0,28.17,25,4.1873,0.2723,131.91
R_2QRS9mrQwSKNLye,15,1196.67,79.78,15.0,15.0,165.0,20.62,12,3.5069,0.9806,847.16
R_2QRtVOQUzfFxAg0,18,257.02,14.28,18.0,1.0,179.0,19.89,16,3.9477,0.4261,977.15
R_2QX6bqN2BA5Ex0p,3,12.46,4.15,3.0,180.0,0.0,180.0,2,0.9183,0.0,64.99
R_2QX9bXWJvSVIbXl,22,486.66,22.12,23.0,5.0,175.0,17.5,17,3.8408,0.9312,366.52
R_2QXJIE0UXBTy8wd,55,1086.75,19.76,55.0,4.0,176.0,7.04,37,4.9228,0.6046,551.8
R_2QXq900Df6biUD7,35,486.75,13.91,36.0,13.0,167.0,13.92,23,4.3649,0.5353,88.53999999999999
R_2QYCIl75oJ8y4OX,63,1153.43,18.31,77.0,3.0,177.0,8.05,44,5.2944,1.9548,2181.52
R_2QZ0AVY4isbLDdN,1,26.95,26.95,1.0,180.0,0.0,180.0,1,-0.0,0.0,25.87
R_2QfACJcif9NnW0C,38,1061.7,27.94,41.0,20.0,160.0,12.31,22,3.9413,0.5384,643.28
R_2QfJrJ6NScKkMV6,7,204.98,29.28,7.0,8.0,172.0,57.33,7,2.8074,0.6517,237.05
R_2Qfzb9ygW4pFpaQ,4,74.54,18.63,4.0,86.0,94.0,31.33,3,1.5,0.0635,1028.99
R_2QgQk2MGsl392HX,22,156.14,7.1,22.0,148.0,32.0,10.67,3,1.2407,0.0,0.0
R_2Qh94pYDlaxRsdw,50,874.36,17.49,62.0,2.0,178.0,5.74,27,4.3231,0.52,348.63
R_2QhsbIvy6Z9M6s4,11,183.77,16.71,12.0,56.0,124.0,15.5,9,3.0272,0.5855,1192.67
R_2QlbbNmO9Ln2Sii,5,105.34,21.07,5.0,113.0,67.0,16.75,4,1.9219,0.0,24.95
R_2Qlbt5GuAhhMPAi,9,152.12,16.9,9.0,32.0,148.0,74.0,5,2.1972,0.2075,53.84
R_2QlfFCEdKYPO953,46,1070.53,23.27,50.0,2.0,178.0,7.74,28,4.3737,0.4342,785.78
R_2QmRrF3XTzpGmRn,5,55.3,11.06,5.0,121.0,59.0,19.67,3,1.5219,0.0,89.95
R_2QnAW2x8VUxsLV8,6,129.19,21.53,7.0,164.0,16.0,5.33,5,2.2516,0.0,596.41
R_2QoKsJMXOFitzk6,122,1425.4,11.68,125.0,8.0,172.0,5.55,63,5.2292,1.1171,1561.35
R_2QoiDL34V8QAI4a,18,302.89,16.83,18.0,4.0,176.0,35.2,16,3.9477,0.4298,556.21
R_2QrIY4M7cndTBf7,18,180.8,10.04,18.0,6.0,174.0,34.8,16,3.9477,0.2116,1083.07
R_2QrmzNCNpcA7B9p,42,930.84,22.16,42.0,17.0,163.0,10.19,25,4.335,1.1321,941.09
R_2QswpKsGnL3NBXE,143,1655.36,11.58,157.0,1.0,179.0,5.97,70,5.5074,3.5556,770.99
R_2QtiIPWanuleOw1,13,221.14,17.01,13.0,1.0,179.0,19.89,11,3.3347,1.7399,366.22
R_2QtjN5zKxD0QMhy,12,314.52,26.21,12.0,91.0,89.0,17.8,9,3.0221,0.0,598.64
R_2Qu0fgUOnDpaKDH,126,2300.5,18.26,130.0,1.0,179.0,2.59,65,5.1524,1.0404,4190.12
R_2Qu5a3KjzsknWfD,8,407.03,50.88,8.0,40.0,140.0,23.33,8,3.0,0.0685,1031.71
R_2QxhYoQlRBK7D8d,3,32.72,10.91,3.0,102.0,78.0,78.0,3,1.585,0.0,240.41
R_2QzXEtUXQ3koh8l,7,75.04,10.72,7.0,25.0,155.0,77.5,5,2.1281,0.9711,46.66
R_2R1EvJ8XC7pZDDn,5,172.22,34.44,5.0,179.0,1.0,1.0,4,1.9219,0.0,151.57999999999998
R_2R20tGsAciB0E9U,15,638.44,42.56,28.0,10.0,170.0,15.45,10,3.1899,0.8276,672.95
R_2R2DBMXF76ROyOu,5,158.89,31.78,5.0,45.0,135.0,45.0,5,2.3219,0.4728,39.95
R_2R3ayuIYVgX07CZ,66,970.98,14.71,77.0,2.0,178.0,8.48,21,3.3704,0.7572,1081.52
R_2R4boYTdbWuqO7J,28,506.93,18.1,28.0,8.0,172.0,12.29,19,3.8198,1.589,835.67
R_2R4f4lluvVE0PT6,5,78.71,15.74,5.0,32.0,148.0,49.33,5,2.3219,1.1876,110.26
R_2R7E5Ezaz55PIIg,18,500.55,27.81,19.0,3.0,177.0,13.62,17,4.0588,0.4751,546.53
R_2R7XoHLye7zu5Lb,52,845.64,16.26,52.0,3.0,177.0,10.41,37,4.8535,0.8985,572.16
R_2R8I34UkpD6LvFu,9,129.27,14.36,10.0,47.0,133.0,44.33,7,2.7255,1.0526,284.40999999999997
R_2R9xo9Nv9razqCD,1,10.13,10.13,1.0,180.0,0.0,180.0,1,-0.0,0.0,77.41
R_2RO1woXi87CUxaN,7,336.41,48.06,8.0,55.0,125.0,62.5,5,2.2359,0.0598,30.0
R_2RP7nQbTOJwWJRC,59,584.8,9.91,73.0,3.0,177.0,7.7,38,5.0162,0.6565,415.13
R_2RPrq50LY9ibnQU,8,132.26,16.53,8.0,75.0,105.0,35.0,7,2.75,0.583,266.05
R_2RQZEfADuF3JHjR,2,122.94,61.47,2.0,128.0,52.0,52.0,2,1.0,0.0,0.0
R_2RQhQ3wTIHN55hy,16,360.0,22.5,16.0,48.0,132.0,18.86,10,3.0778,0.1548,181.67000000000002
R_2RTZVrtkdWtJ4BV,1,43.68,43.68,1.0,180.0,0.0,180.0,1,-0.0,0.0,489.3
R_2RUDh7piHU7frzt,84,1211.73,14.43,88.0,12.0,168.0,4.54,56,5.508,0.8959,1574.42
R_2RUGhslRGz8ESz1,1,60.28,60.28,1.0,180.0,0.0,180.0,1,-0.0,0.0,150.32
R_2RUJuDHC9no4oe2,37,1013.9,27.4,38.0,31.0,149.0,9.93,19,3.7843,1.6181,1581.79
R_2RVXjEovu4Y1yen,29,718.77,24.79,29.0,3.0,177.0,10.41,20,4.1128,1.1566,1043.79
R_2RVr1VA8MPt5THg,19,474.73,24.99,19.0,8.0,172.0,19.11,11,3.1158,1.5739,444.66
R_2RaxX6jSq9lvO4q,6,187.78,31.3,6.0,14.0,166.0,166.0,6,2.585,2.5437,1058.82
R_2S0NrcvRufXExKs,4,38.66,9.67,4.0,92.0,88.0,88.0,4,2.0,0.0,0.0
R_2S0iEzXiELAXyfC,27,455.98,16.89,28.0,20.0,160.0,12.31,21,4.2825,0.7436,169.85
R_2S0u8lcDVOW3xTU,145,3108.04,21.43,154.0,14.0,166.0,2.52,69,5.4391,1.7874,4567.39
R_2S2CgleghqVouH5,53,1584.11,29.89,54.0,9.0,171.0,5.7,37,4.7835,1.1886,560.05
R_2S31p8yhb8bRYXo,1,16.99,16.99,1.0,180.0,0.0,180.0,1,-0.0,0.0,178.21
R_2S31vSPrwOLWHLA,28,563.57,20.13,29.0,25.0,155.0,17.22,20,4.209,0.167,1743.86
R_2S33CMyMpIbJcBm,27,468.03,17.33,27.0,15.0,165.0,15.0,15,3.4489,0.616,1410.23
R_2S3qeN5pcwmrE8f,1,29.99,29.99,1.0,180.0,0.0,180.0,1,-0.0,0.0,0.0
R_2S77QZkb1rhRuyi,15,232.75,15.52,15.0,120.0,60.0,8.57,12,3.5069,0.0,41.97
R_2S7gh75tbvkUpDq,50,1019.89,20.4,50.0,4.0,176.0,7.33,27,3.8627,3.3645,1621.25
R_2S8Z1Ysvkfaa8Dk,1,13.46,13.46,1.0,180.0,0.0,180.0,1,-0.0,0.0,176.38
R_2S8hrusB2bp2PBb,27,543.65,20.14,30.0,13.0,167.0,16.7,25,4.6067,0.3903,682.53
R_2S942svAtx2khyI,12,239.96,20.0,13.0,77.0,103.0,20.6,10,3.2516,0.5797,379.63
R_2S9b47bd0M7IKFu,18,546.95,30.39,21.0,17.0,163.0,11.64,12,3.3027,0.1286,324.17
R_2S9n3K498i96n0T,3,99.53,33.18,5.0,22.0,158.0,79.0,3,1.585,0.5345,0.0
R_2SD0ezsMpLxCClb,20,569.39,28.47,20.0,49.0,131.0,26.2,13,3.5087,0.1423,63.86
R_2SDfLbdsggP13gM,7,128.14,18.31,7.0,80.0,100.0,100.0,5,2.1281,0.5394,169.0
R_2SHTXyLNJsIiqjI,73,829.87,11.37,74.0,6.0,174.0,10.88,37,4.7686,3.3723,508.27
R_2SHtAd3zttOHall,1,9.99,9.99,1.0,180.0,0.0,180.0,1,-0.0,0.0,79.98
R_2SIYchF5txvb4ur,25,202.95,8.12,26.0,10.0,170.0,15.45,15,3.7337,1.0293,79.46000000000001
R_2Sc7RkHYHw76aWg,34,721.67,21.23,36.0,6.0,174.0,10.24,24,4.3487,2.0282,1130.79
R_2SdTIZ3yJDeoull,11,588.83,53.53,11.0,50.0,130.0,13.0,11,3.4594,0.3291,187.61
R_2SdTz3Z6EBi5IpB,14,310.1,22.15,15.0,46.0,134.0,67.0,6,1.7695,1.365,247.65
R_2Se2NF3W7re09yf,1,57.57,57.57,1.0,180.0,0.0,180.0,1,-0.0,0.0,25.65
R_2Ser7goSgo0gVBj,71,1600.3,22.54,72.0,8.0,172.0,3.58,50,5.1059,0.4376,581.74
R_2Sf9qUuSJuIUfg2,7,182.77,26.11,7.0,29.0,151.0,50.33,5,2.1281,0.1283,160.54
R_2SiVXI2QZ5GDasH,27,805.04,29.82,27.0,11.0,169.0,16.9,19,3.8789,0.5727,272.7
R_2SiXkZxNq21reCS,25,356.74,14.27,25.0,29.0,151.0,16.78,13,3.3991,0.7388,809.38
R_2SksQStmmNpRaiB,23,456.98,19.87,23.0,7.0,173.0,11.53,15,3.4624,1.8132,839.88
R_2SlgQWzfKwbWUov,14,291.6,20.83,14.0,26.0,154.0,19.25,12,3.5216,0.4706,272.7
R_2SowakeS8ZQebAD,25,250.32,10.01,26.0,35.0,145.0,36.25,15,3.5933,1.6083,327.81
R_2SoygRRucWXdLxT,37,479.84,12.97,37.0,1.0,179.0,9.94,16,3.5035,1.4005,597.81
R_2SqSD8OrS7uQi3n,48,1329.06,27.69,50.0,16.0,164.0,5.66,41,5.2618,0.4248,363.07
R_2SqWTZJSEFu0jiK,47,1144.73,24.36,49.0,8.0,172.0,8.19,31,4.6024,2.4608,754.9399999999999
R_2SvpYLyaAECyXfr,1,19.99,19.99,1.0,180.0,0.0,180.0,1,-0.0,0.0,0.0
R_2SwUvSGD0Anb9Xo,12,313.41,26.12,12.0,6.0,174.0,21.75,10,3.1887,0.9525,48.68
R_2TAYUtpnPVkxsFq,2,194.56,97.28,2.0,34.0,146.0,146.0,2,1.0,0.1118,17.95
R_2TAj5UWX19L0U5X,5,138.27,27.65,6.0,180.0,0.0,180.0,4,1.9219,0.0,556.63
R_2TBmftW1hJkzU7b,14,610.97,43.64,15.0,24.0,156.0,22.29,8,2.6924,0.8594,379.07
R_2TEGPne2Cu1LmmT,26,1145.4,44.05,26.0,1.0,179.0,14.92,20,4.2389,2.549,737.44
R_2TEHhHhGG0nUPl0,14,218.25,15.59,14.0,12.0,168.0,28.0,2,0.3712,1.372,131.2
R_2TI4euxLM9qQBOa,3,45.29,15.1,3.0,177.0,3.0,3.0,3,1.585,0.0,22.0
R_2TKKMv7TMpR8EHA,5,85.28,17.06,5.0,31.0,149.0,74.5,5,2.3219,0.5979,498.45
R_2TKO641FpWMebOd,37,766.39,20.71,37.0,7.0,173.0,8.24,23,4.2372,0.5948,1031.94
R_2TL7w44l8M5vEok,53,1182.83,22.32,54.0,6.0,174.0,14.5,25,4.0748,0.7782,1006.17
R_2TLTMppAcsnGrYQ,14,164.85,11.78,15.0,13.0,167.0,18.56,11,3.3249,0.0732,644.09
R_2TLur93rwoQN4Th,38,1075.31,28.3,41.0,15.0,165.0,8.25,26,4.5041,1.7858,1833.78
R_2TMjqyOFnomTeK0,16,299.23,18.7,18.0,17.0,163.0,13.58,10,3.125,0.6039,442.78000000000003
R_2TOkoRACY7yBNRm,3,60.59,20.2,3.0,13.0,167.0,83.5,1,-0.0,2.8815,19.99
R_2TS0B3GqlPn9eGu,27,570.97,21.15,29.0,7.0,173.0,11.53,17,3.7028,0.3161,653.54
R_2TXA2hvlVB8PZfO,5,114.09,22.82,5.0,166.0,14.0,14.0,4,1.9219,0.0,9.99
R_2TXBHPMwNAwKR7Q,38,525.53,13.83,39.0,1.0,179.0,11.93,25,4.2899,0.2802,533.29
R_2TZbGs7PnuXKEr3,4,83.95,20.99,4.0,48.0,132.0,44.0,4,2.0,0.8874,54.870000000000005
R_2TmKTVoITgoXQmz,13,183.61,14.12,13.0,115.0,65.0,16.25,11,3.3927,0.0,0.0
R_2TmxGlIzibhIy1h,1,51.4,51.4,1.0,180.0,0.0,180.0,1,-0.0,0.0,128.57999999999998
R_2TnuiSdfJ77v7e9,67,1204.5,17.98,70.0,22.0,158.0,7.18,41,4.9992,0.4122,1054.85
R_2ToOV1oNsaLjnTv,18,365.82,20.32,18.0,17.0,163.0,16.3,17,4.0588,1.4113,89.29
R_2ToRb0eNQrFNM3u,22,310.34,14.11,23.0,4.0,176.0,16.0,18,4.0958,1.6923,310.11
R_2TsCKRGiAjwQl2h,109,2791.15,25.61,119.0,2.0,178.0,4.45,59,5.5073,0.8408,1846.89
R_2TsKflmSJ7ECTe1,3,38.97,12.99,3.0,23.0,157.0,78.5,3,1.585,1.1662,19.99
R_2Tts5u5bLVSiIwt,12,944.15,78.68,49.0,14.0,166.0,16.6,6,2.1258,1.0967,1602.44
R_2TuFcjWqzxzC2Cd,12,293.25,24.44,12.0,59.0,121.0,24.2,7,2.4508,0.0508,266.82
R_2TvlIymGfskM9v9,1,14.55,14.55,1.0,180.0,0.0,180.0,1,-0.0,0.0,278.71
R_2Tw1pYGELWTykuP,1,11.87,11.87,1.0,180.0,0.0,180.0,1,-0.0,0.0,26.479999999999997
R_2TyNqXQy4tqlDRP,16,190.71,11.92,16.0,36.0,144.0,18.0,4,1.75,0.5239,196.04000000000002
R_2U0gZProLDLI67D,9,178.23,19.8,9.0,35.0,145.0,48.33,9,3.1699,1.613,52.76
R_2U0l40aPYAoBJLV,26,1035.7,39.83,28.0,6.0,174.0,9.16,22,4.3347,2.432,1672.46
R_2U3f0mE7ZGgYLhZ,2,32.44,16.22,2.0,70.0,110.0,110.0,2,1.0,6.2249,121.97
R_2U45wkV0hf1A79G,51,1026.78,20.13,51.0,2.0,178.0,6.36,30,4.5588,0.4025,669.86
R_2U4rstjwoewgGNv,27,685.0,25.37,28.0,4.0,176.0,16.0,20,4.1623,0.7983,735.1
R_2U8TbRGvfB10UAt,10,236.1,23.61,11.0,61.0,119.0,19.83,7,2.6464,0.5124,394.03
R_2U9Jk9fsyaEVhgv,14,240.78,17.2,15.0,52.0,128.0,16.0,12,3.5216,0.2418,84.64
R_2U9mEuhxpSv5aA7,68,1472.07,21.65,69.0,1.0,179.0,4.16,43,5.1292,1.3585,2247.12
R_2UVZt35HGVmsoum,11,243.77,22.16,11.0,21.0,159.0,79.5,8,2.8454,1.5403,198.07999999999998
R_2UVhfjk1qQb6KI5,60,2832.67,47.21,66.0,17.0,163.0,9.06,40,5.161,0.0581,1627.28
R_2UVqdxTYEyCf52R,65,1750.48,26.93,143.0,2.0,178.0,5.09,43,5.0149,1.6513,2193.03
R_2UWV48wISmhfYqI,7,455.92,65.13,7.0,159.0,21.0,7.0,7,2.8074,0.0,1100.1200000000001
R_2UWpwUpnUU92Yah,10,525.63,52.56,10.0,8.0,172.0,21.5,7,2.6464,0.5753,99.92
R_2UXcGktpoM2AYrg,133,1601.57,12.04,160.0,6.0,174.0,2.76,65,5.2191,0.8235,2584.86
R_2Ua7ev5fWion36a,42,564.27,13.44,44.0,5.0,175.0,7.61,24,4.1349,0.796,1362.6200000000001
R_2UaV2vSZDxrE35n,20,285.86,14.29,21.0,18.0,162.0,13.5,16,3.8219,1.0999,325.82
R_2UbJL30HRjK1sdD,32,879.93,27.5,32.0,8.0,172.0,7.48,24,4.4139,0.6766,1571.22
R_2UbJUrmy1ldwwWm,10,207.55,20.75,10.0,7.0,173.0,86.5,5,2.1219,0.2218,91.77
R_2UbUEmGy30TkE8M,2,23.57,11.79,2.0,97.0,83.0,83.0,2,1.0,0.0,77.66
R_2Uc0eY0mHq5DQgt,51,2145.19,42.06,52.0,1.0,179.0,8.95,37,5.0546,3.5917,1172.18
R_2Ucjp97InU6pI1m,42,945.11,22.5,43.0,10.0,170.0,7.39,30,4.6421,1.0098,888.7800000000001
R_2UckkA7ZpK0f7lT,5,67.68,13.54,5.0,78.0,102.0,34.0,5,2.3219,0.2088,7.64
R_2UctLzmpg4UJRZu,61,889.53,14.58,61.0,1.0,179.0,4.16,31,4.337,1.0534,883.9399999999999
R_2UfTIFhpicfXgPX,45,1058.46,23.52,50.0,8.0,172.0,8.6,29,4.6502,1.1098,885.81
R_2UgruQ1jzpNXLQZ,57,386.04,6.77,59.0,40.0,140.0,7.37,29,4.4903,0.5951,228.57
R_2V2OaRDTmuvkS3h,18,308.32,17.13,18.0,9.0,171.0,19.0,11,3.1497,1.0612,483.77
R_2V3AHWuz3pHaB7H,167,1679.7,10.06,167.0,1.0,179.0,2.24,83,5.8804,0.6172,1036.4
R_2V7HVsDu8mbPFDf,83,1485.71,17.9,84.0,3.0,177.0,4.42,43,4.8963,0.9113,2329.52
R_2V8Ac6RCBNKviX0,20,511.2,25.56,23.0,3.0,177.0,16.09,11,3.071,0.8279,213.76999999999998
R_2V9ImR9eGQwqhoo,3,69.47,23.16,3.0,43.0,137.0,68.5,3,1.585,0.2633,109.69
R_2VC0DIxeSbfkTsv,20,502.81,25.14,24.0,14.0,166.0,11.86,17,3.9842,1.2819,379.53
R_2VCMiRJVXAvWTen,54,672.65,12.46,54.0,7.0,173.0,5.58,28,4.2351,0.7335,538.2
R_2VDTJvFdvAEK8AE,7,614.91,87.84,7.0,58.0,122.0,30.5,4,1.6645,0.4643,477.03999999999996
R_2VEjaDyhAdA2o7W,1,7.59,7.59,1.0,180.0,0.0,180.0,1,-0.0,0.0,44.45
R_2VIWjKayaOipDma,48,1183.16,24.65,51.0,2.0,178.0,8.09,19,3.2527,1.7903,950.5899999999999
R_2VJ7KiUFzWY3H0p,38,1085.62,28.57,39.0,16.0,164.0,13.67,21,3.9483,1.9191,1435.51
R_2VJ8X7CyTWfrVn8,4,75.75,18.94,4.0,28.0,152.0,50.67,3,1.5,0.6961,205.38
R_2VJdNqrMivzixoI,1,39.99,39.99,1.0,180.0,0.0,180.0,1,-0.0,0.0,17.700000000000003
R_2VL8e1BX9FsuiCT,20,555.4,27.77,20.0,27.0,153.0,10.2,20,4.3219,0.2014,388.21
R_2VNKgvs9hlcy6RT,129,3634.29,28.17,131.0,3.0,177.0,3.4,72,5.7344,0.5059,549.03
R_2VOnAk4olRc2qX8,32,667.72,20.87,32.0,12.0,168.0,15.27,25,4.4497,0.4873,1148.3799999999999
R_2VPbKqVsCPL36lS,70,1082.05,15.46,71.0,15.0,165.0,11.0,38,4.8457,2.5181,276.52
R_2VPet6qQvuFwQAr,8,117.86,14.73,8.0,7.0,173.0,28.83,7,2.75,0.3871,71.76
R_2VQ4fJhyE3krisI,6,72.93,12.16,6.0,42.0,138.0,69.0,5,2.2516,2.318,0.0
R_2VQG7Cq554P9Ov7,2,49.78,24.89,2.0,175.0,5.0,5.0,2,1.0,0.0,69.99
R_2VaWg2jhtCG6zmh,43,828.18,19.26,43.0,1.0,179.0,6.39,32,4.6528,2.9959,1605.95
R_2Ve98NPCnS8wzMk,28,721.06,25.75,28.0,122.0,58.0,9.67,19,4.0086,0.0,67.97
R_2Vg5Du0x87AijTs,35,757.58,21.65,35.0,65.0,115.0,19.17,8,2.3247,0.353,922.13
R_2VgZ0EttZLvI0QY,3,89.99,30.0,3.0,153.0,27.0,27.0,2,0.9183,0.0,42.49
R_2Vjq0u3IGbVbOBl,38,621.45,16.35,49.0,6.0,174.0,10.88,22,4.1647,0.1502,483.5
R_2VkFzKtUReuEWm9,17,620.48,36.5,18.0,2.0,178.0,17.8,13,3.5725,4.4605,328.86
R_2Vky5Hd2QCJTwJT,3,89.99,30.0,3.0,165.0,15.0,7.5,2,0.9183,0.0,0.0
R_2VpWRgz8AMA7t7T,99,3018.89,30.49,111.0,13.0,167.0,3.15,60,5.5853,0.9199,2648.57
R_2VsCpLMEP8xSuge,3,59.43,19.81,3.0,26.0,154.0,154.0,3,1.585,1.0458,119.42
R_2Vsju2WVzoX9ueP,6,78.9,13.15,6.0,51.0,129.0,43.0,6,2.585,0.5483,25.96
R_2VvStBjp5jR1hKH,1,14.99,14.99,1.0,180.0,0.0,180.0,1,-0.0,0.0,0.0
R_2VwjXhJ5OznStEi,210,1618.38,7.71,215.0,1.0,179.0,1.54,45,2.7128,2.4652,4396.0
R_2VxLpaBYauMk3iU,60,972.85,16.21,61.0,1.0,179.0,9.42,40,4.9012,0.5057,248.47
R_2Vxxas8YTz85ckg,48,944.39,19.67,48.0,1.0,179.0,4.84,29,4.429,1.0467,1291.69
R_2VyJfJ14xDTZniQ,6,232.13,38.69,6.0,2.0,178.0,89.0,6,2.585,5.6361,0.0
R_2VyUSFk11bbTVej,98,2828.21,28.86,106.0,1.0,179.0,3.14,69,5.7751,0.446,2285.1
R_2Vymj1aiyDx3hun,7,136.47,19.5,7.0,42.0,138.0,34.5,4,1.8424,0.2826,289.31
R_2WAagX64hf1kdMI,106,1884.16,17.78,117.0,9.0,171.0,4.5,51,4.7505,0.5047,5165.49
R_2WAtpUZeSuUt5qk,37,780.38,21.09,37.0,14.0,166.0,6.92,29,4.7362,1.2142,543.45
R_2WDs50tr0PZjXrr,31,394.0,12.71,31.0,22.0,158.0,7.52,20,4.0636,0.2412,0.0
R_2WG22kKQqVhH86R,56,1314.83,23.48,58.0,4.0,176.0,4.76,33,4.6463,0.8471,1723.78
R_2WGwF7VzvL1EVL7,13,279.02,21.46,14.0,1.0,179.0,29.83,11,3.3347,0.6535,143.3
R_2WHxAVIqdyfoX8D,9,387.94,43.1,10.0,18.0,162.0,54.0,8,2.9477,32.214,48.95
R_2WIj92JZ0jczfjG,37,415.92,11.24,39.0,69.0,111.0,27.75,29,4.7566,0.0993,260.49
R_2WMQprO1e6US68f,45,1179.05,26.2,59.0,8.0,172.0,11.47,33,4.7885,0.9986,773.12
R_2WMWkiZaazUyfmr,9,287.36,31.93,9.0,29.0,151.0,25.17,7,2.6416,1.5664,193.68
R_2WMt9IboH8O03gc,2,110.0,55.0,2.0,21.0,159.0,159.0,2,1.0,10.0,136.92
R_2WPtjBPlJszCwQl,9,179.04,19.89,9.0,33.0,147.0,73.5,9,3.1699,1.3207,44.989999999999995
R_2WSDyKoVDJhO1Os,22,282.22,12.83,24.0,1.0,179.0,9.94,19,4.1524,1.9555,278.13
R_2WUO75pc34ZmHIV,13,509.21,39.17,14.0,4.0,176.0,22.0,8,2.5074,1.6523,0.0
R_2WV9XVt4hBJfITJ,4,58.09,14.52,4.0,40.0,140.0,70.0,4,2.0,0.8447,568.99
R_2WVFToWQi393WIA,10,141.9,14.19,10.0,5.0,175.0,29.17,7,2.6464,64.6944,0.0
R_2WVIxBGaj1uOr8S,64,1428.65,22.32,68.0,9.0,171.0,5.7,38,4.5613,0.9672,1691.02
R_2WVw3lmZv3Lkg8C,9,812.77,90.31,10.0,1.0,179.0,44.75,9,3.1699,1.2578,106.34
R_2WZ34ccdn1Fltl4,52,1674.65,32.2,59.0,4.0,176.0,6.52,27,4.13,0.2159,1576.54
R_2WZPO77ofaGQyBR,6,100.61,16.77,6.0,11.0,169.0,42.25,6,2.585,2.9548,131.25
R_2WtXpsDK0Q6SGvv,8,263.79,32.97,8.0,2.0,178.0,44.5,5,2.1556,2.2236,164.6
R_2Wu88yZoHaNzChK,17,286.35,16.84,17.0,5.0,175.0,21.88,11,3.1692,0.7131,179.18
R_2WuN1R3SeAwzhIF,5,65.23,13.05,5.0,72.0,108.0,36.0,4,1.9219,0.1315,344.92
R_2WumP0iKDvwiM2r,41,1164.69,28.41,42.0,4.0,176.0,7.33,16,3.1221,0.6928,2296.12
R_2WumnAOCybZNFxx,8,138.92,17.37,9.0,1.0,179.0,44.75,5,2.0,1.5745,229.79999999999998
R_2WuuY0g77i5Z7eq,26,942.03,36.23,26.0,4.0,176.0,9.78,19,4.056,0.9938,1816.8300000000002
R_2Wv4nxYeG1ijW2W,7,321.99,46.0,7.0,38.0,142.0,23.67,7,2.8074,1.8806,503.85
R_2WvawQtC74DuLAN,19,631.11,33.22,19.0,57.0,123.0,10.25,16,3.8924,0.0935,962.63
R_2Ww27zoK4AhPAVM,9,167.0,18.56,9.0,12.0,168.0,33.6,6,2.4194,0.2665,881.52
R_2WwzM8WiFsk4o3g,41,685.87,16.73,45.0,11.0,169.0,8.05,24,4.2476,0.4573,854.75
R_2WxwIp31iX2k3Fx,4,86.46,21.61,4.0,48.0,132.0,66.0,4,2.0,0.0421,0.0
R_2X1h9KVfL3KzT8u,9,64.16,7.13,9.0,51.0,129.0,21.5,7,2.6416,1.3021,102.11
R_2X4flRyyhiTPB4p,23,641.3,27.88,23.0,17.0,163.0,16.3,21,4.3496,1.208,568.21
R_2X4zTw22waSJRIZ,2,42.7,21.35,2.0,180.0,0.0,180.0,1,-0.0,0.0,129.67
R_2X5mdNuURaQh7R9,21,521.01,24.81,23.0,24.0,156.0,15.6,14,3.6538,0.5501,239.13
R_2X6EgWVHbIZF7VL,11,94.75,8.61,11.0,59.0,121.0,30.25,5,1.9717,2.2349,248.97
R_2X6cD7g7IYVpJnS,8,314.23,39.28,8.0,14.0,166.0,33.2,6,2.5,0.4946,119.31
R_2XaO5d390HYeZ5d,2,46.99,23.5,2.0,162.0,18.0,18.0,2,1.0,0.0,14.95
R_2XasM6V6LLwsutN,33,396.77,12.02,33.0,17.0,163.0,20.38,7,1.3822,0.9152,455.16
R_2XbKIBwSCWm3wDJ,9,133.1,14.79,9.0,90.0,90.0,15.0,8,2.9477,0.2891,277.22
R_2XbMfw7iPCOBI3Q,14,430.05,30.72,15.0,36.0,144.0,24.0,6,2.3249,0.123,716.11
R_2XbxD4y0TC9xKi2,14,327.93,23.42,15.0,23.0,157.0,17.44,11,3.3249,0.3886,135.74
R_2XcHeqtjXcsxznp,12,329.92,27.49,12.0,2.0,178.0,25.43,10,3.2516,0.325,330.6
R_2XdJmAF2o143mtj,16,290.78,18.17,17.0,8.0,172.0,14.33,5,1.4966,0.6085,194.79000000000002
R_2XdMB4tf1qMJDlU,151,2275.77,15.07,209.0,4.0,176.0,6.52,71,5.1908,1.2192,1975.84
R_2XgIs9q9SLkpzcz,74,3104.25,41.95,75.0,6.0,174.0,4.7,57,5.7194,3.0392,1572.3
R_2XgsktfoDDrhQSG,156,1404.85,9.01,179.0,6.0,174.0,9.67,68,5.307,0.5157,646.97
R_2XhQI2sjxP9OIhX,27,460.13,17.04,28.0,5.0,175.0,10.94,20,4.1805,0.961,646.11
R_2Xiy4KUuKun1iKj,20,631.87,31.59,22.0,6.0,174.0,21.75,19,4.2219,1.29,315.21000000000004
R_2Xj7LtCe2Mt8jNi,84,1708.37,20.34,86.0,4.0,176.0,5.18,39,4.416,1.075,2566.21
R_2Xn5A8skNbA3DXb,10,255.18,25.52,10.0,47.0,133.0,26.6,8,2.8464,0.3326,1005.55
R_2XnTa8UZ2c0QgRw,46,867.44,18.86,46.0,3.0,177.0,7.7,35,4.882,1.1723,614.22
R_2XniK7bvebFbdvp,1,6.49,6.49,1.0,180.0,0.0,180.0,1,-0.0,0.0,0.0
R_2XnwTIr876b33Rs,5,173.19,34.64,5.0,61.0,119.0,39.67,3,1.371,0.0785,134.2
R_2XoI6KbLJRGFz5X,152,3636.95,23.93,159.0,6.0,174.0,3.22,85,5.7564,1.3115,6126.07
R_2XoIMjsU1XI9unr,1,6.27,6.27,1.0,180.0,0.0,180.0,1,-0.0,0.0,0.0
R_2XoY9eLCodDQ7PG,4,32.81,8.2,4.0,15.0,165.0,82.5,3,1.5,3.1064,370.36
R_2XpoQZjmJ9BOKQR,134,2874.43,21.45,143.0,4.0,176.0,4.51,75,5.7828,1.0855,4606.83
R_2Y52DxnkdAlaiq8,8,452.88,56.61,9.0,65.0,115.0,28.75,7,2.75,3.0117,419.4
R_2Y5FZROYd6S1JW2,1,44.95,44.95,1.0,180.0,0.0,180.0,1,-0.0,0.0,514.09
R_2Y9fPhqa2Xf2QdZ,55,1018.11,18.51,59.0,4.0,176.0,6.77,39,4.9628,0.786,1085.6
R_2YAk7iAuNrR5Dfr,12,149.51,12.46,12.0,2.0,178.0,59.33,11,3.4183,1.7248,192.82999999999998
R_2YCU6JHbCzus4zy,22,602.29,27.38,22.0,11.0,169.0,14.08,19,4.1867,3.4312,546.11
R_2YCZHo7x8Bmh5ac,4,82.62,20.65,4.0,14.0,166.0,55.33,3,1.5,10.8197,90.94
R_2YDKY1n2zHf51tP,7,419.82,59.97,7.0,33.0,147.0,49.0,7,2.8074,0.4379,299.53999999999996
R_2YER9r6cGtKk7a7,14,190.27,13.59,14.0,104.0,76.0,15.2,8,2.7534,0.0,86.67999999999999
R_2YEwr7udVArG9IG,5,114.34,22.87,5.0,41.0,139.0,69.5,5,2.3219,0.1347,76.39
R_2YFLegfpzYFyRpy,6,366.9,61.15,6.0,17.0,163.0,54.33,5,2.2516,0.0426,0.0
R_2YFY1hXcHTcmRtH,35,613.7,17.53,38.0,5.0,175.0,10.94,26,4.5287,1.2519,209.36
R_2YJJio1KANIFFO2,6,218.99,36.5,6.0,33.0,147.0,36.75,5,2.2516,0.2386,434.15999999999997
R_2YJLVqCGAyLiODQ,53,1129.61,21.31,53.0,6.0,174.0,7.57,37,4.8832,0.6947,912.66
R_2YK6kp0D3NwX0H9,5,63.35,12.67,5.0,23.0,157.0,52.33,5,2.3219,0.9261,38.99
R_2YKPfnktaDrPIYT,78,2023.53,25.94,87.0,2.0,178.0,8.9,46,4.9993,1.7324,2212.0
R_2YKwm75bMpyuLW9,63,1516.58,24.07,72.0,19.0,161.0,6.44,33,4.4331,1.0244,2761.63
R_2YKywNTVPO7hJ0A,2,44.83,22.41,2.0,155.0,25.0,25.0,2,1.0,0.0,584.64
R_2YLHuI0WiiWMbKI,18,327.33,18.18,18.0,5.0,175.0,43.75,17,4.0588,1.4218,301.13
R_2YPUmag8Im3MDIV,10,238.82,23.88,10.0,32.0,148.0,49.33,6,2.371,1.1148,692.2
R_2YPn3BGBQEYnIRt,29,433.22,14.94,29.0,48.0,132.0,16.5,25,4.5561,0.9492,546.69
R_2YQeZHEvWwMkF5q,1,174.99,174.99,1.0,180.0,0.0,180.0,1,-0.0,0.0,197.98000000000002
R_2YR2Yn7wGzAeAj0,89,4562.82,51.27,98.0,4.0,176.0,3.74,59,5.5005,1.129,1855.9
R_2YRGyQvfHvDkV8z,10,138.7,13.87,10.0,2.0,178.0,19.78,7,2.5219,2.0686,452.59000000000003
R_2YRIGf16PJa2shD,2,86.44,43.22,2.0,179.0,1.0,1.0,2,1.0,0.0,0.0
R_2YRiGsmsqxtUimr,27,453.22,16.79,33.0,13.0,167.0,13.92,21,4.2545,0.4378,612.76
R_2YV9FbQPr8SnA0P,27,720.92,26.7,27.0,9.0,171.0,13.15,13,3.1511,2.1264,1001.72
R_2YVQQRVSdj7M8Va,91,2034.24,22.35,95.0,1.0,179.0,3.89,44,4.5726,0.8891,2304.87
R_2YYB0ZXHHFsMn1o,19,464.11,24.43,23.0,24.0,156.0,15.6,16,3.9321,0.9008,1326.42
R_2YaGEfeZQtpLVc8,3,47.76,15.92,3.0,92.0,88.0,44.0,3,1.585,0.0,361.49
R_2YbuDFbvaGnuvff,19,374.92,19.73,19.0,21.0,159.0,26.5,16,3.8924,0.3861,234.57
R_2Yce5zXLtFZz2qE,60,1120.45,18.67,60.0,25.0,155.0,4.56,20,3.6171,0.8715,1826.31
R_2YeJ7ZNQ5xBFmxw,67,2003.91,29.91,70.0,17.0,163.0,4.18,41,4.9982,0.1599,841.9
R_2YeNK8zMAjz7WyR,17,207.04,12.18,17.0,3.0,177.0,25.29,13,3.5725,0.2746,126.96000000000001
R_2Yg1mhKIH5TW8mN,3,90.99,30.33,3.0,120.0,60.0,60.0,2,0.9183,0.0,69.99
R_2YgMqdVXQ7ap4v8,32,796.6,24.89,36.0,17.0,163.0,7.41,22,4.3042,0.3188,962.1
R_2YgscGGqQjXeGhK,4,40.47,10.12,4.0,105.0,75.0,37.5,4,2.0,0.0,193.18
R_2YijCafrDkRdx8U,52,875.04,16.83,52.0,16.0,164.0,7.81,41,5.1695,0.994,629.37
R_2YkUPwjQ50TEEjq,14,216.59,15.47,14.0,90.0,90.0,30.0,7,2.0931,0.0561,0.0
R_2YkZ80PY6z9YT37,11,180.99,16.45,12.0,5.0,175.0,29.17,8,2.8454,4.5741,318.73
R_2YlhHzEptxRGFBL,26,367.22,14.12,26.0,2.0,178.0,29.67,17,3.7193,1.0266,400.49
R_2YmiCqtyRRmqGj3,23,688.96,29.95,23.0,23.0,157.0,9.24,15,3.5884,1.025,1070.3600000000001
R_2YqUaWh6eblpHDD,18,374.17,20.79,19.0,3.0,177.0,19.67,15,3.7947,2.1155,350.59
R_2YrIsuxiBaSwICV,7,256.96,36.71,7.0,134.0,46.0,15.33,6,2.5216,0.0,130.04000000000002
R_2YsjHAMz6J9snFb,8,88.5,11.06,8.0,25.0,155.0,155.0,8,3.0,0.5992,0.0
R_2Ysu2QpwwnLCChx,51,1593.73,31.25,67.0,3.0,177.0,5.36,36,4.9466,1.414,1083.09
R_2Yu31boRFb6mCr1,10,129.96,13.0,10.0,60.0,120.0,40.0,5,1.771,0.7598,105.0
R_2YynbgGxQgA13bf,7,115.38,16.48,10.0,85.0,95.0,47.5,5,2.2359,0.4907,203.02
R_2YzwllA3OWyo30M,47,734.71,15.63,47.0,7.0,173.0,9.11,26,4.2316,0.8642,281.96
R_2ZBMRrCN09X0ZKV,7,82.59,11.8,8.0,161.0,19.0,6.33,4,1.8424,0.0,0.0
R_2ZBU5PNdR1kOb6q,2,129.79,64.89,2.0,178.0,2.0,2.0,2,1.0,0.0,39.99
R_2ZCwBno7W7PmguU,10,140.82,14.08,10.0,9.0,171.0,34.2,9,3.1219,0.3215,210.18
R_2ZDGeuEsPzT9nBn,4,41.55,10.39,4.0,71.0,109.0,54.5,4,2.0,1.5664,165.64999999999998
R_2ZEQSnRGlS7ZscC,23,600.67,26.12,24.0,15.0,165.0,11.0,16,3.6753,0.933,658.41
R_2ZEoREY3x7s7zEM,32,393.36,12.29,32.0,9.0,171.0,6.84,17,3.4747,1.0321,310.40999999999997
R_2ZHo9wnvuEIY0DH,20,291.7,14.59,20.0,21.0,159.0,9.35,4,0.8476,0.909,262.43
R_2ZHvij28yPTjxOE,7,97.99,14.0,7.0,76.0,104.0,20.8,5,2.2359,0.0888,240.29
R_2ZIHNY6kK2Ife6g,108,2870.25,26.58,136.0,2.0,178.0,4.45,68,5.7147,2.9933,4049.11
R_2ZIHUKwXYNXR0DI,1,15.29,15.29,1.0,180.0,0.0,180.0,1,-0.0,0.0,65.45
R_2ZIvE4bPXZXhf0T,1,29.99,29.99,1.0,180.0,0.0,180.0,1,-0.0,0.0,0.0
R_2ZK2OE3L10Eo2vx,1,14.95,14.95,1.0,180.0,0.0,180.0,1,-0.0,0.0,111.55
R_2ZK5JH2NcMfnWuS,15,378.88,25.26,15.0,16.0,164.0,18.22,11,3.2729,0.0278,392.12
R_2ZKqoOzAsMTAnNk,17,365.42,21.5,17.0,16.0,164.0,13.67,12,3.2869,0.8989,275.1
R_2ZKwvQaCWvHI4ey,20,224.21,11.21,21.0,4.0,176.0,19.56,14,3.3394,0.5637,1010.39
R_2ZNPweVWnwFNjiC,27,236.85,8.77,27.0,48.0,132.0,18.86,20,4.1805,0.362,144.45
R_2ZOgImZ5BSZcQoz,31,684.59,22.08,33.0,3.0,177.0,9.83,27,4.6961,0.4727,1630.58
R_2ZOjCN0NmPOTw9H,42,962.44,22.92,44.0,9.0,171.0,8.55,22,3.8083,0.9772,1414.75
R_2ZOzP63AylmR887,10,225.86,22.59,10.0,26.0,154.0,25.67,8,2.9219,0.2494,504.15000000000003
R_2ZPqsX1an4DPSal,10,405.9,40.59,13.0,57.0,123.0,41.0,9,3.1219,7.6454,249.28
R_2ZQhqi8UnqgEMIo,21,552.28,26.3,21.0,3.0,177.0,19.67,13,3.2661,1.337,619.3
R_2ZTFfLAcuwm22Yh,71,2034.51,28.66,81.0,2.0,178.0,5.39,41,4.8917,1.2983,2348.08
R_2ZU2290oXuLzisq,22,735.72,33.44,22.0,54.0,126.0,25.2,19,4.0958,0.3585,134.04999999999998
R_2ZZSS68rfn9BMtt,21,586.79,27.94,24.0,23.0,157.0,19.62,8,2.4702,1.4089,420.96999999999997
R_2ZZvT7qDtXZzTXT,19,688.57,36.24,24.0,8.0,172.0,15.64,11,3.1556,0.2638,249.13
R_2a6N79YhPHNWjBv,56,1402.62,25.05,56.0,1.0,179.0,4.59,21,3.5808,0.7824,1344.34
R_2a8rpLIyhmxoRdv,9,167.42,18.6,9.0,106.0,74.0,14.8,9,3.1699,0.0,0.0
R_2aFBz3vD6yPLBLf,2,200.78,100.39,2.0,180.0,0.0,180.0,1,-0.0,0.0,0.0
R_2aFZa3cTIAltqRd,19,517.53,27.24,19.0,13.0,167.0,11.93,14,3.5316,0.4685,1076.7
R_2aFurnCFaTm2kzX,7,286.3,40.9,8.0,15.0,165.0,165.0,6,2.5216,0.5396,41.89
R_2aIBZFEO1VsI6xB,9,112.39,12.49,9.0,61.0,119.0,59.5,6,2.4194,0.1539,110.01
R_2aKRZG8QP41ImcR,37,834.93,22.57,42.0,6.0,174.0,9.16,21,4.2062,0.775,302.37
R_2aKnRIuNnEcqWWn,47,3918.25,83.37,69.0,10.0,170.0,6.07,22,4.0245,0.1328,2215.54
R_2aKrOq0DBielcig,44,2206.07,50.14,56.0,6.0,174.0,5.8,33,4.8514,0.7023,1719.7
R_2aKybkmbo2d0Vay,20,401.46,20.07,20.0,32.0,148.0,14.8,12,3.3219,1.7537,235.39
R_2aOUTzNgkEajgjw,15,297.19,19.81,15.0,53.0,127.0,18.14,11,3.3736,0.1413,206.96
R_2aP0GyIR66gSTiR,15,120.48,8.03,15.0,8.0,172.0,19.11,5,1.6879,0.7216,56.08
R_2aPLoxPKyV7LSir,7,118.96,16.99,7.0,17.0,163.0,40.75,3,1.1488,0.3078,107.87
R_2aPMLWeVjjgoLoA,44,445.19,10.12,44.0,1.0,179.0,7.46,23,3.9976,1.5673,301.13
R_2aPkBpvjkFtR9bD,53,1207.25,22.78,66.0,2.0,178.0,8.48,29,4.4454,0.3248,827.9399999999999
R_2aQbEKl3eZydCDl,49,1498.35,30.58,50.0,23.0,157.0,7.85,30,4.5635,1.4258,201.32
R_2aRHDRQpAhGhdmD,44,942.43,21.42,48.0,20.0,160.0,5.52,26,4.2745,2.2378,1373.76
R_2aV7W397pASsmOo,57,999.06,17.53,58.0,8.0,172.0,8.6,34,4.7405,0.7264,191.81
R_2aWA5qQMQhq7HRL,25,438.47,17.54,25.0,17.0,163.0,32.6,21,4.3239,2.8892,353.08
R_2aWh3gp0LOMr2rP,1,19.99,19.99,1.0,180.0,0.0,180.0,1,-0.0,0.0,58.85
R_2aXreqioeZcvDH1,22,403.66,18.35,22.0,29.0,151.0,15.1,18,4.0958,0.3537,768.14
R_2aY0qGl9YtWv316,27,512.71,18.99,27.0,3.0,177.0,8.05,20,4.0323,1.7678,857.09
R_2aaw2bhbdPwHa1w,1,6.5,6.5,1.0,180.0,0.0,180.0,1,-0.0,0.0,0.0
R_2afWFspSOeog4QC,6,169.74,28.29,6.0,62.0,118.0,29.5,4,1.9183,0.3716,0.0
R_2afZYlR9lZxsy4J,7,185.24,26.46,7.0,4.0,176.0,35.2,4,1.6645,0.3485,261.1
R_2afdoudnLFPjXSo,8,157.0,19.62,8.0,4.0,176.0,35.2,2,0.9544,1.6476,177.02
R_2afxBgXyqkJY04O,11,1049.81,95.44,11.0,51.0,129.0,18.43,9,3.0958,0.3671,324.95
R_2agW9mQow8LMpEq,7,546.41,78.06,7.0,129.0,51.0,12.75,4,1.6645,0.0,11.48
R_2ahkbz8YjmE3vuw,16,301.8,18.86,16.0,15.0,165.0,23.57,12,3.4528,1.1562,526.0
R_2alDLWrajjnLX6F,25,502.92,20.12,30.0,30.0,150.0,18.75,14,3.4595,1.0112,309.03
R_2alEUsLBV9uZSKj,3,339.94,113.31,3.0,74.0,106.0,106.0,2,0.9183,8.7126,69.99
R_2alXU7eybD40gy7,31,731.41,23.59,37.0,4.0,176.0,11.73,21,4.1958,0.4771,551.54
R_2aldwxmUZox7Yfd,63,1061.45,16.85,67.0,7.0,173.0,9.11,29,3.6824,1.2696,1784.22
R_2alybIrtMFx3zDD,28,466.03,16.64,31.0,3.0,177.0,14.75,20,4.1645,0.9794,1905.31
R_2am2kEZGpe6HleR,8,126.37,15.8,8.0,115.0,65.0,32.5,4,1.8113,0.0,0.0
R_2amNlc55klRXpK1,11,279.04,25.37,11.0,18.0,162.0,32.4,11,3.4594,3.9864,9.99
R_2an9oy1DH2K2W8o,11,163.43,14.86,12.0,117.0,63.0,63.0,8,2.914,0.0,1126.35
R_2anp6XBwXhcuYxE,36,2573.95,71.5,37.0,24.0,156.0,14.18,21,4.0611,0.0204,461.11
R_2arcRfiSGuktBYg,14,164.87,11.78,14.0,122.0,58.0,11.6,6,2.064,0.0,0.0
R_2ary1I4SkdMpWws,43,698.43,16.24,43.0,4.0,176.0,10.35,28,4.4491,13.5355,300.68
R_2awplSTVkAfH3Gp,1,43.99,43.99,1.0,180.0,0.0,180.0,1,-0.0,0.0,153.92000000000002
R_2awuEacPaWBUkGg,28,269.45,9.62,37.0,15.0,165.0,16.5,21,4.2804,0.5145,590.28
R_2awxWgzoilIrv93,16,237.69,14.86,16.0,7.0,173.0,17.3,11,3.3278,1.5682,330.69
R_2axGyt2hsFZDZn8,36,1096.74,30.46,36.0,18.0,162.0,5.59,29,4.6808,0.4665,1302.51
R_2axdjnr5pU1XpjJ,7,88.37,12.62,7.0,36.0,144.0,72.0,7,2.8074,0.4614,657.58
R_2az4dQRzcF4kQeg,7,123.15,17.59,7.0,92.0,88.0,17.6,5,2.2359,0.0,149.7
R_2azaaoLBiSg9AiC,140,3358.59,23.99,157.0,1.0,179.0,2.93,66,5.0516,1.0436,3275.65
R_2azdeUYMtQ1OJih,8,92.21,11.53,10.0,16.0,164.0,41.0,7,2.75,0.873,175.16
R_2b0Cs6lnDpcnGzL,14,872.42,62.32,14.0,3.0,177.0,25.29,13,3.6645,0.351,1154.24
R_2b1MfkpNO4V6xMv,20,428.7,21.43,20.0,4.0,176.0,19.56,18,4.1219,0.3403,92.68
R_2b1XOZR0PYTA1jX,107,2583.56,24.15,118.0,8.0,172.0,4.1,62,5.4958,0.8196,3064.63
R_2b1vSrje3vtFi67,3,169.32,56.44,3.0,73.0,107.0,53.5,3,1.585,0.006,0.0
R_2b2HfsI0sUHFVyL,75,1502.33,20.03,77.0,4.0,176.0,4.89,39,4.4605,0.431,1189.95
R_2b3rWdtxovRszfm,4,91.96,22.99,4.0,11.0,169.0,56.33,4,2.0,3.6003,0.0
R_2bFoMr1RQvP1aLL,27,361.02,13.37,27.0,126.0,54.0,5.4,22,4.3845,0.0,128.63
R_2bIBzFGLRT37EZT,5,86.96,17.39,5.0,33.0,147.0,73.5,4,1.9219,19.6066,0.0
R_2bIczstyl0SzIN4,6,310.31,51.72,6.0,180.0,0.0,180.0,6,2.585,0.0,0.0
R_2bO84Ktdkq0012R,8,96.61,12.08,8.0,99.0,81.0,20.25,6,2.5,0.0,0.0
R_2bOT9I7PH69jROd,2,39.98,19.99,2.0,160.0,20.0,20.0,2,1.0,0.0,11.75
R_2bOxePQdRLlrSF5,6,152.45,25.41,6.0,9.0,171.0,57.0,6,2.585,1.7921,64.99000000000001
R_2bPZUcXMwF3Vzib,66,1334.71,20.22,69.0,3.0,177.0,5.21,47,5.3379,0.2541,1269.72
R_2bPqsz2zSDeVrzS,16,460.18,28.76,17.0,3.0,177.0,17.7,12,3.375,0.8834,1038.3
R_2bTLZFP7p4CPlTT,30,381.16,12.71,30.0,16.0,164.0,9.11,24,4.3232,1.1386,217.68
R_2bToXEqeq3gv28I,35,1183.58,33.82,76.0,22.0,158.0,31.6,27,4.5147,3.0232,379.74
R_2bUiaHZeb8qa8uG,7,545.37,77.91,8.0,177.0,3.0,1.5,7,2.8074,0.0,18.99
R_2bV1u86jJhXJh7j,3,104.98,34.99,3.0,156.0,24.0,24.0,3,1.585,0.0,0.0
R_2bVQmKqvWLa097x,8,165.11,20.64,10.0,9.0,171.0,34.2,7,2.75,6.4914,119.95
R_2bVSCM3iJc3wgJK,32,432.29,13.51,33.0,8.0,172.0,7.82,22,4.1123,2.1828,596.21
R_2bVhRIlk0QpQuYi,1,25.0,25.0,1.0,180.0,0.0,180.0,1,-0.0,0.0,0.0
R_2bW4aarsfN4ohuV,6,206.69,34.45,6.0,49.0,131.0,65.5,6,2.585,4.5938,27.55
R_2bZegGjMiS1Luvj,29,1223.36,42.18,29.0,1.0,179.0,11.19,14,3.4695,8.3215,33.03
R_2c0HSktNV0gqAh9,2,22.88,11.44,2.0,72.0,108.0,108.0,2,1.0,1.5766,0.0
R_2c0LvQZZyDEtFnA,36,609.16,16.92,37.0,1.0,179.0,8.95,23,4.1206,0.4481,839.9200000000001
R_2c0kxk2rIJClCxm,63,1409.89,22.38,65.0,8.0,172.0,7.82,45,5.1834,0.5188,910.09
R_2c12UVhtx0YA4jg,7,121.17,17.31,7.0,58.0,122.0,40.67,6,2.5216,3.0403,44.120000000000005
R_2c1UYDhiZ7kSQwD,4,48.9,12.23,4.0,41.0,139.0,69.5,3,1.5,0.6616,432.73
R_2c1s3BLAcJcVmii,29,560.19,19.32,29.0,5.0,175.0,12.5,15,3.2704,0.6861,441.05
R_2c2EaQAx9B87TDi,10,215.28,21.53,10.0,26.0,154.0,19.25,7,2.5219,0.5709,577.48
R_2c2zFkBJcs7MFXI,11,201.14,18.29,11.0,3.0,177.0,44.25,3,0.8659,3.043,61.52
R_2c5FfLrVx5lxFQQ,2,67.59,33.8,2.0,180.0,0.0,180.0,2,1.0,0.0,68.96000000000001
R_2c631mUa0YmTtWV,69,882.33,12.79,70.0,6.0,174.0,11.6,44,4.9075,0.9315,996.36
R_2c6MujRUgeJkJC4,2,15.58,7.79,2.0,128.0,52.0,52.0,2,1.0,0.0,0.0
R_2c6ZPDvvitYUf1E,9,119.45,13.27,9.0,88.0,92.0,30.67,5,1.88,0.1116,0.0
R_2c6eurXv5jRvtuT,31,726.14,23.42,31.0,2.0,178.0,14.83,18,3.5461,6.8214,1064.65
R_2c7P0KnO3rHg32r,1,11.45,11.45,1.0,180.0,0.0,180.0,1,-0.0,0.0,32.75
R_2c7x9eq7kVIBxTQ,17,456.83,26.87,17.0,3.0,177.0,14.75,14,3.6901,2.13,139.79
R_2c7xwiUdPFTdQLj,28,984.97,35.18,31.0,7.0,173.0,9.61,24,4.5216,1.7813,1899.01
R_2cA8go1B2rU2JtD,7,219.95,31.42,8.0,40.0,140.0,28.0,6,2.5216,0.9631,253.27
R_2cBADxleVyzT89z,99,2359.12,23.83,107.0,8.0,172.0,3.44,55,5.4681,0.6694,2178.24
R_2cCUbXO4ck4ZxjE,36,734.63,20.41,40.0,10.0,170.0,12.14,24,4.2907,1.397,3663.6800000000003
R_2cCx0AHlJbsWbKA,27,667.09,24.71,27.0,5.0,175.0,10.94,17,3.7028,8.0392,212.91
R_2cCxAKd7w2q4g8d,4,33.43,8.36,4.0,171.0,9.0,9.0,4,2.0,0.0,0.0
R_2cbjhVUB74akzNq,1,174.99,174.99,1.0,180.0,0.0,180.0,1,-0.0,0.0,1026.45
R_2cblokO1kLZdZKI,7,258.94,36.99,7.0,30.0,150.0,37.5,7,2.8074,0.0339,271.64
R_2cbwryA0rLvLjnL,2,33.92,16.96,2.0,122.0,58.0,58.0,1,-0.0,0.0,278.05
R_2ccFg0mHox1ElSE,4,79.84,19.96,4.0,180.0,0.0,180.0,3,1.5,0.0,0.0
R_2ccGCp4V670rxQy,24,273.21,11.38,24.0,2.0,178.0,14.83,18,3.9702,4.3529,685.78
R_2ccKVp1NeZmvJcy,11,350.63,31.88,11.0,1.0,179.0,25.57,11,3.4594,0.4274,172.02
R_2cd9jCAamQMAsxe,91,1540.37,16.93,95.0,4.0,176.0,13.54,51,5.1371,1.2527,1105.86
R_2cdBFX77dZBSWSs,17,331.64,19.51,17.0,4.0,176.0,16.0,15,3.8522,0.4205,57.14
R_2cdDkpDqDzaxMGK,2,52.98,26.49,2.0,96.0,84.0,84.0,2,1.0,0.0,13.89
R_2cde4xaJBUPbGeZ,14,216.8,15.49,15.0,15.0,165.0,33.0,12,3.5216,17.7543,190.24
R_2cdsWcK6yWNSmhS,19,135.06,7.11,19.0,81.0,99.0,99.0,2,0.2975,0.1386,195.24
R_2ceL9KN7HJm0e43,19,394.69,20.77,19.0,5.0,175.0,21.88,15,3.7474,2.1928,473.71000000000004
R_2ceym1bWxLke53s,7,342.88,48.98,7.0,53.0,127.0,25.4,7,2.8074,3.8525,60.0
R_2cmFD4NTF42JLfH,11,270.03,24.55,11.0,55.0,125.0,62.5,9,3.0272,0.138,69.89
R_2cnNyjA4yHdU4ij,30,475.88,15.86,30.0,32.0,148.0,12.33,19,3.8933,2.1403,440.16
R_2coOZoRiRqZOdqN,1,14.46,14.46,1.0,180.0,0.0,180.0,1,-0.0,0.0,771.1800000000001
R_2cozRynbM2kFaF6,22,309.4,14.06,23.0,24.0,156.0,19.5,18,4.0958,0.8438,323.15999999999997
R_2cpVeiPz8GKOxkm,71,1329.32,18.72,72.0,2.0,178.0,5.39,44,5.111,0.5543,1587.82
R_2cpjBpTxUz0sR3Y,10,75.1,7.51,10.0,3.0,177.0,177.0,7,2.6464,1.6869,56.74
R_2cuOE8Vi57bFRM8,50,541.14,10.82,50.0,27.0,153.0,7.29,16,2.9149,1.0191,1099.21
R_2cvgeckGvoIIyzW,3,182.83,60.94,3.0,6.0,174.0,174.0,3,1.585,0.0448,228.26
R_2cvmrv8q51q8yh1,107,1750.82,16.36,109.0,2.0,178.0,3.96,63,5.4152,0.8729,2271.3
R_2cw4rjR5lnZ4Npj,34,2085.43,61.34,51.0,15.0,165.0,8.25,21,4.0167,1.2189,1244.07
R_2dBeaxt7r33lzUL,2,52.19,26.1,7.0,180.0,0.0,180.0,2,1.0,0.0,383.91
R_2dEHNCOc5pns5g3,2,94.99,47.49,2.0,180.0,0.0,180.0,2,1.0,0.0,126.21
R_2dEe5MXA0pGB5Fr,37,1081.63,29.23,38.0,4.0,176.0,22.0,33,4.9392,1.3246,432.24
R_2dF6KFGsXpdTXQs,7,101.97,14.57,7.0,51.0,129.0,21.5,7,2.8074,0.8608,162.76
R_2dF9dY6XnMjOapK,77,1030.34,13.38,80.0,10.0,170.0,10.62,46,5.1626,11.3158,842.46
R_2dFHfsIqQ6eEtVW,39,1821.88,46.71,41.0,3.0,177.0,7.38,23,4.1798,0.3615,1310.8799999999999
R_2dFIbbYWUgwBiHk,1,21.9,21.9,1.0,180.0,0.0,180.0,1,-0.0,0.0,0.0
R_2dGCaOSuAKevfs7,23,1607.29,69.88,25.0,15.0,165.0,8.25,17,3.9362,0.762,393.40999999999997
R_2dGaacOj5xLJbDr,20,468.24,23.41,21.0,16.0,164.0,41.0,15,3.7842,1.1404,381.04
R_2dHhwQewrLPWukn,4,224.98,56.25,4.0,177.0,3.0,3.0,2,1.0,0.0,0.0
R_2dHne3wyTYwxWBl,22,727.39,33.06,23.0,36.0,144.0,12.0,13,3.2999,0.6887,793.8
R_2dJVmHgMI38jr3y,5,83.79,16.76,5.0,176.0,4.0,4.0,4,1.9219,0.0,0.0
R_2dKD7iOheWgyN01,15,266.61,17.77,15.0,10.0,170.0,18.89,8,2.6826,0.2903,365.65
R_2dKGe5V8cM8t8Lh,2,37.66,18.83,2.0,130.0,50.0,50.0,2,1.0,0.0,155.34
R_2dKffzwAvXT0QKV,18,285.91,15.88,18.0,19.0,161.0,20.12,13,3.4138,4.6226,396.82
R_2dL049KyJSlVaMx,5,74.58,14.92,5.0,65.0,115.0,38.33,5,2.3219,2.7667,38.98
R_2dMef2oXr2I6RKU,28,659.92,23.57,28.0,5.0,175.0,10.29,21,4.1515,0.2898,711.38
R_2dQjkDYWyYNuSjS,10,163.74,16.37,10.0,39.0,141.0,35.25,8,2.9219,0.3778,235.17
R_2dQmuRnBhjbMgNd,1,11.55,11.55,1.0,180.0,0.0,180.0,1,-0.0,0.0,33.95
R_2dRR9SjNrn4s7xU,34,551.25,16.21,147.0,6.0,174.0,15.82,15,3.5102,1.5524,859.07
R_2dSe3kBH99Oi0D5,7,83.86,11.98,7.0,14.0,166.0,33.2,6,2.5216,0.7625,1022.78
R_2dVVW6wvkXEmYsw,10,295.47,29.55,10.0,139.0,41.0,20.5,9,3.1219,0.0,655.12
R_2dWMLgcNB9pmhBe,2,94.15,47.08,2.0,180.0,0.0,180.0,2,1.0,0.0,14.95
R_2dWRc2LodSZC6yT,15,272.92,18.19,15.0,95.0,85.0,12.14,10,3.1069,0.0,178.63
R_2dX8oLhgW3U0Q0m,15,231.52,15.43,16.0,20.0,160.0,26.67,10,2.9996,0.2362,762.54
R_2dXwiYpA2ystzCd,12,190.14,15.85,12.0,6.0,174.0,21.75,9,3.0221,1.3935,500.55
R_2dY2NzAgp2digAs,49,1176.91,24.02,50.0,3.0,177.0,5.36,24,3.963,0.5235,1421.19
R_2dYGdPlFmvZpCk6,20,474.04,23.7,22.0,30.0,150.0,30.0,15,3.5464,0.9245,253.57
R_2dYdWa6vmPtZBmi,26,621.17,23.89,27.0,20.0,160.0,10.0,23,4.4406,2.156,1385.75
R_2dYk5auG9Fv5Qve,2,32.22,16.11,2.0,145.0,35.0,35.0,2,1.0,0.0,0.0
R_2dhWPLW3Gyixefe,20,990.92,49.55,23.0,39.0,141.0,10.07,19,4.2219,0.3023,8.89
R_2diGjJelIirkHCV,8,79.97,10.0,8.0,165.0,15.0,15.0,7,2.75,0.0,85.44
R_2dihfHjL0WReue6,1,28.0,28.0,1.0,180.0,0.0,180.0,1,-0.0,0.0,43.8
R_2dj3dRaXK0gtaCy,34,615.91,18.12,34.0,1.0,179.0,8.52,18,3.8402,0.7034,1503.23
R_2djaIfKORskyeuO,59,1459.01,24.73,64.0,4.0,176.0,7.33,45,5.2213,1.9622,1979.13
R_2dlRQrBO4HHFGWg,21,853.66,40.65,21.0,5.0,175.0,21.88,17,4.0114,13.0105,207.18
R_2dmZyPIDedcDR2J,20,641.4,32.07,20.0,8.0,172.0,12.29,17,3.9842,0.4538,1623.71
R_2dmqKX6ss6HMnb7,17,174.11,10.24,18.0,7.0,173.0,13.31,14,3.7345,0.341,472.7
R_2dp9d9leOJ6XXbN,27,228.15,8.45,27.0,5.0,175.0,10.94,15,3.736,1.5973,506.42
R_2dpa6TUZ2ogehoZ,2,26.58,13.29,2.0,180.0,0.0,180.0,2,1.0,0.0,8.71
R_2drQfJcqWLcLnGm,12,249.83,20.82,12.0,121.0,59.0,11.8,11,3.4183,0.0,0.0
R_2dtpXL3ow92qYia,18,463.53,25.75,18.0,3.0,177.0,19.67,13,3.5724,2.3728,224.79
R_2du26zXaU8cUilQ,3,124.09,41.36,3.0,180.0,0.0,180.0,1,-0.0,0.0,166.9
R_2dv7xbr7eyfwkxw,1,38.36,38.36,1.0,180.0,0.0,180.0,1,-0.0,0.0,0.0
R_2dvh9tu7PLPeipE,49,1005.51,20.52,49.0,1.0,179.0,5.26,34,4.8826,0.6481,1699.45
R_2dvk9UuFSRtf7aJ,14,150.84,10.77,14.0,19.0,161.0,26.83,10,3.182,1.7037,205.41
R_2dxMXdrOUumZV2I,18,335.41,18.63,19.0,11.0,169.0,15.36,14,3.6835,0.6225,118.16999999999999
R_2dyITPHbbfmCXJn,79,2510.36,31.78,82.0,4.0,176.0,5.33,58,5.6833,0.5536,814.8
R_2dyiVIsEABWR3HH,14,461.86,32.99,14.0,13.0,167.0,27.83,10,3.182,2.0906,455.08
R_2dz21GRV17aGMQ6,25,510.58,20.42,26.0,17.0,163.0,11.64,19,4.0537,1.5389,589.59
R_2dz3LTOMlLK2R8T,22,545.05,24.78,32.0,50.0,130.0,26.0,11,3.0449,1.1598,381.90999999999997
R_2dzIuPT8QnK8NCo,21,521.34,24.83,29.0,81.0,99.0,12.38,10,2.8326,0.042,185.49
R_2e22WIu9GyCivaX,5,36.97,7.39,5.0,91.0,89.0,29.67,1,-0.0,0.0,17.95
R_2e2WQWm1z9j93zW,43,787.12,18.31,46.0,18.0,162.0,12.46,31,4.7491,0.3859,453.2
R_2e38cV58JaByKpt,6,113.77,18.96,6.0,125.0,55.0,13.75,4,1.7925,0.0,233.01
R_2e3UMfLV5sMAVqW,7,61.3,8.76,7.0,125.0,55.0,27.5,4,1.9502,0.0,0.0
R_2e3bppvzM7Ynmch,31,592.24,19.1,32.0,17.0,163.0,11.64,15,3.12,1.3521,670.59
R_2e4rbn396I6cXMY,19,329.43,17.34,20.0,25.0,155.0,14.09,13,3.3866,0.4877,956.97
R_2e54NDgSan7NaX8,59,1652.34,28.01,60.0,18.0,162.0,6.23,41,4.9806,2.3779,671.87
R_2e88p3uAByfi8sR,10,101.77,10.18,10.0,86.0,94.0,13.43,7,2.6464,0.0737,133.46
R_2e8OR7pgD3uDTKa,8,115.61,14.45,8.0,119.0,61.0,20.33,5,2.25,0.0,10.64
R_2e8OXP3JydqCcm8,75,1414.89,18.87,79.0,2.0,178.0,6.14,34,4.5753,2.0911,1268.97
R_2e9KCDaD5lkHoEQ,3,24.07,8.02,3.0,38.0,142.0,71.0,3,1.585,0.7071,55.42
R_2e9bD8grdjxsQBQ,14,266.29,19.02,14.0,7.0,173.0,21.62,8,2.8074,0.1849,302.97
R_2e9e8lhWqVtpb7m,18,267.03,14.83,18.0,13.0,167.0,20.88,13,3.5724,0.5574,1077.45
R_2eOt3aWhoJtGi07,2,75.99,37.99,2.0,155.0,25.0,25.0,2,1.0,0.0,0.0
R_2eOtab1oC9I4JJ4,3,217.93,72.64,3.0,180.0,0.0,180.0,3,1.585,0.0,276.18
R_2eOv3Cki1qfnEUd,3,15.45,5.15,3.0,47.0,133.0,133.0,3,1.585,0.7597,48.75
R_2eP9RaoDUn9qgIR,4,162.73,40.68,4.0,6.0,174.0,58.0,3,1.5,1.9859,246.94
R_2eRWBFkVnLg6ueY,6,114.14,19.02,6.0,6.0,174.0,87.0,4,1.9183,1.3705,25.07
R_2eRyZubbsYSEg2S,19,180.94,9.52,19.0,9.0,171.0,28.5,17,3.9977,0.5993,438.96
R_2eUWEWjmzfqQgCx,23,473.95,20.61,24.0,33.0,147.0,11.31,13,3.1864,0.6375,1268.74
R_2eVCymbtZ7HEoUB,38,1853.26,48.77,59.0,4.0,176.0,10.35,23,4.1787,2.9277,2605.81
R_2eVvJOCbUPKJBLF,10,526.32,52.63,11.0,28.0,152.0,38.0,10,3.3219,2.0103,1287.36
R_2eaIHfPqBAh3Zqa,24,458.33,19.1,25.0,62.0,118.0,10.73,17,3.6828,0.1028,580.48
R_2eahHEkn4gYfPpS,2,11.91,5.96,2.0,57.0,123.0,123.0,1,-0.0,0.13,199.76000000000002
R_2ebyEGI9jY5WIax,18,329.33,18.3,18.0,5.0,175.0,15.91,8,2.3208,0.225,94.92000000000002
R_2ebzj3o225IisIQ,446,9044.44,20.28,449.0,1.0,179.0,1.35,171,5.2495,0.65,6166.19
R_2f1kM62xCV8fir6,37,543.31,14.68,37.0,13.0,167.0,9.28,24,4.1477,0.545,766.65
R_2f27EFpSQMRhxnI,13,375.21,28.86,13.0,97.0,83.0,8.3,7,2.7193,0.0,592.27
R_2f2HuzhFg7Fnduq,64,1310.41,20.48,82.0,8.0,172.0,4.3,33,4.5479,0.9323,2013.24
R_2f3d4w7vqBG6l92,8,246.19,30.77,8.0,7.0,173.0,43.25,7,2.75,3.177,278.76
R_2f7MFUqYnEv92pF,19,395.54,20.82,20.0,31.0,149.0,10.64,16,3.8269,0.8546,2383.67
R_2f8uuZBnUJ3Fr6f,4,58.46,14.62,4.0,152.0,28.0,14.0,3,1.5,0.0,25.0
R_2f9Ei4oz2kgmLFJ,6,82.07,13.68,6.0,67.0,113.0,37.67,4,1.9183,0.6759,0.0
R_2fD6Jy2muMgaubH,51,1418.09,27.81,54.0,3.0,177.0,4.54,39,5.077,0.6155,982.46
R_2fDtnk8jwaRUZjn,1,29.99,29.99,1.0,180.0,0.0,180.0,1,-0.0,0.0,77.81
R_2fE4M9t9gZQtHCQ,1,13.99,13.99,1.0,180.0,0.0,180.0,1,-0.0,0.0,0.0
R_2fGP2IUNlOit4kE,13,253.42,19.49,14.0,4.0,176.0,17.6,8,2.7774,0.5978,125.96
R_2fImfpKkUn0Fl1Z,85,1977.86,23.27,96.0,6.0,174.0,2.76,52,5.0453,1.2151,3523.43
R_2fIpcmjmR7iDqYo,15,226.82,15.12,15.0,24.0,156.0,19.5,14,3.7736,4.0304,184.93
R_2fJTjhPhMdpNQLO,22,479.48,21.79,24.0,29.0,151.0,18.88,15,3.4753,0.1182,265.83
R_2fJyhJIzbORi2SC,2,47.69,23.84,2.0,89.0,91.0,91.0,2,1.0,0.6036,0.0
R_2fQoqPD5ygeWViN,60,3319.07,55.32,62.0,16.0,164.0,6.31,34,4.5276,1.2884,2127.53
R_2fczRSkERZkjyDP,63,1250.97,19.86,67.0,5.0,175.0,8.75,51,5.539,1.5362,1087.41
R_2feRvKSb9cwQOgc,5,136.93,27.39,5.0,30.0,150.0,50.0,4,1.9219,0.592,170.95
R_2feZdiUVUKMKbmp,13,227.03,17.46,18.0,45.0,135.0,13.5,10,3.2389,0.7931,69.53999999999999
R_2ffGFIWWg0kUQK1,5,52.05,10.41,5.0,180.0,0.0,180.0,5,2.3219,0.0,480.7
R_2fiYglD2HzQVm0g,4,56.25,14.06,5.0,55.0,125.0,41.67,4,2.0,0.7994,320.26
R_2fjlGgn57pSPgdU,19,581.92,30.63,19.0,51.0,129.0,11.73,11,3.0761,0.1357,0.0
R_2fjs77gvSmIDAes,6,68.41,11.4,6.0,163.0,17.0,5.67,2,0.65,0.0,82.92
R_2foDWbM9hrc4GlL,9,101.24,11.25,9.0,2.0,178.0,44.5,9,3.1699,1.9953,422.02
R_2foIkyims4WyyYQ,18,493.55,27.42,18.0,23.0,157.0,15.7,13,3.5305,1.318,1161.3
R_2fqVnvxjsSVrRDe,14,351.66,25.12,14.0,24.0,156.0,26.0,12,3.5216,2.595,208.71
R_2frj956dhgNpdqD,8,242.77,30.35,8.0,54.0,126.0,31.5,8,3.0,0.3656,397.09
R_2fs0Ps4LT36ylOI,31,807.43,26.05,32.0,17.0,163.0,8.58,23,4.3248,3.3443,722.62
R_2fs9tvXgHNz8rMA,3,29.48,9.83,3.0,22.0,158.0,79.0,3,1.585,2.6896,0.0
R_2fuPf0OEnWfOjjm,11,170.65,15.51,11.0,66.0,114.0,16.29,9,3.0958,0.0491,231.49
R_2fusKB1BrcMCMWB,80,1731.95,21.65,80.0,7.0,173.0,4.81,40,4.8241,1.7413,1571.97
R_2fwcmF11OiCN6PF,1,37.99,37.99,1.0,180.0,0.0,180.0,1,-0.0,0.0,47.96
R_2fx4q9kzHTIS3EV,12,243.95,20.33,13.0,110.0,70.0,17.5,11,3.4183,0.0,0.0
R_2fxhde3AmAoBQBS,19,289.92,15.26,20.0,5.0,175.0,21.88,16,3.9321,1.0177,621.55
R_2fy7JSBbIRNQKLb,70,2327.36,33.25,78.0,53.0,127.0,6.35,28,3.9417,0.1843,558.72
R_2gfcoSzxRJDOfdv,1,12.33,12.33,1.0,180.0,0.0,180.0,1,-0.0,0.0,0.0
R_2mAJniG0xVBIInL,64,1143.01,17.86,67.0,5.0,175.0,5.15,42,4.8623,2.5562,2812.48
R_2mCnxi2Pst7t8wV,13,353.48,27.19,13.0,14.0,166.0,41.5,13,3.7004,0.7124,0.0
R_2mKYTXpTsUEkSGt,39,2009.46,51.52,39.0,9.0,171.0,5.7,27,4.5481,0.63,1829.86
R_2mkWRx6pXyD4WKB,11,187.78,17.07,11.0,51.0,129.0,16.12,9,3.0958,2.1693,264.98
R_2o7TURimZ8Iz6TL,3,46.98,15.66,3.0,98.0,82.0,41.0,3,1.585,0.0,0.0
R_2ohMwJ89VMqWmQ1,20,1488.61,74.43,20.0,18.0,162.0,14.73,19,4.2219,5.7992,356.84000000000003
R_2pJetPJO8BJM07E,5,275.7,55.14,5.0,49.0,131.0,131.0,3,1.371,5.8942,40.08
R_2pK2zZBvbieDcxb,14,173.02,12.36,14.0,18.0,162.0,18.0,11,3.3249,2.0781,192.56
R_2pKXux3m2M0x38L,3,58.97,19.66,3.0,142.0,38.0,38.0,2,0.9183,0.0,69.54
R_2pKbiSIpze2jP6t,35,777.13,22.2,36.0,22.0,158.0,7.52,26,4.5119,0.4289,1651.63
R_2pLAFWDIuMuYPNO,4,240.5,60.13,5.0,71.0,109.0,54.5,4,2.0,0.2931,359.7
R_2pPHDZGt8o0cCna,67,1157.7,17.28,71.0,2.0,178.0,3.87,43,5.1008,1.1504,1578.66
R_2pQU4najBWmK2eS,31,1006.14,32.46,31.0,5.0,175.0,10.94,23,4.3248,0.876,1712.96
R_2pReYpR5ZLHJIa0,3,88.47,29.49,3.0,179.0,1.0,1.0,2,0.9183,0.0,28.95
R_2pS5rJEsDinLA22,23,583.08,25.35,23.0,81.0,99.0,49.5,13,3.3931,0.0174,0.0
R_2pS6trX78UqetHg,3,102.02,34.01,3.0,39.0,141.0,70.5,1,-0.0,1.1912,0.0
R_2pW9tyhr6AsoRsr,19,631.41,33.23,19.0,1.0,179.0,19.89,15,3.6369,0.4266,1063.24
R_2pWAVsUj7WsZHLs,22,793.8,36.08,22.0,17.0,163.0,12.54,18,4.0615,0.9729,286.88
R_2pWPV1jAXWmFSlW,34,887.31,26.1,34.0,3.0,177.0,14.75,25,4.4548,1.6055,1884.73
R_2pWwhBj1ZE9iNrB,12,525.71,43.81,12.0,68.0,112.0,16.0,9,2.9183,0.0873,541.76
R_2pXJzGORiEDPmpz,10,177.32,17.73,10.0,70.0,110.0,110.0,7,2.6464,0.3948,39.93
R_2q1T7bTpUriDg78,23,642.83,27.95,23.0,31.0,149.0,10.64,19,4.1429,0.209,726.39
R_2q1uheRKtxMoKQw,6,228.44,38.07,6.0,36.0,144.0,36.0,6,2.585,0.1688,56.97
R_2q2hekIiutgInrE,54,1211.66,22.44,55.0,18.0,162.0,7.36,37,4.8751,0.6623,1084.0
R_2q7CELN85B8I2qU,68,1598.14,23.5,69.0,3.0,177.0,5.9,51,5.4638,1.3633,4215.5
R_2q89YsopFH6bVon,7,124.36,17.77,7.0,34.0,146.0,36.5,6,2.5216,1.6336,131.42
R_2q8FTalUrvHHhJj,96,1689.0,17.59,97.0,5.0,175.0,3.43,48,5.1449,0.8309,2230.75
R_2q8iXF82LthJM66,101,6787.96,67.21,208.0,18.0,162.0,4.76,53,5.285,0.4234,7088.02
R_2q9Qi9d6STzOGuw,1,22.95,22.95,1.0,180.0,0.0,180.0,1,-0.0,0.0,0.0
R_2qCa6ZE8Ba8iLsG,1,25.0,25.0,1.0,180.0,0.0,180.0,1,-0.0,0.0,62.03
R_2qD8ep8d313iLj4,58,953.66,16.44,58.0,10.0,170.0,3.62,33,4.6402,0.9179,1394.75
R_2qE6u7sWsb2DtXi,5,84.62,16.92,5.0,3.0,177.0,88.5,5,2.3219,0.0762,123.81
R_2qEEh58vzt5peUq,50,942.32,18.85,59.0,21.0,159.0,11.36,22,3.89,0.6055,855.09
R_2qEL7V5Gk04Jtva,1,21.99,21.99,1.0,180.0,0.0,180.0,1,-0.0,0.0,64.91
R_2qENkgJuEZ3grIf,15,262.67,17.51,16.0,4.0,176.0,17.6,14,3.7736,0.5918,435.18
R_2qEmR8eMHJ3bACJ,8,111.42,13.93,8.0,13.0,167.0,55.67,6,2.5,1.1443,0.0
R_2qe13k6z2H5lJro,1,15.0,15.0,2.0,180.0,0.0,180.0,1,-0.0,0.0,34.7
R_2qeXZMff18m7VYW,30,1102.78,36.76,36.0,11.0,169.0,9.94,16,3.6267,0.379,1239.64
R_2qfqIL0o3VLaUF4,5,250.97,50.19,5.0,146.0,34.0,17.0,3,1.5219,0.0,105.3
R_2qgDsi30H7yPwwA,5,54.51,10.9,5.0,80.0,100.0,50.0,5,2.3219,0.079,29.99
R_2qjAN1lyLAdAxT2,40,1038.2,25.96,45.0,18.0,162.0,9.0,19,3.7848,0.6042,4095.48
R_2qlPdIFErDrwMIT,70,2036.8,29.1,72.0,7.0,173.0,7.21,36,4.7132,0.1745,1440.26
R_2qlY017cQ9wFTSr,18,1113.39,61.86,18.0,1.0,179.0,19.89,13,3.5724,0.7552,2019.37
R_2qmBBJlcY2GEDne,5,146.56,29.31,5.0,6.0,174.0,58.0,5,2.3219,1.0249,157.08
R_2qmTT4GycNBbEQQ,35,641.79,18.34,37.0,5.0,175.0,8.75,24,4.3002,3.9243,338.79
R_2qqG58CotY6iJIT,18,190.56,10.59,18.0,25.0,155.0,38.75,17,4.0588,0.836,109.62
R_2qqJ2Suzi2b36gJ,12,200.88,16.74,13.0,80.0,100.0,16.67,9,3.0221,0.2133,14.48
R_2qrgkrgXA9s6xrB,40,745.65,18.64,43.0,14.0,166.0,16.6,21,3.161,1.218,727.99
R_2qsoPZVn3KYMdsc,39,695.87,17.84,43.0,7.0,173.0,8.24,31,4.8558,2.9633,1073.63
R_2qt7wi6he67YgdT,12,129.77,10.81,12.0,7.0,173.0,24.71,9,3.0221,0.479,0.0
R_2qxZ0v6uaLBRkV7,69,1605.31,23.27,79.0,2.0,178.0,4.45,42,4.8796,0.5902,1529.82
R_2qyYuncKG79fN3P,14,300.28,21.45,14.0,9.0,171.0,42.75,7,2.4138,0.7678,491.31
R_2qyeiL0ZAGhOrWs,36,1424.53,39.57,40.0,1.0,179.0,8.95,28,4.649,3.8531,2219.46
R_2r7Zl5CTeW1dMqd,36,853.36,23.7,37.0,9.0,171.0,7.43,22,3.9886,1.2825,1436.28
R_2rA82heHAv0b0jn,67,1986.12,29.64,68.0,1.0,179.0,5.26,36,4.7838,0.7709,3045.7200000000003
R_2rAXQz9eaMXeau7,11,155.97,14.18,11.0,85.0,95.0,19.0,5,1.8676,1.003,411.54
R_2rAxbAQHK26EJzl,11,328.86,29.9,11.0,147.0,33.0,8.25,10,3.2776,0.0,633.73
R_2rCkD0PXMmRJMLe,6,258.95,43.16,6.0,35.0,145.0,72.5,5,2.2516,0.4798,242.7
R_2rGU84mWHDrNjun,7,523.3,74.76,9.0,76.0,104.0,34.67,7,2.8074,0.8797,144.06
R_2rGtUeo1o09A8KA,9,105.32,11.7,9.0,14.0,166.0,41.5,7,2.7255,0.3236,108.52
R_2rIQ3xPfAH7KF8A,18,335.84,18.66,18.0,30.0,150.0,13.64,12,3.1972,0.2626,593.97
R_2rIokyDoOjDH9iR,23,520.9,22.65,25.0,20.0,160.0,26.67,15,3.6381,5.106,326.54
R_2rJBL7LQuHtRJ31,13,511.43,39.34,18.0,1.0,179.0,17.9,5,2.0382,2.3064,521.3199999999999
R_2rJyfdZGQD2rif2,79,2161.34,27.36,83.0,1.0,179.0,4.37,55,5.5774,3.7162,2317.22
R_2rMJHlcINrHEFVL,39,581.96,14.92,40.0,11.0,169.0,8.45,30,4.7658,1.5442,1587.28
R_2rOORYLAppqUVWi,4,74.93,18.73,4.0,85.0,95.0,95.0,4,2.0,0.5007,281.91
R_2rOPRiLTdvFrJFq,18,567.34,31.52,19.0,27.0,153.0,15.3,15,3.8366,0.4486,598.7
R_2rSCIIoYvdTDFXv,2,29.39,14.7,2.0,180.0,0.0,180.0,2,1.0,0.0,253.94
R_2rSlWwRdKgTzU13,3,62.96,20.99,3.0,37.0,143.0,71.5,3,1.585,0.5748,457.42
R_2rTKqkY0B6KB2Gl,4,63.68,15.92,4.0,140.0,40.0,20.0,3,1.5,0.0,65.49000000000001
R_2rTPf8FZmr95JGX,16,639.91,39.99,18.0,4.0,176.0,17.6,11,3.25,7.1767,361.03
R_2rUZ5OWKwvV0JrM,9,133.8,14.87,9.0,18.0,162.0,27.0,6,2.281,0.1451,132.2
R_2rVfgIfX5IVQgoF,8,216.35,27.04,8.0,128.0,52.0,7.43,5,2.0,0.0,408.55
R_2rVp4uDv9fYIfdd,67,1647.24,24.59,73.0,8.0,172.0,5.38,47,5.2151,0.8244,821.1899999999999
R_2rY2mk8Uf0zUqZz,49,580.03,11.84,49.0,25.0,155.0,5.34,32,4.7085,0.7136,693.27
R_2rhW9TWTFHyTrV8,32,480.15,15.0,33.0,5.0,175.0,9.21,18,3.8387,0.7399,344.45
R_2ri3AN1GYn5VV9a,4,54.46,13.62,4.0,36.0,144.0,48.0,4,2.0,0.1236,34.99
R_2ri4RVtvkxnZzHj,55,1273.81,23.16,58.0,41.0,139.0,4.63,41,5.1057,0.4975,708.91
R_2rk0w1x2224E6dJ,1,18.98,18.98,1.0,180.0,0.0,180.0,1,-0.0,0.0,184.96
R_2rpTh0K62y8ySKs,17,481.2,28.31,17.0,58.0,122.0,11.09,15,3.8522,0.3688,199.8
R_2rpe9EWNVpUsgvF,7,145.4,20.77,8.0,63.0,117.0,23.4,7,2.8074,1.1967,883.18
R_2rpkoWYSank57J6,3,358.97,119.66,3.0,155.0,25.0,12.5,3,1.585,0.0,161.09
R_2rq1RYK32NVtmhc,36,650.86,18.08,37.0,4.0,176.0,10.35,26,4.4194,1.4962,1615.28
R_2rqIuqTee7Adi7Z,25,352.15,14.09,25.0,6.0,174.0,8.7,20,4.2137,0.3,177.16
R_2rub5xNqa756dIn,22,408.73,18.58,23.0,9.0,171.0,10.06,14,3.3844,0.7158,363.87
R_2rv97sVPbSunBQO,3,68.96,22.99,4.0,27.0,153.0,76.5,2,0.9183,7.6308,469.99
R_2rwniP38hEzNRQF,16,135.46,8.47,16.0,9.0,171.0,19.0,13,3.625,1.8286,116.72
R_2s0ZYOLIZ0gImsu,2,22.74,11.37,2.0,165.0,15.0,15.0,2,1.0,0.0,5.99
R_2s0jSMfxg63zSw5,32,932.8,29.15,34.0,7.0,173.0,9.61,23,4.3125,2.3653,1757.3
R_2s1NERfXcg9x1UQ,53,961.15,18.13,53.0,16.0,164.0,5.29,33,4.8104,0.6229,604.79
R_2s1oQJdzpDw4s1M,5,124.66,24.93,5.0,35.0,145.0,48.33,5,2.3219,0.2646,214.71
R_2s4n0WZMl82meOT,144,2344.89,16.28,147.0,1.0,179.0,2.71,73,5.656,1.0711,1609.92
R_2s5OzoDX56gIWr0,37,783.85,21.19,43.0,6.0,174.0,6.96,15,3.1523,0.9475,676.56
R_2s5YO3cdqKDFyIM,170,3695.96,21.74,186.0,1.0,179.0,2.52,87,5.9369,0.9686,3387.99
R_2sRWbepslqKPgL7,16,315.66,19.73,16.0,28.0,152.0,16.89,11,3.1494,0.3664,305.55
R_2sRaQTtyjeXx8Tt,9,274.61,30.51,9.0,15.0,165.0,20.62,6,2.281,2.7794,287.37
R_2sRqLYPSneIHZfJ,35,775.11,22.15,36.0,21.0,159.0,19.88,12,2.9688,1.1919,560.9599999999999
R_2sRzKo7JWAsnKuH,4,55.42,13.86,4.0,48.0,132.0,132.0,2,0.8113,1.0929,63.980000000000004
R_2sSaxHDwxRTJZP3,32,598.82,18.71,38.0,22.0,158.0,8.78,14,3.4445,0.521,701.71
R_2sSf7h0d1GXhEcA,20,169.95,8.5,24.0,4.0,176.0,13.54,7,1.9332,1.1302,161.87
R_2sWG0oi460DaGzq,19,261.45,13.76,19.0,3.0,177.0,17.7,16,3.8924,0.802,33.94
R_2sYGxSVJnPBMTu0,9,194.27,21.59,9.0,28.0,152.0,21.71,4,1.8366,0.2821,0.0
R_2sYHDhT6DJy2U6q,38,1424.49,37.49,40.0,2.0,178.0,29.67,19,3.8291,0.3169,392.71
R_2sYn1oXcE5aaeU5,47,543.11,11.56,48.0,12.0,168.0,8.84,21,3.2599,0.201,629.74
R_2sbCr0DY5BIHWiF,39,370.2,9.49,39.0,10.0,170.0,8.95,12,2.9235,0.7397,727.25
R_2sbEmqvoBWjZzV9,61,1026.09,16.82,61.0,15.0,165.0,5.32,39,5.0395,0.4824,150.55
R_2sbUxZru6HKirgo,3,98.98,32.99,3.0,27.0,153.0,153.0,3,1.585,0.6833,256.4
R_2sbf0hqTGFb880u,19,369.81,19.46,19.0,1.0,179.0,16.27,13,3.5766,0.8541,413.59
R_2sd5PkKaNjksDvU,22,472.72,21.49,22.0,3.0,177.0,14.75,15,3.6978,0.2691,519.04
R_2sdyE1uJjHZElM1,139,2731.95,19.65,154.0,2.0,178.0,3.49,74,5.7112,0.7426,2817.18
R_2t2J9GVhcnhj8pX,27,196.46,7.28,27.0,6.0,174.0,10.88,22,4.3845,0.5004,332.89
R_2t2UfXrRfbnyKGU,26,690.04,26.54,26.0,21.0,159.0,14.45,14,3.5326,0.0951,124.06
R_2t3ifk3xBqzIWG9,26,327.12,12.58,27.0,11.0,169.0,28.17,14,3.163,0.1781,570.36
R_2t3tRCYPYTn4xQe,13,441.57,33.97,16.0,18.0,162.0,20.25,11,3.3927,0.1881,182.62
R_2t5RLLIzhkZJOII,25,630.23,25.21,25.0,25.0,155.0,12.92,24,4.5639,0.2456,104.66
R_2t5uladxRwCFEss,18,439.59,24.42,19.0,7.0,173.0,28.83,14,3.6835,2.0121,961.74
R_2t9f0eSZJgZ7V3k,1,10.0,10.0,1.0,180.0,0.0,180.0,1,-0.0,0.0,0.0
R_2tDsyPHHxJD0dMK,9,97.58,10.84,9.0,76.0,104.0,52.0,8,2.9477,0.2722,525.04
R_2tEuzX0j3530EZC,39,707.59,18.14,45.0,104.0,76.0,3.17,23,3.9334,0.0,85.97999999999999
R_2tK9xIUteAzFb42,13,185.45,14.27,13.0,27.0,153.0,25.5,11,3.3347,7.4334,165.48
R_2tKkkn9kmHShB7q,5,248.96,49.79,9.0,16.0,164.0,54.67,3,1.371,8.2826,611.91
R_2tLs2IiZVKYXymB,82,885.85,10.8,84.0,2.0,178.0,5.09,22,2.2256,0.5132,1535.21
R_2taM3mpNPF0o1yf,55,1107.85,20.14,56.0,2.0,178.0,7.42,39,5.0701,0.9594,1468.93
R_2tajYnRL3lW3Bri,6,134.06,22.34,7.0,36.0,144.0,28.8,6,2.585,0.9253,1030.49
R_2tbqMx9jeyHq0EW,7,244.59,34.94,7.0,122.0,58.0,14.5,6,2.5216,0.0,239.42000000000002
R_2tc9WxJNVPJwvOW,29,339.54,11.71,29.0,3.0,177.0,13.62,21,4.2113,0.8298,719.15
R_2tfEDXuyNRcQoWs,23,481.1,20.92,23.0,13.0,167.0,10.44,18,4.0018,1.213,1343.57
R_2tfHzrdo6EEaiWi,11,141.94,12.9,11.0,5.0,175.0,21.88,10,3.2776,0.5143,709.43
R_2tfJ4i7lhRmosCW,1,26.99,26.99,1.0,180.0,0.0,180.0,1,-0.0,0.0,47.480000000000004
R_2tfh4rvpUWWJndF,41,863.79,21.07,41.0,6.0,174.0,7.57,28,4.488,0.4105,1498.9
R_2tfh8CJvJCWI7LP,17,288.89,16.99,17.0,79.0,101.0,12.62,11,3.2639,0.1088,29.97
R_2thaIZ9f2fN3zaY,2,33.49,16.75,2.0,180.0,0.0,180.0,2,1.0,0.0,30.46
R_2tiesVScqzOYO1M,17,507.17,29.83,17.0,11.0,169.0,21.12,16,3.9698,1.2974,877.67
R_2tlKRSMG9Nc4wa7,1,39.99,39.99,1.0,180.0,0.0,180.0,1,-0.0,0.0,0.0
R_2tlr7K1sP3Ox7Mc,1,21.99,21.99,1.0,180.0,0.0,180.0,1,-0.0,0.0,0.0
R_2tlrtwEaex5e5hZ,8,130.95,16.37,8.0,129.0,51.0,12.75,7,2.75,0.0,8.97
R_2tm6ihZwdA3CyLm,2,20.98,10.49,2.0,180.0,0.0,180.0,2,1.0,0.0,0.0
R_2tm9zMPq8ZzYFPK,37,602.52,16.28,37.0,23.0,157.0,9.81,22,4.0396,1.1999,1670.9
R_2tmwHXgKbA2OqSS,5,97.4,19.48,5.0,110.0,70.0,35.0,5,2.3219,0.0,76.86
R_2tn7usvdRXV7JzE,16,538.91,33.68,16.0,13.0,167.0,12.85,10,2.9056,0.8346,628.76
R_2tnWUItCZuEhmXh,41,573.66,13.99,42.0,3.0,177.0,7.7,27,4.5587,1.015,661.88
R_2tsxHvvNDxqSRAA,11,517.02,47.0,12.0,29.0,151.0,25.17,9,3.0958,0.2517,442.5
R_2ttheHebJMgjLdW,11,203.51,18.5,11.0,13.0,167.0,27.83,11,3.4594,0.222,1010.73
R_2ty5PQXuPozuNHy,3,69.95,23.32,3.0,69.0,111.0,55.5,3,1.585,0.5562,63.8
R_2tyYhOqEzk4TUTg,1,100.0,100.0,1.0,180.0,0.0,180.0,1,-0.0,0.0,143.81
R_2tygtwTlYUSUV1D,14,250.39,17.88,15.0,71.0,109.0,18.17,11,3.3249,0.086,181.48
R_2tzlui4GFA3VkSz,2,10.96,5.48,2.0,168.0,12.0,12.0,2,1.0,0.0,8.69
R_2tzpJiOoA6cGavb,1,79.95,79.95,1.0,180.0,0.0,180.0,1,-0.0,0.0,29.75
R_2uCXyvXntq0PcCx,13,182.03,14.0,13.0,8.0,172.0,34.4,8,2.8731,0.3273,0.0
R_2uCzO2vX6RqKEfv,1,59.99,59.99,1.0,180.0,0.0,180.0,1,-0.0,0.0,0.0
R_2uD38dVQrhXDq31,17,239.36,14.08,18.0,20.0,160.0,32.0,10,3.0516,1.174,248.93
R_2uDwr4cc8DAqljF,19,248.05,13.06,19.0,3.0,177.0,29.5,13,3.5111,0.8709,53.79
R_2uEyNVV1279FnPK,5,74.32,14.86,5.0,47.0,133.0,66.5,3,1.371,0.4202,12.48
R_2uHsS7mbfAlwNYW,3,62.99,21.0,3.0,21.0,159.0,79.5,3,1.585,0.1765,58.22
R_2uIMLcJgQmb0v3G,40,457.33,11.43,41.0,13.0,167.0,7.26,28,4.5306,0.9488,1157.94
R_2uJNNtCkkKwNTjC,49,1305.61,26.65,49.0,8.0,172.0,21.5,25,4.0763,20.164,671.28
R_2uJPiIy0KKPBWJp,3,19.03,6.34,3.0,180.0,0.0,180.0,1,-0.0,0.0,0.0
R_2uJnrzmcdz6BzLc,64,1016.75,15.89,70.0,1.0,179.0,6.39,34,4.6631,1.0311,1183.93
R_2uKaOXO8LfgoFf3,16,440.19,27.51,16.0,45.0,135.0,11.25,7,2.0919,1.7334,200.49
R_2uL1J6k6By8taew,17,530.16,31.19,17.0,7.0,173.0,28.83,11,3.3372,3.8867,226.6
R_2uOMPdYOjCCWWfO,3,131.98,43.99,4.0,157.0,23.0,11.5,3,1.585,0.0,118.98
R_2uP7cig5cgdJRj6,17,568.88,33.46,17.0,3.0,177.0,35.4,12,3.3372,4.1763,475.72
R_2uP7oZgquEAtCqZ,41,1497.05,36.51,44.0,5.0,175.0,8.33,28,4.4392,2.3695,1314.07
R_2uP9EjqOqKPcp3X,29,1232.09,42.49,31.0,5.0,175.0,8.75,22,4.2802,0.9043,1435.45
R_2uPP0QfWOUs53oX,14,345.52,24.68,15.0,3.0,177.0,59.0,9,3.0391,4.5738,98.85
R_2uPcQuKixR5S2ZO,39,601.26,15.42,41.0,2.0,178.0,6.36,25,4.3336,1.1994,393.5
R_2uQjJxSekSWj3qM,20,679.2,33.96,20.0,7.0,173.0,14.42,17,3.9219,4.4978,163.89999999999998
R_2uQmjFq5KdiB8kx,15,196.41,13.09,15.0,2.0,178.0,29.67,7,2.4226,1.442,389.88
R_2uTysluImvxkQBY,21,369.19,17.58,21.0,1.0,179.0,10.53,17,4.0114,0.69,566.84
R_2uVrjkQADn94ZMp,5,31.02,6.2,5.0,178.0,2.0,2.0,5,2.3219,0.0,56.339999999999996
R_2uZDxTZAORBIW1o,41,1193.26,29.1,45.0,10.0,170.0,6.8,27,4.501,0.4498,3845.54
R_2uZYpmYB7LyojRr,20,252.58,12.63,20.0,20.0,160.0,20.0,16,3.9219,0.0788,170.14000000000001
R_2ugDyrE1yi1FjvH,84,2383.37,28.37,100.0,8.0,172.0,3.31,62,5.7611,0.8731,2658.3
R_2upJNoZ3iIenmWD,23,504.4,21.93,23.0,2.0,178.0,11.12,14,3.4083,0.6957,674.81
R_2upS0p7bpR4MjRV,1,10.0,10.0,1.0,180.0,0.0,180.0,1,-0.0,0.0,21.09
R_2uqaVRuFdQVMLZn,16,255.03,15.94,17.0,31.0,149.0,18.62,11,3.2806,0.3781,73.01
R_2urK0eQ2YRk28la,26,312.97,12.04,26.0,3.0,177.0,13.62,12,2.5734,0.4559,341.36
R_2us4qPSxiD4clPq,1,29.99,29.99,1.0,180.0,0.0,180.0,1,-0.0,0.0,19.75
R_2us5G3aJkmhBYul,3,55.97,18.66,3.0,51.0,129.0,129.0,3,1.585,0.5556,0.0
R_2uvTZBWrTXZObqv,10,373.57,37.36,10.0,10.0,170.0,34.0,8,2.8464,1.99,38.98
R_2uwA4OirDadr11D,18,474.73,26.37,18.0,1.0,179.0,35.8,14,3.6835,1.4998,1464.8700000000001
R_2uwirdevl1Fu0WB,2,32.8,16.4,2.0,45.0,135.0,135.0,2,1.0,1.5328,27.85
R_2uyM0V9lBjTJRuT,2,60.8,30.4,2.0,35.0,145.0,145.0,2,1.0,0.5273,116.47
R_2uyQHwENySBamVs,46,903.08,19.63,46.0,16.0,164.0,7.45,32,4.8115,0.9,1587.38
R_2v0q80m6Kbiv658,3,53.58,17.86,3.0,63.0,117.0,58.5,3,1.585,1.1432,1.99
R_2v2laUXuUZTyjGc,3,88.34,29.45,3.0,24.0,156.0,78.0,3,1.585,2.7833,171.04
R_2v6YXQIISUe7ROI,33,460.1,13.94,34.0,6.0,174.0,7.57,23,4.3926,0.2725,941.36
R_2vYO5d3Ry8qjf5g,39,757.8,19.43,39.0,3.0,177.0,5.71,30,4.6826,2.7775,939.96
R_2vYeXyFdrSyrVwh,26,702.9,27.03,29.0,2.0,178.0,9.37,20,4.162,1.1728,682.6800000000001
R_2vYykB6gZUnX00B,8,154.6,19.32,8.0,72.0,108.0,15.43,8,3.0,0.2307,651.79
R_2vc5pDjp5Xdmb6j,1,150.0,150.0,1.0,180.0,0.0,180.0,1,-0.0,0.0,0.0
R_2vcUqrEnDECYs4j,8,219.99,27.5,8.0,12.0,168.0,28.0,2,1.0,0.6922,376.46
R_2vd01zFekGwurY4,16,131.23,8.2,16.0,52.0,128.0,42.67,11,3.25,0.8341,78.56
R_2ve3990Y7TsELdq,13,243.96,18.77,13.0,6.0,174.0,29.0,12,3.5466,0.0697,306.43
R_2veKBNYz0Tg13je,5,65.83,13.17,5.0,20.0,160.0,80.0,5,2.3219,2.6654,165.06
R_2viT92732GnahDd,24,592.95,24.71,24.0,18.0,162.0,11.57,13,3.3758,0.0861,710.54
R_2vitBFH8tXlBn3K,7,50.45,7.21,7.0,180.0,0.0,180.0,7,2.8074,0.0,0.0
R_2vkK8xwiTfunmDU,5,127.8,25.56,5.0,20.0,160.0,40.0,4,1.9219,0.374,273.74
R_2vkMWH10xWp7o9s,29,404.96,13.96,30.0,7.0,173.0,15.73,17,3.5056,0.615,1357.28
R_2vlgDtfn3wZCP5E,4,50.89,12.72,4.0,49.0,131.0,131.0,3,1.5,0.186,0.0
R_2w1wj73hkqGs51r,16,371.26,23.2,17.0,22.0,158.0,14.36,10,2.7718,0.5802,759.59
R_2w4cgTg4Pio3rhs,20,316.09,15.8,20.0,79.0,101.0,12.62,14,3.5219,0.3015,284.71
R_2w5eKwkAHxducy1,56,1648.84,29.44,59.0,9.0,171.0,4.62,31,4.2447,0.4464,966.65
R_2w5m3XJMrF4EdY0,2,28.99,14.5,2.0,179.0,1.0,1.0,2,1.0,0.0,114.1
R_2w5nlHIgm7y2g6p,1,24.09,24.09,1.0,180.0,0.0,180.0,1,-0.0,0.0,423.99
R_2w6Kv77UCoeyLbP,13,657.43,50.57,14.0,18.0,162.0,20.25,9,2.9312,5.0952,441.06
R_2w6sfkcYcD7MJM5,9,28.63,3.18,9.0,94.0,86.0,14.33,2,0.5033,0.0,0.0
R_2wAnAoyvBgQ4MSo,68,1075.19,15.81,68.0,1.0,179.0,5.59,45,5.1568,0.9885,957.79
R_2wAz1cWt2ufB63M,2,36.98,18.49,2.0,10.0,170.0,170.0,2,1.0,0.3701,0.0
R_2wBtQSW3WmPZRLq,18,328.98,18.28,18.0,101.0,79.0,8.78,14,3.6835,0.0,0.0
R_2wFa9HKdZRkx33l,31,580.07,18.71,31.0,32.0,148.0,18.5,18,3.8858,1.9885,531.14
R_2wG4bC2y3xvtl4e,10,147.29,14.73,10.0,23.0,157.0,19.62,8,2.9219,0.8195,792.4
R_2wGEjtgdbDaipOu,70,1133.4,16.19,72.0,22.0,158.0,5.64,37,4.7179,0.6123,813.9100000000001
R_2wGocSHy2iLcevS,14,272.57,19.47,14.0,48.0,132.0,44.0,8,2.8424,1.6801,565.5
R_2wHPt5RsGv5et9d,6,58.15,9.69,6.0,121.0,59.0,59.0,5,2.2516,0.0,255.2
R_2wHU8l18pcYoAtU,3,41.76,13.92,3.0,37.0,143.0,143.0,3,1.585,3.2224,1660.5900000000001
R_2wHwNZWEecJflLc,32,479.47,14.98,33.0,34.0,146.0,9.12,19,4.0389,0.7238,1032.37
R_2wKMJ2p8QBDg0UW,1,15.99,15.99,1.0,180.0,0.0,180.0,1,-0.0,0.0,56.93
R_2wKo2LLVgp2Zxdz,8,153.06,19.13,8.0,18.0,162.0,54.0,6,2.5,0.6754,160.83
R_2wKoYcEoUBbzBLR,15,420.56,28.04,16.0,5.0,175.0,14.58,12,3.5069,0.3035,482.53
R_2wKuMmrh8yJ9vHi,19,129.05,6.79,19.0,18.0,162.0,10.8,14,3.6163,0.4268,85.23
R_2wLTx0XZhS09K19,32,478.37,14.95,34.0,36.0,144.0,8.47,21,4.0869,0.4673,807.97
R_2wM52HPJHb5tspT,11,128.46,11.68,11.0,39.0,141.0,17.62,9,3.0958,0.1417,162.39
R_2wQqVnIFDz7CVjp,115,2466.31,21.45,116.0,5.0,175.0,3.24,51,4.7577,1.4545,2574.82
R_2wRVNkYiRVt3DWL,5,285.81,57.16,5.0,22.0,158.0,79.0,5,2.3219,5.1031,6.95
R_2wRyo5wko1INfxz,83,1408.47,16.97,89.0,2.0,178.0,3.56,55,5.5509,1.0414,1571.09
R_2wS2aXKSVboHglr,5,133.85,26.77,5.0,69.0,111.0,111.0,3,1.371,2.4312,186.1
R_2wS6jGIOBEYFA6N,31,647.9,20.9,31.0,1.0,179.0,14.92,16,3.5988,1.7101,1041.6
R_2wT7kPnCde4OiMM,3,63.29,21.1,3.0,137.0,43.0,21.5,3,1.585,0.0,4.98
R_2wTvVgFQ3u7KPKX,7,117.76,16.82,7.0,121.0,59.0,14.75,6,2.5216,0.0,393.79
R_2wa767qZnAcAlnD,1,59.99,59.99,1.0,180.0,0.0,180.0,1,-0.0,0.0,461.32
R_2wagDt0ZaSu1p8q,39,1675.95,42.97,40.0,4.0,176.0,6.52,25,4.3043,0.9615,1837.64
R_2wghBbUyFZDP09O,1,6.4,6.4,1.0,180.0,0.0,180.0,1,-0.0,0.0,0.0
R_2wgkavEdhrRlvNM,100,2493.55,24.94,106.0,4.0,176.0,7.33,53,5.1739,0.8308,3494.62
R_2wi68bkschMNtqr,19,641.37,33.76,20.0,23.0,157.0,15.7,15,3.7871,0.6925,238.69
R_2wmCdm6ETy6g3k0,28,1163.03,41.54,32.0,4.0,176.0,8.8,16,3.621,0.9137,2238.92
R_2wmLE1q4FIpfioi,137,2597.83,18.96,140.0,1.0,179.0,2.8,72,5.7551,1.2562,1985.25
R_2wmLFQjrvMKTYQX,40,540.9,13.52,41.0,40.0,140.0,23.33,21,3.7127,0.9526,138.62
R_2wnVOR2xXwg3WyF,1,10.54,10.54,1.0,180.0,0.0,180.0,1,-0.0,0.0,54.47
R_2woyYEH5qlAG264,10,182.14,18.21,12.0,18.0,162.0,27.0,10,3.3219,0.5308,886.49
R_2wpJ0XbROzKmDK2,41,1702.31,41.52,43.0,41.0,139.0,5.56,29,4.4795,0.3535,2882.19
R_2wsEjZPqLx1a09x,1,30.36,30.36,1.0,180.0,0.0,180.0,1,-0.0,0.0,0.0
R_2wsgO78uo2UaxT6,37,644.01,17.41,37.0,23.0,157.0,7.48,18,3.7319,0.3638,731.96
R_2wsihriTqG6n6Sj,15,252.78,16.85,15.0,37.0,143.0,23.83,10,3.1069,0.4915,538.46
R_2wtVmKidhQR0wju,38,534.34,14.06,51.0,6.0,174.0,13.38,26,4.4065,2.224,1010.51
R_2wvn7UpDyXY3j9L,7,66.68,9.53,7.0,22.0,158.0,158.0,2,0.5917,0.0753,37.06
R_2wzatCV9Z18xLF2,67,1193.06,17.81,67.0,1.0,179.0,6.88,49,5.2038,2.2921,1185.44
R_2wzg5iAnEyFC9zz,22,415.24,18.87,22.0,25.0,155.0,19.38,16,3.8231,0.33,910.3
R_2xDDfk7mkk56se5,2,30.89,15.45,2.0,180.0,0.0,180.0,2,1.0,0.0,0.0
R_2xDzDQvZyabirUt,50,740.47,14.81,51.0,20.0,160.0,8.89,38,4.9986,0.543,255.44000000000003
R_2xFa0iWaNoBKsmC,7,143.79,20.54,7.0,81.0,99.0,49.5,7,2.8074,1.2878,214.79999999999998
R_2xK6jrLgatky4Bp,25,1097.44,43.9,36.0,16.0,164.0,9.11,16,3.6178,0.5759,1105.79
R_2xK72G1rcP4QmAO,7,340.58,48.65,7.0,44.0,136.0,34.0,5,2.1281,3.8105,0.0
R_2xL72Ej7Q0oyU5W,9,428.48,47.61,14.0,47.0,133.0,66.5,7,2.7255,1.4486,173.66
R_2xLEC9nd2M1jiu6,21,499.47,23.78,26.0,14.0,166.0,18.44,19,4.2018,0.0371,51.160000000000004
R_2xLvxRKX2448l9k,96,2612.82,27.22,107.0,1.0,179.0,4.26,55,5.3495,1.1334,1458.88
R_2xMjaU2mfHWIU1z,6,78.92,13.15,6.0,11.0,169.0,33.8,5,2.2516,1.1928,22.35
R_2xMobch64onIeYO,12,481.58,40.13,12.0,32.0,148.0,29.6,8,2.6175,0.8211,90.74000000000001
R_2xPnZcxP6mIbWhP,3,45.97,15.32,3.0,146.0,34.0,34.0,3,1.585,0.0,124.67
R_2xQp0siO6hwdLKh,5,115.87,23.17,5.0,1.0,179.0,59.67,3,1.5219,0.525,0.0
R_2xSi1OCICve9fY6,4,102.47,25.62,5.0,34.0,146.0,73.0,3,1.5,2.9457,65.52
R_2xSjiTunCwEVMUH,6,81.37,13.56,6.0,46.0,134.0,67.0,1,-0.0,0.5831,112.34
R_2xUWWDmNfdm90uH,6,73.51,12.25,6.0,14.0,166.0,41.5,2,1.0,0.0507,11.64
R_2xVNXylGNDbivoc,17,347.43,20.44,17.0,25.0,155.0,12.92,15,3.8522,0.5928,219.01
R_2xVlLbbkS1YPjik,5,135.39,27.08,5.0,144.0,36.0,18.0,4,1.9219,0.0,47.79
R_2xVmud9WAVwlMuw,5,71.4,14.28,5.0,180.0,0.0,180.0,5,2.3219,0.0,404.3
R_2xXeQ85UmTBGxcQ,10,96.15,9.62,10.0,17.0,163.0,54.33,6,2.4464,0.43,104.85
R_2xxEyjhELW9C6aW,129,4102.77,31.8,147.0,1.0,179.0,3.25,79,5.7448,1.0502,2935.77
R_2xxHhqsqQKbMBSQ,6,148.8,24.8,6.0,27.0,153.0,38.25,5,2.2516,2.4066,46.72
R_2xxvsVGQ2kSdXpV,11,134.27,12.21,15.0,33.0,147.0,29.4,8,2.914,2.3112,637.8
R_2xyOF5gSbwSyBSo,4,64.25,16.06,4.0,82.0,98.0,49.0,4,2.0,2.3995,124.39000000000001
R_2xzV9JURz5h1wdv,23,537.63,23.38,23.0,6.0,174.0,11.6,14,3.5342,0.4065,24.98
R_2xzc7JBNEgYNAqY,54,1169.32,21.65,61.0,6.0,174.0,6.21,38,5.0092,0.7449,574.6
R_2y1MJdiEIHh766D,24,767.0,31.96,42.0,8.0,172.0,19.11,10,2.9014,0.3853,1554.44
R_2y3gu6t87ClzJG6,5,106.52,21.3,5.0,153.0,27.0,27.0,5,2.3219,0.0,0.0
R_2y47f0OMWqlHGi4,34,646.05,19.0,34.0,8.0,172.0,11.47,25,4.4404,0.4897,473.04
R_2y7p58Cp5veeRa6,31,830.27,26.78,38.0,31.0,149.0,7.45,23,4.3736,0.4697,813.58
R_2y8edrQ8p3nRu8v,25,282.84,11.31,25.0,8.0,172.0,19.11,16,3.8333,0.5351,247.69
R_2y9JhY7Sfdozn6l,6,163.67,27.28,7.0,16.0,164.0,32.8,3,1.4591,1.5324,51.58
R_2y9PcIxPBtYiYWN,16,331.51,20.72,16.0,12.0,168.0,14.0,10,3.0244,0.8105,453.64
R_2yaoRp2ppYTA5oe,23,305.91,13.3,24.0,4.0,176.0,16.0,12,2.9753,0.6701,215.26
R_2yeAMKzAkQCd3nW,11,276.3,25.12,11.0,32.0,148.0,18.5,8,2.914,1.2108,789.23
R_2yf8WeqtV2UO5SE,40,844.43,21.11,49.0,6.0,174.0,7.91,31,4.7439,1.2319,1345.16
R_2ygdFv2BO8JcFgT,24,363.57,15.15,27.0,10.0,170.0,10.62,19,4.1683,2.7035,1060.99
R_2yjckpDXWcsiLPz,40,1067.22,26.68,43.0,13.0,167.0,8.35,27,4.4031,2.6927,1576.29
R_2yk35dfVrxtTCuf,9,432.24,48.03,9.0,108.0,72.0,10.29,8,2.9477,0.0,23.8
R_2ylSbd8k18avYSm,87,1491.38,17.14,93.0,4.0,176.0,3.26,53,5.2011,0.6595,797.61
R_2yme87wMCEU528h,12,288.48,24.04,12.0,37.0,143.0,17.88,9,3.0221,0.1511,449.01
R_2ymfqbLW0tRc3no,11,379.45,34.5,11.0,27.0,153.0,30.6,9,3.0958,1.8564,708.64
R_2ypE6JHF6y85DwX,26,660.15,25.39,26.0,4.0,176.0,16.0,21,4.2868,3.7187,2114.46
R_2yplkUxhAWZaFUL,60,1061.18,17.69,65.0,5.0,175.0,7.0,29,4.3396,0.7156,2154.06
R_2yq5wu0zOhPN1Vj,4,53.72,13.43,4.0,40.0,140.0,46.67,4,2.0,0.2572,40.87
R_2yqk9HbGBdHIe2M,1,66.79,66.79,1.0,180.0,0.0,180.0,1,-0.0,0.0,212.26
R_2ysGPQkluBNjsAX,5,107.33,21.47,5.0,55.0,125.0,41.67,5,2.3219,0.3944,630.48
R_2z5SzAhTBlLEuu2,5,85.99,17.2,5.0,19.0,161.0,80.5,3,1.371,0.1314,24.99
R_2z6ASEYEd1PP5Hu,10,281.59,28.16,12.0,65.0,115.0,57.5,7,2.7219,0.7198,201.6
R_2z6CfD8uNaRHIj6,16,224.55,14.03,18.0,34.0,146.0,20.86,13,3.5778,5.9114,379.54
R_2z6HVYTxer7XO12,2,34.38,17.19,2.0,178.0,2.0,2.0,2,1.0,0.0,0.0
R_2z6LiVVvQldVrWh,62,1190.86,19.21,69.0,2.0,178.0,5.93,26,3.745,0.8008,473.58
R_2z6pmWToR0TLYk2,24,603.95,25.16,24.0,18.0,162.0,13.5,20,4.2516,1.3667,53.97
R_2z7rLZb69WuqDdf,134,2594.27,19.36,136.0,1.0,179.0,3.03,82,5.9877,2.8164,4224.61
R_2z8yiBMflqyv62J,4,77.58,19.4,4.0,31.0,149.0,74.5,3,1.5,0.4188,331.86
R_2z92A8GULLlSeMS,11,413.15,37.56,11.0,16.0,164.0,27.33,6,2.4817,2.4663,1036.97
R_2zA3rxZzRWZ8ufq,10,113.63,11.36,10.0,5.0,175.0,43.75,10,3.3219,2.6478,136.2
R_2zAOD6IbPzXuthy,6,150.0,25.0,6.0,152.0,28.0,5.6,1,-0.0,0.0,0.0
R_2zARigFdY655hAS,5,57.85,11.57,5.0,39.0,141.0,35.25,5,2.3219,0.0923,240.26
R_2zC8AbBh1e5CVcK,9,200.53,22.28,9.0,53.0,127.0,42.33,8,2.9477,1.3253,294.75
R_2zCmQhJtrw3xBtV,32,631.08,19.72,32.0,12.0,168.0,12.92,25,4.5153,0.6501,68.63
R_2zD58KSXqhHfp5e,17,387.69,22.81,17.0,11.0,169.0,14.08,15,3.8522,0.1617,749.17
R_2zFOAC54lD4z6uu,17,781.93,46.0,17.0,7.0,173.0,24.71,13,3.5725,1.7875,818.91
R_2zGs5827faHHXFy,5,104.29,20.86,5.0,54.0,126.0,31.5,5,2.3219,0.6308,167.87
R_2zGy2Qj3ENruAYs,24,363.64,15.15,27.0,9.0,171.0,14.25,18,4.0016,2.3903,348.19
R_2zMAiLMp7ySjdto,22,579.52,26.34,22.0,15.0,165.0,9.17,18,4.0615,0.6111,363.7
R_2zMUSIO7EjyAEVO,18,309.18,17.18,19.0,55.0,125.0,10.42,9,2.5724,0.3153,266.11
R_2zMhh48pxUCJZoH,66,1328.91,20.14,73.0,3.0,177.0,8.05,44,5.0061,0.4984,1495.07
R_2zNpJuWE3ykIlGh,10,127.35,12.73,10.0,12.0,168.0,56.0,8,2.9219,1.1025,137.43
R_2zRSCnBFbSgJpKM,13,247.47,19.04,13.0,11.0,169.0,24.14,12,3.5466,7.8005,863.81
R_2zSlTKG9lhZH3r9,19,524.76,27.62,22.0,2.0,178.0,13.69,13,3.5369,0.7277,375.70000000000005
R_2zTPKZY5tEQjsWK,10,147.82,14.78,10.0,91.0,89.0,29.67,7,2.6464,0.0,1246.29
R_2zUBXlqUCKqKDVI,14,478.69,34.19,14.0,27.0,153.0,21.86,8,2.5567,4.4458,248.01000000000002
R_2zYiVYVYRWyKzRl,1,31.04,31.04,1.0,180.0,0.0,180.0,1,-0.0,0.0,0.0
R_2zYlXrEjCOJLRDn,7,305.73,43.68,7.0,3.0,177.0,44.25,7,2.8074,2.9597,138.56
R_2zZ7CfEvq7LOq8p,16,220.85,13.8,16.0,25.0,155.0,17.22,12,3.4056,1.2969,212.88
R_2zZILpCYQulMji3,5,234.02,46.8,5.0,25.0,155.0,77.5,4,1.9219,0.1975,0.0
R_2zZmPKa2kMT70qa,20,228.03,11.4,20.0,7.0,173.0,11.53,12,3.2087,0.73,157.46
R_2zbtlm4SjXPnwlE,11,308.89,28.08,11.0,8.0,172.0,19.11,8,2.8454,0.8334,179.35
R_2zd20eKHRd12Xxg,16,336.82,21.05,16.0,1.0,179.0,13.77,15,3.875,6.327,228.07
R_2ze9t15YGQDJxR3,66,1485.4,22.51,68.0,2.0,178.0,5.24,41,4.9916,0.6482,905.21
R_2zeSozQQvO6m4Fm,8,104.69,13.09,8.0,152.0,28.0,14.0,7,2.75,0.0,233.7
R_2zeg77xLv8vJ8zA,44,323.3,7.35,44.0,1.0,179.0,8.14,9,1.8978,2.7611,2071.48
R_2zejCqxwLOr7Mrm,7,213.59,30.51,9.0,3.0,177.0,29.5,6,2.5216,0.2387,299.51
R_2zl2FPoC5r6TsM6,25,484.84,19.39,25.0,22.0,158.0,9.88,15,3.5133,4.3396,331.05
R_2znDusnDkfyOj3m,9,321.55,35.73,9.0,85.0,95.0,19.0,7,2.7255,0.8065,198.51000000000002
R_2zol9Fedci2Wv0e,10,431.28,43.13,10.0,18.0,162.0,23.14,7,2.6464,0.3927,659.98
R_2zptLG1N4t7aBbe,5,249.53,49.91,5.0,180.0,0.0,180.0,4,1.9219,0.0,238.87
R_2zubfTxgRkZA9w0,2,35.93,17.96,3.0,36.0,144.0,144.0,2,1.0,6.2586,27.98
R_2zvZKc3RU96nsC7,2,47.17,23.59,2.0,180.0,0.0,180.0,2,1.0,0.0,0.0
R_2zvyQAbu6BlFQnr,4,36.03,9.01,4.0,153.0,27.0,27.0,4,2.0,0.0,84.29
R_2zvyVVCgWFeImSg,18,185.95,10.33,18.0,38.0,142.0,12.91,9,2.9058,0.1205,395.79
R_2zx5hsFmHCVMOGL,5,124.18,24.84,5.0,12.0,168.0,56.0,4,1.9219,1.8893,90.19
R_2zx8WHXVF7bHyh3,18,431.39,23.97,21.0,7.0,173.0,24.71,13,3.5305,0.354,1589.96
R_2zzG1u6pYDToyGD,45,498.54,11.08,46.0,2.0,178.0,8.48,22,3.9114,0.5089,774.35
R_3006iqWvyrARyM5,5,69.95,13.99,5.0,135.0,45.0,45.0,5,2.3219,0.0,904.11
R_301MA8iy9GwvVOe,40,843.75,21.09,42.0,18.0,162.0,8.53,22,3.5719,0.6876,2049.41
R_301qJ8vhV7FSEct,22,391.74,17.81,24.0,40.0,140.0,8.24,15,3.7888,0.4783,0.0
R_301uq7vv7YTe7qQ,16,317.36,19.84,18.0,25.0,155.0,15.5,12,3.375,0.2947,407.71
R_302AcGuMBj1CfHU,24,561.66,23.4,24.0,8.0,172.0,13.23,20,4.2516,0.4182,732.27
R_305VVV56lf01p3o,3,355.44,118.48,3.0,4.0,176.0,88.0,3,1.585,0.0156,5.99
R_30608xSlGTOqDvx,12,277.5,23.12,13.0,51.0,129.0,25.8,11,3.4183,0.0611,109.14999999999999
R_307d5XTXx5NlkaJ,7,127.28,18.18,7.0,20.0,160.0,32.0,7,2.8074,0.6671,525.95
R_3093m6Spz9VzxAK,18,330.54,18.36,21.0,44.0,136.0,17.0,14,3.6144,0.3213,345.51
R_30c1vms6gPrbbL0,5,105.92,21.18,5.0,28.0,152.0,50.67,2,0.971,5.6408,43.96
R_30f0gTKJr78YCy4,37,763.3,20.63,37.0,6.0,174.0,11.6,32,4.9188,0.3625,560.3
R_30hR3b94UKIqg2m,3,32.53,10.84,3.0,155.0,25.0,25.0,3,1.585,0.0,0.0
R_30i8wBqfAJYMNTm,12,257.71,21.48,12.0,11.0,169.0,21.12,12,3.585,0.4489,327.90000000000003
R_30kPg5opkenrGPb,46,569.26,12.38,49.0,21.0,159.0,11.36,38,5.1429,0.9564,693.95
R_30kkZEiDILgMfhw,11,324.96,29.54,11.0,21.0,159.0,26.5,10,3.2776,0.2422,207.94
R_30kp7Wf9aTgpeIN,46,2018.54,43.88,47.0,6.0,174.0,6.96,37,5.1158,1.9647,1728.22
R_30pEbdralSJ73wd,1,11.43,11.43,1.0,180.0,0.0,180.0,1,-0.0,0.0,20.0
R_30pLPRle51eRImG,18,376.66,20.93,18.0,13.0,167.0,18.56,8,2.6688,0.8446,541.23
R_30qTlKzhdIqtgiz,16,380.92,23.81,17.0,72.0,108.0,21.6,7,2.4056,1.0266,1087.11
R_30tKJbqPUb129Xp,16,379.23,23.7,16.0,27.0,153.0,21.86,16,4.0,0.4982,637.79
R_30tLi6WqLJxToYS,6,259.15,43.19,6.0,21.0,159.0,31.8,5,2.2516,0.246,141.34
R_30uDhrRCQ3lqTNE,6,71.79,11.97,6.0,96.0,84.0,28.0,5,2.2516,0.0,70.81
R_30v4IsTwlZaxIiR,6,55.43,9.24,6.0,5.0,175.0,58.33,4,1.9183,4.4184,397.58
R_30v53X5idQpo8kP,10,402.56,40.26,10.0,7.0,173.0,21.62,9,3.1219,4.516,1154.3600000000001
R_31A7MK65zEMwnkX,15,224.04,14.94,15.0,11.0,169.0,24.14,14,3.7736,0.2722,387.28999999999996
R_31ADYMez64zKe2X,3,33.54,11.18,3.0,15.0,165.0,165.0,3,1.585,1.2375,121.57
R_31AjH2FjeqAWfhJ,5,69.83,13.97,5.0,103.0,77.0,25.67,5,2.3219,0.0,26.6
R_31EHJndIjqp0OfR,6,183.9,30.65,6.0,62.0,118.0,29.5,6,2.585,0.4374,448.78
R_31FBFlPtMYUheEy,10,112.07,11.21,10.0,9.0,171.0,42.75,4,1.571,1.8684,0.0
R_31FUiVVyxB6Pb8P,2,92.98,46.49,2.0,180.0,0.0,180.0,2,1.0,0.0,314.97
R_31GkUpaQZYLfUiX,12,329.08,27.42,14.0,49.0,131.0,14.56,10,3.1887,0.5271,136.75
R_31Gm2oRfrW02nxH,8,155.08,19.39,8.0,2.0,178.0,59.33,5,2.1556,1.8895,29.459999999999997
R_31H0ZuIQdkAa8US,2,25.98,12.99,2.0,47.0,133.0,133.0,2,1.0,0.4441,122.07
R_31H6YJSlzVQBcEQ,2,46.97,23.48,2.0,73.0,107.0,107.0,2,1.0,0.2698,87.62
R_31LAZHcaNHPvu3z,22,727.79,33.08,24.0,22.0,158.0,22.57,14,3.3501,0.4172,186.57999999999998
R_31LYkoXpSf1q0Ne,3,24.97,8.32,3.0,94.0,86.0,86.0,2,0.9183,0.0,221.79
R_31LyI2lVjeZ7OVi,29,428.97,14.79,29.0,15.0,165.0,23.57,2,0.4798,3.6032,257.96
R_31MM5x1bJX2MWTy,9,217.15,24.13,10.0,167.0,13.0,6.5,9,3.1699,0.0,351.59
R_31MddZPuw2VomsN,48,1518.97,31.65,52.0,2.0,178.0,6.59,25,4.2304,0.4802,615.91
R_31MkP4NtvpSj05l,37,514.2,13.9,37.0,6.0,174.0,7.57,25,4.4863,1.8392,856.62
R_31MoRcfEFe73eTY,19,421.22,22.17,19.0,1.0,179.0,22.38,15,3.7871,2.2066,116.73
R_31MyYMIGA4jTZAZ,1,5.7,5.7,1.0,180.0,0.0,180.0,1,-0.0,0.0,28.07
R_31N44qfBa7196dC,25,1366.81,54.67,25.0,5.0,175.0,19.44,19,4.0195,28.7197,668.51
R_31NUIACjGZLbQof,3,27.47,9.16,3.0,110.0,70.0,35.0,3,1.585,0.0,0.0
R_31QS1Ms6iQEU3mI,40,2387.42,59.69,45.0,27.0,153.0,13.91,33,4.9342,4.9225,1369.59
R_31SNC0DcyjBDcq3,50,900.76,18.02,54.0,1.0,179.0,8.52,37,4.9966,1.4436,586.34
R_31T8fMuMzphe1sL,34,1927.21,56.68,39.0,7.0,173.0,11.53,22,4.3372,3.6035,1623.47
R_31TT07OYtzrqP5L,2,22.46,11.23,2.0,77.0,103.0,103.0,2,1.0,3.3109,69.42
R_31TT1wA5qLC8jaX,3,37.73,12.58,3.0,48.0,132.0,132.0,3,1.585,0.4057,20.98
R_31WVVx6GX4RkBkW,2,43.97,21.98,2.0,165.0,15.0,15.0,2,1.0,0.0,0.0
R_31XAIkcT4o6ACp7,6,50.06,8.34,6.0,122.0,58.0,14.5,5,2.2516,0.0,875.85
R_31XTJUT1qHoBGRZ,22,348.75,15.85,23.0,15.0,165.0,16.5,12,3.1358,1.587,797.63
R_31XdA1XZzbQOlxU,15,709.7,47.31,15.0,14.0,166.0,15.09,12,3.4566,0.0628,294.23
R_31ZxYxyOSie94bK,141,1823.22,12.93,250.0,2.0,178.0,3.96,30,4.2093,0.6406,1382.4
R_31aclNgWw4mxrPd,14,229.26,16.38,14.0,40.0,140.0,20.0,10,3.2359,0.0541,104.75
R_31bj3K9VrF3xiPE,9,134.05,14.89,9.0,10.0,170.0,56.67,8,2.9477,0.2624,169.9
R_31crBZxAsgey3bN,4,17.54,4.38,4.0,36.0,144.0,144.0,4,2.0,3.8722,26.78
R_31g6yAJwsmIpVPR,14,293.3,20.95,14.0,31.0,149.0,49.67,11,3.3249,1.0622,366.3
R_31gUuqxSkTAfMPg,38,1090.7,28.7,38.0,89.0,91.0,7.58,26,4.5369,0.405,431.9
R_31hZPGWuIvYTHZ9,47,1114.49,23.71,49.0,22.0,158.0,8.78,35,4.849,1.0275,1373.4
R_31hpjsH6qTrIyHn,9,323.48,35.94,13.0,7.0,173.0,24.71,5,1.88,3.6251,591.15
R_31i2GAL8OJZdUqq,27,618.79,22.92,29.0,16.0,164.0,13.67,15,3.4397,0.7724,206.07999999999998
R_31ixLIfyf3xt0RM,24,521.96,21.75,24.0,6.0,174.0,11.6,17,3.8512,1.8197,727.85
R_31n2MLk9w05iLzN,26,420.57,16.18,26.0,1.0,179.0,8.95,19,3.9941,0.2382,982.9
R_31nNPxjCXdDYRGk,65,1312.4,20.19,74.0,6.0,174.0,7.25,26,4.1971,1.3571,1197.62
R_31ow00zD9f3PW6B,7,387.49,55.36,7.0,104.0,76.0,25.33,6,2.5216,0.0,0.0
R_31pjiIS2z0L0g9l,44,885.53,20.13,49.0,4.0,176.0,7.65,40,5.2605,1.1862,1095.99
R_31uVvT36jk3wlHm,5,83.3,16.66,5.0,25.0,155.0,38.75,4,1.9219,0.3442,82.7
R_31vHYfmUkFAL7sQ,3,73.26,24.42,8.0,24.0,156.0,78.0,3,1.585,3.6962,49.480000000000004
R_31yHIoibb7WLDGS,1,6.79,6.79,1.0,180.0,0.0,180.0,1,-0.0,0.0,200.73
R_31ycQ8SiOEF1cUN,27,1346.62,49.87,28.0,68.0,112.0,10.18,22,4.3845,0.0128,2295.0899999999997
R_322sl9lkckDZD5Y,2,71.73,35.87,2.0,104.0,76.0,76.0,2,1.0,0.0,240.67000000000002
R_322ypxoVpttDXD8,2,24.99,12.5,2.0,173.0,7.0,7.0,1,-0.0,0.0,0.0
R_322zF0kzv61DYRl,18,327.31,18.18,18.0,37.0,143.0,35.75,16,3.9477,0.9106,184.68
R_323eLlTqyrDLgr3,16,515.41,32.21,16.0,4.0,176.0,44.0,14,3.75,0.1382,338.49
R_325B8uB2XOflUvO,23,352.52,15.33,23.0,3.0,177.0,12.64,13,3.3773,0.7761,537.73
R_325wNEypLBLRTf7,45,1458.87,32.42,55.0,4.0,176.0,9.78,33,4.7027,0.7946,465.33
R_325wPQDFbzpv3zZ,25,736.26,29.45,27.0,2.0,178.0,12.71,21,4.2439,0.196,721.35
R_32JTTc2KQDDEb85,5,59.82,11.96,5.0,153.0,27.0,13.5,5,2.3219,0.0,0.0
R_32LAHRoBCbjkYZj,25,412.58,16.5,26.0,29.0,151.0,12.58,16,3.6235,0.8154,697.67
R_32LB3ZSknwfpFp4,25,575.55,23.02,25.0,2.0,178.0,9.37,23,4.4839,0.8853,845.8199999999999
R_32LYdapPvjP8C3O,9,350.19,38.91,10.0,15.0,165.0,20.62,6,2.4194,3.2401,311.5
R_32MgYCncUh7NkQE,45,1021.87,22.71,49.0,6.0,174.0,7.91,34,4.8329,0.3307,1050.28
R_32Mm71oAJq2K9XK,95,1763.39,18.56,98.0,3.0,177.0,5.9,54,5.3383,0.513,3333.0
R_32PFJILCpebqj2I,83,1821.64,21.95,85.0,4.0,176.0,4.09,50,5.2185,1.4964,2652.93
R_32QlciqXM5GfpTX,4,251.96,62.99,4.0,36.0,144.0,72.0,4,2.0,0.0202,52.99
R_32R69KRWIzuH9Im,12,368.23,30.69,12.0,47.0,133.0,26.6,11,3.4183,0.0928,744.8
R_32RSCpvF0PqDFBp,41,887.18,21.64,44.0,26.0,154.0,6.16,23,4.0579,0.1425,828.1800000000001
R_32UZncFA03IrQwQ,157,3466.71,22.08,176.0,2.0,178.0,3.49,101,6.2043,0.4608,4229.86
R_32VcKmw1biSyknq,68,1009.91,14.85,69.0,5.0,175.0,19.44,47,5.2784,0.7464,1078.48
R_32VlHVeRo7xTWsZ,3,27.12,9.04,3.0,20.0,160.0,80.0,3,1.585,3.4314,0.0
R_32WrYe9Z7XWF8FL,62,1419.77,22.9,65.0,11.0,169.0,5.63,42,5.1636,1.1057,999.79
R_32Wsk7ziaut6JrW,23,391.56,17.02,23.0,22.0,158.0,11.29,17,3.7623,0.1682,246.76
R_32WvdLjYpicai6o,33,663.47,20.11,35.0,2.0,178.0,9.37,22,4.2862,1.7679,350.2
R_32XC8AoellfuKcc,18,422.17,23.45,18.0,14.0,166.0,18.44,9,2.3244,0.5689,237.0
R_32XV91fRt8ME5SE,11,303.96,27.63,11.0,2.0,178.0,25.43,3,0.8659,0.7989,85.21000000000001
R_3315jeTD7rOEiLV,14,305.67,21.83,14.0,11.0,169.0,15.36,13,3.6645,0.7947,418.11
R_331IZVCzZJ6jtKT,1,19.0,19.0,1.0,180.0,0.0,180.0,1,-0.0,0.0,35.89
R_331r8PPvTyqKSoh,13,771.81,59.37,13.0,18.0,162.0,23.14,11,3.3347,0.1275,446.54
R_3339NQMzeTisk3b,9,219.45,24.38,9.0,3.0,177.0,25.29,7,2.7255,0.1551,162.46
R_333cPUAJRgYXqi1,65,1079.75,16.61,66.0,10.0,170.0,7.39,40,4.9515,0.3738,850.8199999999999
R_336WhTDSFkAvY2i,10,345.77,34.58,13.0,74.0,106.0,15.14,8,2.8464,0.0678,551.1800000000001
R_337tSdhyvzT1Fhc,11,379.08,34.46,11.0,27.0,153.0,30.6,8,2.8454,0.6105,77.97
R_338AsE7QedeQ72w,49,696.89,14.22,53.0,7.0,173.0,7.86,37,5.0379,1.2263,578.3199999999999
R_339iXVPjwR19zGl,2,22.64,11.32,2.0,180.0,0.0,180.0,1,-0.0,0.0,132.18
R_33CMoshOPscuZoK,3,27.47,9.16,3.0,180.0,0.0,180.0,3,1.585,0.0,34.82
R_33D74iAbniyvdKD,9,204.01,22.67,9.0,70.0,110.0,36.67,2,0.5033,0.4048,149.26
R_33DpUkKukzoZhXa,11,188.31,17.12,11.0,45.0,135.0,22.5,10,3.2776,0.2575,96.80000000000001
R_33Dw8oXaXrUFCue,3,27.57,9.19,3.0,180.0,0.0,180.0,3,1.585,0.0,0.0
R_33El0GX9AkXCVDU,16,269.58,16.85,16.0,1.0,179.0,17.9,14,3.75,0.5697,607.51
R_33a2eGfoj5xSrE2,35,598.99,17.11,35.0,11.0,169.0,9.39,21,4.022,0.8772,673.06
R_33a4MA36qbvE9o4,10,137.86,13.79,10.0,29.0,151.0,37.75,6,2.3219,0.2545,280.28
R_33akCFp4vDEVENx,7,110.63,15.8,7.0,9.0,171.0,28.5,6,2.5216,5.2327,177.91
R_33atELTxJdUP4T3,3,43.76,14.59,3.0,122.0,58.0,29.0,3,1.585,0.0,8.88
R_33d7M6Nr0oXVk6w,72,1187.31,16.49,77.0,3.0,177.0,9.83,44,5.1413,1.4742,1745.5
R_33dqPtsX8lDC3nH,1,15.91,15.91,1.0,180.0,0.0,180.0,1,-0.0,0.0,18.939999999999998
R_33dxSOlpYwYOjFE,34,630.13,18.53,35.0,5.0,175.0,9.21,16,3.5605,1.4836,966.4300000000001
R_33e7mSbpjZVKW82,5,80.97,16.19,5.0,112.0,68.0,22.67,3,1.371,0.0,96.36
R_33efXSVVGfbtXGm,16,467.89,29.24,16.0,1.0,179.0,25.57,14,3.7028,0.2604,329.41
R_33fh0DWssIsKwpU,7,324.17,46.31,7.0,90.0,90.0,45.0,7,2.8074,1.3963,463.72
R_33fmWkZdbFSdAqe,18,311.87,17.33,18.0,26.0,154.0,25.67,16,3.9058,0.318,349.55
R_33gqD4zbwgtDhQC,102,3185.8,31.23,113.0,8.0,172.0,4.2,50,5.0669,0.8831,799.2
R_33gtHIhwfU2ZloY,14,251.54,17.97,16.0,30.0,150.0,21.43,14,3.8074,0.1005,153.39
R_33jcUkAZ8knoq82,75,1359.55,18.13,109.0,11.0,169.0,13.0,46,5.1752,1.1962,2160.8
R_33kXOnRQaZX4laR,1,41.62,41.62,1.0,180.0,0.0,180.0,1,-0.0,0.0,155.59
R_33kcOqAkuOfPeI1,35,852.38,24.35,38.0,37.0,143.0,10.21,20,4.0227,0.2272,654.39
R_33kfPoabdOCxwub,8,477.04,59.63,8.0,8.0,172.0,86.0,8,3.0,26.2594,1200.95
R_33lsJEmPv7wPank,8,75.41,9.43,9.0,66.0,114.0,57.0,6,2.4056,0.0954,67.73
R_33m7KkdGBd1FBPD,3,61.32,20.44,3.0,152.0,28.0,28.0,3,1.585,0.0,34.43
R_33peF2pSQ188ZAJ,1,10.99,10.99,1.0,180.0,0.0,180.0,1,-0.0,0.0,0.0
R_33qcWNizw7jG3fK,4,81.96,20.49,4.0,111.0,69.0,34.5,4,2.0,0.0,0.0
R_33wIkzVNIsCTsW7,16,269.74,16.86,16.0,14.0,166.0,33.2,15,3.875,7.8555,118.11
R_33xxVtjHgiJnNli,22,454.98,20.68,22.0,9.0,171.0,10.69,16,3.8454,1.5731,431.05
R_33yyu45asYf9lJ3,1,59.99,59.99,1.0,180.0,0.0,180.0,1,-0.0,0.0,0.0
R_39HhVszlqdawZPP,66,829.19,12.56,66.0,34.0,146.0,4.42,45,4.9397,1.0508,1618.2
R_39P0jt8uXhs48lb,16,371.34,23.21,16.0,8.0,172.0,28.67,12,3.4528,1.015,632.44
R_3BOSxrIzMJ4BpSh,28,468.42,16.73,29.0,9.0,171.0,12.21,16,3.6055,0.92,205.17999999999998
R_3C9mWQweEu6HA2J,34,772.62,22.72,35.0,27.0,153.0,13.91,23,4.315,4.2595,934.55
R_3CATeNn9pwYX3bv,22,406.48,18.48,22.0,2.0,178.0,17.8,19,4.1524,20.9838,2645.01
R_3CBjLbyUvLMsiJP,13,94.72,7.29,13.0,30.0,150.0,30.0,10,3.1808,1.1124,625.12
R_3CD6TeMBrOUiEmu,1,12.68,12.68,1.0,180.0,0.0,180.0,1,-0.0,0.0,200.74
R_3CH1YiBOUKEpwDw,15,81.47,5.43,15.0,24.0,156.0,22.29,4,1.2366,0.3406,22.41
R_3CIrjNnjZFOVvWu,69,1165.39,16.89,69.0,18.0,162.0,20.25,46,5.2094,0.4444,404.01
R_3CKmnc9zwNPauw5,28,528.96,18.89,28.0,3.0,177.0,12.64,23,4.3788,1.8346,457.87
R_3CKteaN7MrzuI42,3,40.43,13.48,3.0,26.0,154.0,77.0,3,1.585,5.2488,51.730000000000004
R_3COt7hTo2LLI6He,9,170.34,18.93,10.0,110.0,70.0,23.33,8,2.9477,0.0,105.8
R_3CPK4Ao6WTnMD7n,26,784.23,30.16,28.0,7.0,173.0,11.53,17,3.5262,1.1502,1025.67
R_3CTPkeduw6soOUM,11,244.31,22.21,11.0,30.0,150.0,21.43,8,2.8454,1.8114,105.44
R_3CTqIaRKgDuGP1L,2,18.94,9.47,2.0,180.0,0.0,180.0,2,1.0,0.0,0.0
R_3CUBiXKNjzw5DhV,4,131.92,32.98,4.0,93.0,87.0,29.0,4,2.0,0.0,29.979999999999997
R_3CUfonTy5lAHkv2,47,1138.72,24.23,50.0,12.0,168.0,7.3,34,4.852,1.6156,1096.12
R_3CVMAH13SNAWjLZ,33,438.37,13.28,33.0,26.0,154.0,9.62,27,4.5138,1.0719,949.24
R_3CZ8DrIEalrYlgu,35,731.84,20.91,35.0,10.0,170.0,9.44,23,4.225,0.6893,339.3
R_3CZ8EscoSE4qqLu,5,54.1,10.82,6.0,33.0,147.0,147.0,5,2.3219,0.4574,452.11
R_3CZBHYSzEZSu8yb,4,78.06,19.52,4.0,164.0,16.0,16.0,4,2.0,0.0,61.5
R_3Cz2YHvu6adMgQp,11,149.98,13.63,12.0,10.0,170.0,42.5,9,3.0958,1.6326,883.68
R_3D0FIkesMnTGsnm,53,931.45,17.57,54.0,1.0,179.0,5.42,39,4.9732,0.7382,1053.64
R_3D1OqGz1QgTobzj,14,263.08,18.79,14.0,25.0,155.0,38.75,10,3.2359,0.4461,0.0
R_3D624pTJqKkE6ko,34,399.08,11.74,34.0,10.0,170.0,14.17,10,1.8876,0.1836,454.61
R_3D7xJuXSy25PXbg,40,1609.94,40.25,46.0,6.0,174.0,6.96,27,4.4429,0.6954,1434.77
R_3D8fwycJF7eksBo,55,1446.07,26.29,60.0,6.0,174.0,7.25,32,4.6627,0.9106,1457.54
R_3D8iU1uWpKiBsrI,13,506.95,39.0,13.0,10.0,170.0,24.29,11,3.3347,1.4818,505.89
R_3D8tZyjLz903WIf,16,523.37,32.71,18.0,49.0,131.0,18.71,12,3.5,2.7472,250.58
R_3DTHzBWuB6iePzb,13,356.92,27.46,13.0,19.0,161.0,32.2,11,3.3927,0.5257,300.51
R_3Dbw2bzDMkmC4Kt,33,1127.16,34.16,34.0,14.0,166.0,6.64,22,4.2108,0.4299,697.98
R_3DdKCo2XOGU4KOT,9,117.78,13.09,9.0,43.0,137.0,34.25,9,3.1699,0.3713,175.39
R_3DdbPgFadLDrK7U,56,1464.92,26.16,57.0,2.0,178.0,5.24,22,3.8513,1.3564,1027.47
R_3Ddx3PF1GsBUbzX,119,7061.07,59.34,286.0,1.0,179.0,3.03,50,4.8571,0.8296,3834.36
R_3DdxQK745EEWMzm,6,297.47,49.58,7.0,20.0,160.0,53.33,6,2.585,0.6619,146.97
R_3Dh96T8BVc7DG0Q,1,50.0,50.0,1.0,180.0,0.0,180.0,1,-0.0,0.0,0.0
R_3DkfpeA5lhL0kXq,9,259.87,28.87,9.0,25.0,155.0,25.83,8,2.9477,3.0035,1233.55
R_3DkircP5jOIPPz3,10,314.85,31.48,10.0,38.0,142.0,47.33,7,2.5219,0.1886,644.77
R_3Dkj7WCrUKoBPHe,15,218.79,14.59,16.0,2.0,178.0,59.33,11,3.2402,2.1722,86.12
R_3DkmDzFowAbQ5vl,41,1105.57,26.97,43.0,5.0,175.0,8.75,28,4.5498,24.2356,425.92
R_3DpwSHZQO8nhZy6,5,88.87,17.77,5.0,162.0,18.0,6.0,5,2.3219,0.0,110.92
R_3DqB7pyNczSugtj,28,536.0,19.14,29.0,60.0,120.0,9.23,20,4.155,0.1783,377.03000000000003
R_3DqnvnWvqgEZVbO,28,632.2,22.58,28.0,20.0,160.0,11.43,22,4.2499,0.4252,345.52
R_3DteNZbN9pZ6q6A,33,875.0,26.52,33.0,2.0,178.0,12.71,32,4.9838,1.849,340.2
R_3Dvf2b14COFZe0A,128,2326.37,18.17,159.0,15.0,165.0,4.02,68,5.7099,0.8955,3303.45
R_3E252YU4mQvPkIN,1,6.99,6.99,1.0,180.0,0.0,180.0,1,-0.0,0.0,0.0
R_3EEZcujUuRoad1F,28,1129.04,40.32,28.0,6.0,174.0,13.38,4,1.4313,6.5907,725.77
R_3EEesqalY2T8Gdm,3,62.95,20.98,3.0,96.0,84.0,42.0,2,0.9183,0.0,314.39
R_3EEkdVDJ2YHiSOj,20,496.05,24.8,20.0,12.0,168.0,11.2,15,3.6414,2.6834,709.23
R_3EF2sOVmTNA4e3u,47,845.53,17.99,62.0,10.0,170.0,6.8,33,4.8074,1.3909,1260.8
R_3EF584Zf9pAwkir,7,90.9,12.99,7.0,25.0,155.0,38.75,6,2.5216,0.98,742.16
R_3EFsFPjORsZZZn5,79,2898.03,36.68,92.0,5.0,175.0,4.49,45,5.1667,0.4319,3061.9
R_3EG2lAmDB5qrmUO,3,51.97,17.32,3.0,122.0,58.0,29.0,3,1.585,0.0,76.75
R_3EGvqUR9TZQYcPc,5,29.35,5.87,13.0,180.0,0.0,180.0,4,1.9219,0.0,0.0
R_3EKDuh477LRPL0t,93,828.76,8.91,102.0,7.0,173.0,8.65,42,4.8794,0.2012,250.55
R_3EKM9mPJL9nwVZP,4,139.61,34.9,4.0,25.0,155.0,77.5,4,2.0,18.4172,0.0
R_3EKbufgfGp0iJqN,18,334.63,18.59,20.0,79.0,101.0,16.83,8,2.2133,0.087,0.0
R_3EMSI0TXB7sUjN4,54,1139.68,21.11,54.0,8.0,172.0,10.12,24,3.5099,1.1394,369.39
R_3EMaONYGibovcxQ,36,629.16,17.48,36.0,4.0,176.0,11.73,26,4.3809,1.3385,452.67
R_3EMd7qNpZzBTfeI,25,261.47,10.46,25.0,3.0,177.0,19.67,17,3.8439,1.1351,297.9
R_3EPPQDreWBHrYIN,26,525.24,20.2,27.0,5.0,175.0,19.44,19,4.0231,3.1858,64.98
R_3EPQZIIC10dWrjT,9,177.53,19.73,12.0,62.0,118.0,23.6,9,3.1699,1.1548,1094.53
R_3EQ2dhEXGhy72Xx,32,904.1,28.25,35.0,8.0,172.0,11.47,20,4.1167,0.4605,773.02
R_3EQJpaOtt2aP8HS,29,696.06,24.0,29.0,10.0,170.0,12.14,23,4.3492,0.5707,1660.77
R_3ESEXAc9qI9Kwvu,12,151.71,12.64,12.0,12.0,168.0,33.6,9,3.0221,1.5973,343.09000000000003
R_3ESuELdvO5mTjxj,24,425.87,17.74,24.0,5.0,175.0,19.44,16,3.7516,0.1017,331.08
R_3EVY4NsMzRR1v2S,63,2150.35,34.13,70.0,11.0,169.0,4.83,40,4.9217,0.9834,1655.09
R_3EWk755Ir7OPrZ4,81,1717.97,21.21,86.0,1.0,179.0,3.44,56,5.4561,0.981,1814.0
R_3EWpU9jtvio82ZW,14,225.62,16.12,14.0,12.0,168.0,28.0,9,2.9852,0.7502,223.33
R_3EYYSAYh5CMwpuM,11,313.17,28.47,11.0,5.0,175.0,25.0,8,2.8454,0.2847,686.79
R_3EYhs6sdztDRTgU,2,69.98,34.99,2.0,180.0,0.0,180.0,2,1.0,0.0,29.41
R_3EZrxwI9XaH5BwK,7,207.94,29.71,7.0,75.0,105.0,35.0,7,2.8074,6.0824,0.0
R_3EaRonpJ9uBZjbf,85,1183.69,13.93,102.0,14.0,166.0,7.22,46,4.8453,0.3182,1848.62
R_3Ebh099lpNz7iC2,38,785.98,20.68,40.0,7.0,173.0,8.24,19,3.6922,0.8229,1822.72
R_3EbttwlSceKvWpl,20,326.32,16.32,20.0,8.0,172.0,17.2,17,3.9842,1.4019,324.16
R_3EfGwTEabmoSRVI,13,176.02,13.54,13.0,156.0,24.0,24.0,4,1.352,0.0,0.0
R_3EgIvf4lJXZKbGr,1,13.99,13.99,1.0,180.0,0.0,180.0,1,-0.0,0.0,0.0
R_3EhR0fMrUnhxkXq,3,49.91,16.64,3.0,152.0,28.0,14.0,2,0.9183,0.0,83.6
R_3EiC7G3wrw70mky,7,76.04,10.86,8.0,41.0,139.0,46.33,7,2.8074,0.9854,251.85999999999999
R_3Ej8bcREI0F3eu5,56,805.11,14.38,58.0,1.0,179.0,9.42,43,5.2939,2.245,1045.06
R_3EjukyESzOBwlP3,15,456.61,30.44,18.0,18.0,162.0,14.73,14,3.7736,0.7189,636.98
R_3ElHoNUS8Tyu7RP,34,718.39,21.13,35.0,5.0,175.0,15.91,23,4.2754,6.9892,983.15
R_3Em4Q2OBHB3m5rz,52,969.52,18.64,66.0,3.0,177.0,5.53,32,4.7021,0.948,1283.92
R_3ErQCzsLvW3VNS4,4,188.97,47.24,4.0,56.0,124.0,62.0,4,2.0,0.3501,40.739999999999995
R_3Es3loppjtpKmVQ,14,223.97,16.0,14.0,68.0,112.0,28.0,12,3.5216,0.2647,174.99
R_3EsC5YHmiHe5s54,32,413.38,12.92,32.0,22.0,158.0,15.8,12,2.4669,1.099,375.59
R_3EsdYJiok38Qvto,17,258.34,15.2,17.0,12.0,168.0,24.0,11,3.2195,0.6051,462.42
R_3EstwwBJnGlJRF9,12,199.96,16.66,12.0,3.0,177.0,17.7,11,3.4183,0.7313,185.69
R_3EuLVznxdNt9ygD,54,959.11,17.76,54.0,10.0,170.0,8.5,40,5.1555,0.4968,663.25
R_3EutPfLBwg7pRd5,5,84.55,16.91,7.0,152.0,28.0,14.0,4,1.9219,0.0,0.0
R_3EzeiT36qvnPNn2,37,892.74,24.13,38.0,3.0,177.0,7.38,20,3.6143,0.9341,415.61
R_3F2KeQRImk5Mttz,1,25.93,25.93,1.0,180.0,0.0,180.0,1,-0.0,0.0,8.99
R_3F2RsXO9QCVRCrn,29,779.93,26.89,34.0,14.0,166.0,20.75,12,2.7854,0.4241,417.87
R_3F3X708cHyF54Xq,2,25.18,12.59,2.0,180.0,0.0,180.0,2,1.0,0.0,0.0
R_3F4cWjtxeQOW5r7,24,289.18,12.05,24.0,7.0,173.0,19.22,12,2.8675,1.2348,338.26
R_3F5y4cdVNzWpTQR,5,146.7,29.34,5.0,3.0,177.0,44.25,2,0.7219,0.0335,406.07
R_3FJUVdPnuSVjjOU,4,67.38,16.85,5.0,132.0,48.0,48.0,4,2.0,0.0,62.349999999999994
R_3FJqi0ATxRwqj8Q,14,674.51,48.18,15.0,36.0,144.0,28.8,11,3.3249,2.3235,32.95
R_3FLPTTSok3w7jnv,52,1028.18,19.77,55.0,10.0,170.0,8.95,36,4.8151,0.9637,1021.3100000000001
R_3FLnCDw2M5okTCc,21,690.73,32.89,21.0,14.0,166.0,9.76,15,3.6304,1.3807,1122.79
R_3FOKWQ86wW6w6jD,10,159.71,15.97,11.0,55.0,125.0,31.25,7,2.6464,1.2835,130.7
R_3FPeOTnJa3dJ112,28,431.87,15.42,35.0,34.0,146.0,12.17,21,4.2804,0.7811,1327.6
R_3FRSHAzxtL6ifms,45,1403.48,31.19,47.0,22.0,158.0,13.17,34,4.9227,0.3545,956.28
R_3FUNDRuv13pcDZN,54,1182.92,21.91,56.0,9.0,171.0,10.06,35,4.8331,0.7678,1139.9
R_3FWCS2UtcCmpn3R,87,2185.37,25.12,94.0,9.0,171.0,4.28,61,5.6483,0.6647,2996.13
R_3FWYtGRVAKLzCT4,34,820.76,24.14,36.0,2.0,178.0,12.71,24,4.4326,0.8641,291.14
R_3G19QJlvJKiZq7Y,28,982.58,35.09,31.0,1.0,179.0,11.93,18,3.9677,2.2054,1291.47
R_3G1gYo1d23Zq8Np,107,1860.15,17.38,110.0,3.0,177.0,3.93,50,5.2242,1.1413,1854.36
R_3G1jK0qoLtI09ql,1,12.5,12.5,1.0,180.0,0.0,180.0,1,-0.0,0.0,15.68
R_3G2FrnXm2CdS0gc,17,553.6,32.56,19.0,80.0,100.0,16.67,13,3.4992,0.1924,303.37
R_3G6Wcp7d0HrvZcR,23,372.11,16.18,23.0,1.0,179.0,16.27,22,4.4366,0.987,624.49
R_3G7BILj5lidHb8M,46,1041.6,22.64,46.0,5.0,175.0,7.61,26,4.1848,1.8498,978.59
R_3G7msgwdvuWPgY4,10,255.11,25.51,10.0,25.0,155.0,38.75,8,2.8464,0.3555,408.03
R_3G8JXKKyXNCmXUc,17,284.8,16.75,19.0,29.0,151.0,18.88,12,3.4104,1.6815,353.29
R_3G8qdj0XUDaKK0r,42,807.73,19.23,48.0,12.0,168.0,14.0,31,4.6387,2.2224,624.89
R_3G9b1ToPNT28Utq,82,1847.3,22.53,82.0,15.0,165.0,8.25,46,5.0208,2.239,362.37
R_3GBBlhvTFaD1mh7,10,172.6,17.26,10.0,41.0,139.0,46.33,7,2.6464,0.522,176.25
R_3GBRRr7bndtJPU9,30,417.54,13.92,31.0,107.0,73.0,5.21,18,3.8314,0.0,273.46
R_3GBS8tWaQz8xHPl,10,349.6,34.96,10.0,68.0,112.0,22.4,9,3.1219,0.0578,496.24
R_3GBSX5xvcH0uSyx,39,453.95,11.64,41.0,6.0,174.0,7.91,25,4.2404,1.7484,2005.81
R_3GCXgWFPLgXAuFC,56,882.51,15.76,57.0,6.0,174.0,6.0,38,4.8213,1.3477,1519.03
R_3GD1CL4OyjglmbZ,23,637.52,27.72,26.0,1.0,179.0,10.53,11,2.6623,1.9884,744.21
R_3GdZzylMTi2YNBV,32,574.97,17.97,33.0,4.0,176.0,7.33,19,3.8387,1.9599,2023.79
R_3GdnvxSWjKsWkLO,6,97.83,16.3,6.0,5.0,175.0,175.0,6,2.585,0.2947,141.01
R_3GdnyGwbVF0dSiX,7,52.59,7.51,8.0,172.0,8.0,8.0,6,2.5216,0.0,51.81
R_3Ge2RzIsoM2g5lL,46,551.74,11.99,46.0,2.0,178.0,6.59,35,4.8115,1.7495,813.16
R_3GethxN3YUfT3zL,13,330.07,25.39,16.0,8.0,172.0,21.5,12,3.5466,0.4003,843.73
R_3Gf6woMCZ2534lI,3,21.52,7.17,3.0,33.0,147.0,73.5,3,1.585,1.0437,41.230000000000004
R_3Gf7YI2H2CvFjQS,31,1277.81,41.22,33.0,11.0,169.0,16.9,20,4.1155,0.9003,1047.05
R_3GfYuThn4GzHiWO,11,228.73,20.79,11.0,52.0,128.0,64.0,9,3.0958,1.4661,101.08
R_3GiFHVWzYKHT1F5,14,575.86,41.13,16.0,47.0,133.0,12.09,9,2.9852,0.6235,537.82
R_3GiSNq0yPsXSvhf,91,1511.77,16.61,100.0,11.0,169.0,8.89,20,2.4503,0.4773,1469.38
R_3GiUgBX63FWdGAk,10,1246.71,124.67,10.0,109.0,71.0,11.83,8,2.9219,0.0,0.0
R_3GiWheWDtygg0V2,115,1617.84,14.07,119.0,3.0,177.0,4.78,67,5.3575,0.792,1732.01
R_3GkRzSOymoHHYrf,15,472.19,31.48,16.0,2.0,178.0,22.25,14,3.7736,3.6311,0.0
R_3GkT1UsAPrEwdXE,32,529.21,16.54,34.0,77.0,103.0,7.36,20,4.1556,0.2192,649.04
R_3GkoSjGfb27dcFl,40,926.27,23.16,45.0,14.0,166.0,9.76,20,3.721,0.2439,1079.3
R_3GlmpDF7aCOi9wA,17,682.03,40.12,17.0,6.0,174.0,58.0,12,3.4104,169.9348,1250.75
R_3GoVgnf4Ih55nVX,7,140.44,20.06,9.0,25.0,155.0,31.0,7,2.8074,0.3202,0.0
R_3GqD1hXu6eSqH31,30,886.64,29.55,31.0,2.0,178.0,14.83,25,4.5069,2.6773,815.49
R_3GqfePl8gH1VWP1,40,1021.88,25.55,41.0,4.0,176.0,9.26,25,4.4153,2.8834,1492.8
R_3Gr02vFv0h79T4p,4,83.8,20.95,4.0,168.0,12.0,12.0,3,1.5,0.0,111.71000000000001
R_3GrjtiJ9M19hViM,1,44.99,44.99,1.0,180.0,0.0,180.0,1,-0.0,0.0,364.41
R_3Gvq8BkHNwpHB6L,1,49.95,49.95,1.0,180.0,0.0,180.0,1,-0.0,0.0,51.41
R_3Gvz2XC7yM8Jb83,19,419.02,22.05,19.0,5.0,175.0,25.0,11,3.0031,0.3593,78.80000000000001
R_3GwCCWUgtO6KqAH,61,1212.76,19.88,64.0,6.0,174.0,10.88,42,5.1395,2.4559,861.33
R_3Gwv5NOXlLi4HIo,20,210.78,10.54,20.0,102.0,78.0,39.0,13,3.4037,0.0,817.39
R_3Gx4NtSW5BDHYaM,7,213.02,30.43,8.0,37.0,143.0,28.6,6,2.5216,0.9473,535.46
R_3GxJF4SnLPfejD5,9,421.52,46.84,9.0,1.0,179.0,59.67,9,3.1699,0.5747,1004.6700000000001
R_3GxP6iC8HXilAFv,2,26.98,13.49,2.0,77.0,103.0,103.0,1,-0.0,0.7999,0.0
R_3Gyd3TBsiJSqbq9,13,446.24,34.33,14.0,68.0,112.0,22.4,11,3.3927,0.1915,1505.69
R_3HAe8cULrdkI2kW,14,243.14,17.37,14.0,32.0,148.0,29.6,12,3.5216,1.7356,327.35
R_3HAk4tN4hE1Arcm,37,778.64,21.04,37.0,30.0,150.0,9.38,23,4.0396,0.4938,1272.34
R_3HBSzChLJ0THGv0,4,89.22,22.3,4.0,28.0,152.0,76.0,4,2.0,0.6228,249.93
R_3HCGBIUl9rPEwFq,2,38.77,19.38,2.0,101.0,79.0,79.0,2,1.0,0.0,0.0
R_3HIaDXXmCJjh0cd,10,263.27,26.33,10.0,7.0,173.0,28.83,7,2.5219,1.0456,121.94
R_3HLDYzLgNc7CV2x,6,127.74,21.29,6.0,66.0,114.0,22.8,5,2.2516,1.0958,60.0
R_3HLKIA2u3ZnY9lM,57,2120.91,37.21,61.0,6.0,174.0,5.8,27,3.9318,1.9146,2708.58
R_3HLZ94fSYlErqm4,4,80.94,20.23,4.0,48.0,132.0,44.0,3,1.5,0.7611,798.47
R_3HMQvvSjHuYx9Zp,4,73.56,18.39,4.0,65.0,115.0,115.0,4,2.0,1.7054,6.99
R_3HNOpheZEt8babI,18,208.04,11.56,18.0,7.0,173.0,28.83,15,3.8366,1.6583,350.74
R_3HOBBoXFv9dlgeK,5,92.78,18.56,5.0,52.0,128.0,64.0,4,1.9219,0.6337,162.77
R_3HOJvi26PAJuJZK,4,100.24,25.06,4.0,9.0,171.0,85.5,4,2.0,0.8074,197.61
R_3HRFZL1JSj3MxJu,5,164.05,32.81,6.0,61.0,119.0,39.67,5,2.3219,0.7454,107.33
R_3HS9VTIlBMhL0Sd,11,276.91,25.17,11.0,43.0,137.0,34.25,5,1.6729,1.0591,453.0
R_3HSpUGQNrkvaCK7,10,131.31,13.13,11.0,45.0,135.0,19.29,10,3.3219,0.7805,141.77
R_3HTY4DHoMm8pvu8,74,1361.87,18.4,82.0,3.0,177.0,3.77,38,4.7226,0.6262,2704.2599999999998
R_3HUIONMYrlnunP2,4,231.86,57.97,4.0,31.0,149.0,74.5,4,2.0,0.5515,75.98
R_3HUOVBSzChkQaNg,18,329.41,18.3,18.0,44.0,136.0,12.36,14,3.6835,0.0477,151.5
R_3HUrUBODoLAVIdf,1,25.99,25.99,1.0,180.0,0.0,180.0,1,-0.0,0.0,0.0
R_3HYTI2GoQycZ7pm,29,749.6,25.85,31.0,7.0,173.0,15.73,20,4.0868,0.196,846.91
R_3HZG1H0F4Gj7CvH,13,369.8,28.45,13.0,9.0,171.0,15.55,11,3.3927,1.6518,303.76
R_3HZXXVV3o9YAbej,7,43.89,6.27,7.0,122.0,58.0,58.0,6,2.5216,0.0,636.85
R_3HgZOjGq4Ny969k,18,427.29,23.74,21.0,30.0,150.0,11.54,14,3.6416,1.0949,895.58
R_3Hhlv3A6Jj4ne7z,4,74.84,18.71,4.0,180.0,0.0,180.0,3,1.5,0.0,175.28
R_3HhqYe5EEdoWMYK,77,1816.8,23.59,84.0,9.0,171.0,6.11,47,5.0432,1.1864,2121.82
R_3HhuhQG33UHsk0S,1,135.99,135.99,1.0,180.0,0.0,180.0,1,-0.0,0.0,0.0
R_3HiRrH77MQBmCfY,43,1091.89,25.39,43.0,31.0,149.0,10.64,26,4.499,0.9412,323.41
R_3HigTq4itishziE,243,4198.13,17.28,315.0,1.0,179.0,4.59,114,6.2737,0.9887,4620.36
R_3HizCKpeuB5PkKD,19,397.83,20.94,21.0,14.0,166.0,18.44,16,3.9321,9.0335,176.92000000000002
R_3HjAciQyd2Gc4Gi,2,79.58,39.79,2.0,180.0,0.0,180.0,2,1.0,0.0,172.13
R_3HjDQfY6FOS3MIo,57,1628.38,28.57,59.0,1.0,179.0,6.17,30,4.6708,1.4323,1126.61
R_3HjNQCp49uYkfcR,21,450.34,21.44,21.0,2.0,178.0,17.8,16,3.8442,1.5055,818.64
R_3Hjj9FarH3Iga6k,15,298.73,19.92,15.0,12.0,168.0,84.0,14,3.7736,1.0965,1594.45
R_3Hklums6AcOIz3o,6,94.11,15.69,6.0,83.0,97.0,48.5,5,2.2516,0.2766,31.88
R_3HnsALZBCxyoK8h,14,278.17,19.87,14.0,2.0,178.0,14.83,11,3.2359,1.0787,567.14
R_3HodEyIPSqvm8b2,33,828.38,25.1,33.0,6.0,174.0,9.67,22,4.0853,0.3801,313.27
R_3Hphzg7zu04Hgy1,105,1860.04,17.71,110.0,3.0,177.0,3.61,48,4.795,0.8175,2210.14
R_3HpkApMzQY1TOOo,1,17.99,17.99,1.0,180.0,0.0,180.0,1,-0.0,0.0,77.03999999999999
R_3HprJyyTGIR9uvR,4,49.47,12.37,4.0,85.0,95.0,95.0,4,2.0,1.9117,121.83
R_3HuZlW70nQmMmfp,2,187.98,93.99,2.0,63.0,117.0,117.0,2,1.0,13.4711,0.0
R_3Hul1w7TompJtds,7,160.05,22.86,7.0,82.0,98.0,98.0,4,1.6645,2.137,0.0
R_3HvPXLfubbb9a6G,78,1822.26,23.36,91.0,13.0,167.0,4.07,32,4.5173,0.4649,1096.51
R_3HwyBgrbG8FttC8,3,54.97,18.32,3.0,165.0,15.0,15.0,3,1.585,0.0,0.0
R_3HzRfw5sNEvrFRf,18,371.08,20.62,18.0,19.0,161.0,11.5,12,3.3774,3.8653,906.77
R_3HzhKIwCcybjVbM,24,471.5,19.65,25.0,3.0,177.0,13.62,15,3.6887,3.7535,869.78
R_3I055DYANjeNW0Q,54,965.23,17.87,54.0,16.0,164.0,9.11,42,5.2685,1.2085,1202.44
R_3I0K5JAKywca6PU,105,2374.95,22.62,109.0,2.0,178.0,3.63,66,5.6673,1.1974,1490.61
R_3I0sWpLFEyMMVOV,19,419.86,22.1,28.0,23.0,157.0,31.4,9,2.6292,0.2936,143.64
R_3I5nChwlGKbzV2A,94,1494.78,15.9,97.0,3.0,177.0,5.06,48,5.0255,1.3369,1008.7
R_3I9Pu8iauEcOx9A,17,156.26,9.19,17.0,13.0,167.0,15.18,7,2.2628,2.4118,65.42
R_3I9lfJCbLgXX1Kx,2,26.73,13.36,2.0,169.0,11.0,11.0,2,1.0,0.0,0.0
R_3I9nHVMo3pyWm6J,27,498.73,18.47,27.0,4.0,176.0,11.73,22,4.3286,0.5647,849.66
R_3IDsfmJTCTANGJr,33,1387.28,42.04,34.0,21.0,159.0,12.23,27,4.6808,1.9573,1234.66
R_3IPI3HQKPpZiAuc,20,830.18,41.51,20.0,1.0,179.0,14.92,17,3.9842,0.9658,510.98
R_3IPMrsaowKJJ58Z,2,29.32,14.66,2.0,180.0,0.0,180.0,1,-0.0,0.0,0.0
R_3IQ5XO6JT3wgVgw,8,107.85,13.48,8.0,95.0,85.0,42.5,8,3.0,0.0,56.83
R_3IQQB0Dtvv9riqZ,101,1197.79,11.86,101.0,17.0,163.0,7.41,51,5.3229,1.004,1490.05
R_3IQaxjhPOxaFJ3O,9,87.7,9.74,9.0,16.0,164.0,41.0,4,1.4466,1.4247,24.36
R_3IQdgPlakBMLdO8,2,47.83,23.92,2.0,180.0,0.0,180.0,2,1.0,0.0,34.48
R_3IRgQLwyTZQakZC,6,381.58,63.6,6.0,16.0,164.0,41.0,5,2.2516,0.4966,238.95000000000002
R_3IRiT8PbSGOvVXS,10,129.74,12.97,10.0,12.0,168.0,42.0,9,3.1219,0.2891,681.41
R_3ISSnemD96u33dk,64,1208.82,18.89,65.0,3.0,177.0,8.05,36,4.5592,1.4243,1686.32
R_3ISm7yGTA6uH07J,13,384.41,29.57,13.0,16.0,164.0,23.43,11,3.3927,0.2248,632.7
R_3IVPvJMvcpVLLvi,14,348.54,24.9,14.0,18.0,162.0,14.73,11,3.3788,0.4856,717.4300000000001
R_3IXMG8LtMxKwJC3,1,14.0,14.0,1.0,180.0,0.0,180.0,1,-0.0,0.0,0.0
R_3IZdWkH8qGnmONy,5,266.51,53.3,5.0,13.0,167.0,41.75,5,2.3219,10.6126,253.38
R_3IaGUIs83jpQZU4,19,396.78,20.88,24.0,30.0,150.0,12.5,16,3.8924,0.5769,719.52
R_3IaWiqm9a2BnlIF,40,1018.65,25.47,40.0,2.0,178.0,5.93,28,4.4806,1.7006,1814.33
R_3IaZTnB1Gr2Jd8y,2,65.91,32.95,2.0,41.0,139.0,139.0,2,1.0,6.389,95.75
R_3IaddE3q66Zxn9K,4,239.17,59.79,4.0,180.0,0.0,180.0,4,2.0,0.0,136.41
R_3Ib0CpTLQzDVjiC,7,74.01,10.57,7.0,150.0,30.0,10.0,6,2.5216,0.0,293.13
R_3IcW0cCdlMnkeZO,10,567.9,56.79,10.0,4.0,176.0,22.0,6,2.4464,4.7754,270.58
R_3IcaxjmR6Rttxu2,14,228.73,16.34,15.0,38.0,142.0,17.75,11,3.3788,0.0202,356.55
R_3IsVeutDyfOL4I1,58,948.4,16.35,59.0,4.0,176.0,7.04,39,5.0948,1.0057,2030.53
R_3J1MGyDr8hZp1sc,7,185.66,26.52,7.0,54.0,126.0,31.5,6,2.5216,0.2388,0.0
R_3J4ALTpmi7dKg9w,28,792.63,28.31,34.0,2.0,178.0,7.42,24,4.4947,3.3413,1131.28
R_3J7ZDjIatQBwT2X,2,35.8,17.9,2.0,18.0,162.0,162.0,2,1.0,0.3769,163.8
R_3J8AqRUvn6mrFaY,6,165.3,27.55,6.0,50.0,130.0,26.0,5,2.2516,0.3741,454.85
R_3J8UIMbwljBx6df,40,849.49,21.24,40.0,13.0,167.0,10.44,24,4.0512,1.7522,1498.78
R_3J8UJcgwnW51IvN,21,541.15,25.77,22.0,2.0,178.0,14.83,13,3.3321,2.2184,1283.67
R_3J8fmsKlTE846m6,131,6557.39,50.06,156.0,48.0,132.0,3.14,66,5.6272,0.3783,1671.9
R_3JCb5kJ47zXT5Er,8,291.83,36.48,8.0,3.0,177.0,59.0,6,2.5,13.5915,216.52
R_3JErJ9sCmGtlJ5a,3,52.98,17.66,3.0,61.0,119.0,119.0,3,1.585,1.1192,403.36
R_3JF2ybHtRoivZJX,21,300.57,14.31,21.0,2.0,178.0,13.69,17,4.0114,0.3438,459.61
R_3JFAj4jTW4qftb2,26,603.8,23.22,32.0,3.0,177.0,22.12,17,3.8253,3.348,805.56
R_3JIBjVcP4lFnfyw,8,133.97,16.75,8.0,12.0,168.0,56.0,5,2.0,6.9366,69.32
R_3JIXNlHP57fpa2R,15,330.9,22.06,23.0,65.0,115.0,19.17,10,3.1069,1.2556,410.99
R_3JJfhp7Z7vUO8K2,68,1594.33,23.45,79.0,3.0,177.0,7.08,39,4.6629,0.3723,1590.34
R_3JJjfKRNxZz1JWa,10,264.92,26.49,10.0,29.0,151.0,25.17,10,3.3219,1.6402,562.43
R_3JK3aP5uRxffXiy,31,862.56,27.82,32.0,5.0,175.0,7.29,22,4.2847,1.6223,1695.93
R_3JLAhdJnyyhPjVz,5,82.81,16.56,5.0,24.0,156.0,39.0,5,2.3219,1.3009,235.60999999999999
R_3JLyTBgWGl9Cl4Y,5,97.05,19.41,5.0,25.0,155.0,77.5,5,2.3219,0.6178,275.19
R_3JeCQU6faeEMOg5,21,431.71,20.56,21.0,6.0,174.0,29.0,13,3.2301,0.152,228.7
R_3JeIGQh3DalGv3u,39,561.83,14.41,39.0,73.0,107.0,17.83,26,4.4875,1.8984,110.84
R_3JeYrscDZ1kBO3a,3,16.97,5.66,3.0,141.0,39.0,39.0,2,0.9183,0.0,0.0
R_3Jf3gqwVuaLfVPJ,1,4.99,4.99,1.0,180.0,0.0,180.0,1,-0.0,0.0,26.42
R_3JfIbMgXAkPG3j8,3,63.98,21.33,3.0,33.0,147.0,73.5,3,1.585,0.185,129.97
R_3JfvcFlS8dhfgcr,2,31.85,15.92,2.0,180.0,0.0,180.0,2,1.0,0.0,0.0
R_3JgTD4MtLbi3fNJ,9,248.21,27.58,9.0,13.0,167.0,33.4,9,3.1699,0.8067,752.12
R_3JgbbnNzNJBaMtM,4,60.08,15.02,4.0,13.0,167.0,55.67,2,0.8113,0.4107,157.68
R_3JjRmgOh3ZydDiW,80,2044.56,25.56,97.0,4.0,176.0,4.19,38,4.7041,0.1945,1280.1399999999999
R_3Jklf2dJGUb6Q1l,2,193.94,96.97,2.0,170.0,10.0,10.0,2,1.0,0.0,2520.09
R_3Jl5q6tZJctgL8B,33,639.07,19.37,35.0,20.0,160.0,10.0,21,4.0755,0.2537,3214.81
R_3JnjKsPAuFGDhrx,35,1020.33,29.15,36.0,1.0,179.0,5.97,22,4.229,0.6109,907.45
R_3JnqCjV41SYD6I4,16,286.8,17.92,16.0,15.0,165.0,16.5,9,2.7744,2.4123,351.28000000000003
R_3Jq0a5Bn6y6pYKy,57,1895.02,33.25,61.0,6.0,174.0,5.27,46,5.4072,1.811,2559.77
R_3JqPfcG88XblHuE,7,142.96,20.42,10.0,72.0,108.0,54.0,7,2.8074,0.5351,231.97
R_3JsfA4yWHSMhWdo,1,49.99,49.99,1.0,180.0,0.0,180.0,1,-0.0,0.0,0.0
R_3Jx8193TYiav93D,38,611.07,16.08,38.0,4.0,176.0,6.77,28,4.5869,2.4498,538.71
R_3JxER5vDQfktCDo,5,66.9,13.38,5.0,91.0,89.0,44.5,3,1.371,0.0,83.82000000000001
R_3Jxiicg67etW2yt,117,2097.26,17.93,120.0,6.0,174.0,2.64,71,5.7933,0.8212,2345.1
R_3KBI2HIkwSKHEOT,24,461.24,19.22,25.0,5.0,175.0,15.91,19,4.0535,0.8772,308.54
R_3KBKPnSEuQx00up,4,122.01,30.5,4.0,5.0,175.0,175.0,4,2.0,2.2834,202.9
R_3KBMM6Vf5T55MvH,7,464.75,66.39,7.0,9.0,171.0,42.75,5,2.1281,0.7548,534.49
R_3KCUnPI9FEz7vTo,41,1271.56,31.01,43.0,4.0,176.0,6.07,24,4.0227,1.1019,647.0699999999999
R_3KCo0LEpRwKOMBe,2,16.88,8.44,2.0,29.0,151.0,151.0,1,-0.0,0.9906,385.68
R_3KDgmMJzGS0doff,16,311.5,19.47,16.0,26.0,154.0,14.0,14,3.75,0.4558,107.74000000000001
R_3KE0mQaK5xihhMb,55,1067.55,19.41,60.0,5.0,175.0,8.33,36,4.8972,1.0959,295.7
R_3KE1wJQwNJHPIic,2,29.99,15.0,2.0,179.0,1.0,1.0,1,-0.0,0.0,248.96
R_3KGYehNgy0pjaWk,99,1578.01,15.94,101.0,2.0,178.0,7.74,53,5.0677,0.1979,612.82
R_3KHiP9QpzA2COVL,32,627.17,19.6,36.0,2.0,178.0,9.89,12,2.5747,3.3978,217.86
R_3KI0Q5yJYxm1woD,63,1273.23,20.21,65.0,15.0,165.0,8.68,27,4.2191,0.8842,1803.5
R_3KI0m2aJJXPqdBf,1,39.99,39.99,1.0,180.0,0.0,180.0,1,-0.0,0.0,19.99
R_3KJhATrOMBcp80T,1,11.97,11.97,1.0,180.0,0.0,180.0,1,-0.0,0.0,134.41
R_3KNPTA6hmTHL69G,12,166.34,13.86,13.0,48.0,132.0,22.0,7,2.5221,0.3383,77.74
R_3KO24XmGqUIwMZH,91,1849.03,20.32,104.0,1.0,179.0,3.38,58,5.498,1.6201,1680.56
R_3KO5gn8V90pKQAC,10,127.96,12.8,10.0,8.0,172.0,19.11,9,3.1219,1.7957,155.36
R_3KOQ7I1jGHLv7pH,118,2460.43,20.85,122.0,6.0,174.0,4.35,60,5.3177,3.8675,2308.76
R_3KOaPXDeFmf2mNp,3,44.15,14.72,4.0,133.0,47.0,47.0,3,1.585,0.0,126.94
R_3KUPxp6T7nvXjXB,38,851.16,22.4,38.0,1.0,179.0,7.16,21,3.9343,1.0799,617.35
R_3KVHlmqswMMbV4L,9,107.2,11.91,9.0,22.0,158.0,39.5,6,2.4194,0.5418,104.83
R_3KVhCsLDEdjEmeY,6,76.05,12.67,6.0,90.0,90.0,45.0,4,1.9183,0.73,356.76
R_3Kp8Seg75oN0gPs,5,127.73,25.55,5.0,7.0,173.0,173.0,5,2.3219,2.6494,0.0
R_3KpaTa6zCZitiZG,38,792.99,20.87,38.0,8.0,172.0,10.12,24,4.3237,1.1382,1070.15
R_3Kqq6OvbAB9KhtU,1,4.93,4.93,1.0,180.0,0.0,180.0,1,-0.0,0.0,12.48
R_3Kr76eCJCdILz7j,6,151.7,25.28,6.0,18.0,162.0,32.4,4,1.7925,0.263,64.21
R_3KrchKzF2f9xKLv,18,356.65,19.81,19.0,29.0,151.0,25.17,9,2.7527,0.4586,1531.02
R_3Krt2nhd2oxJXSf,38,757.87,19.94,38.0,3.0,177.0,8.43,25,4.3591,1.9542,514.01
R_3KuqO8GUtlOddwF,27,541.76,20.07,34.0,34.0,146.0,18.25,26,4.6808,0.0732,1238.4099999999999
R_3KusWaiYxWt3Lwg,3,51.27,17.09,3.0,169.0,11.0,5.5,3,1.585,0.0,0.0
R_3KuwzsKChFNwven,12,54.72,4.56,12.0,144.0,36.0,36.0,7,2.2925,0.0,0.0
R_3Kv8PUwM5KE3ZA2,16,538.97,33.69,32.0,19.0,161.0,10.73,11,3.3278,1.0039,101.91
R_3KvIcJtgV3HbmOE,8,36.15,4.52,9.0,47.0,133.0,33.25,7,2.75,0.2496,79.24
R_3KvgBFUDLrixRfk,4,170.34,42.59,4.0,4.0,176.0,58.67,4,2.0,0.0813,49.79
R_3Kvy0jttvObgMi8,2,57.84,28.92,2.0,129.0,51.0,51.0,2,1.0,0.0,15.22
R_3KxaCMXQTDz1Z7P,25,1084.99,43.4,25.0,6.0,174.0,12.43,19,4.1035,0.6715,1178.67
R_3KxdwpyxRTWWDqb,10,225.72,22.57,10.0,29.0,151.0,37.75,5,1.961,0.44,79.31
R_3L20DbmNPSMtKUd,56,1022.5,18.26,63.0,4.0,176.0,5.18,31,3.9817,0.6604,1135.77
R_3L51Lbe8dT8TJHD,18,148.19,8.23,18.0,11.0,169.0,13.0,14,3.6144,0.2725,131.65
R_3L590ZURhTVpq3v,1,64.99,64.99,1.0,180.0,0.0,180.0,1,-0.0,0.0,81.94
R_3L5PlZC0jvJDclX,10,118.82,11.88,10.0,74.0,106.0,35.33,9,3.1219,0.0625,334.67
R_3L5tSFlgKbeAW9k,2,15.98,7.99,2.0,180.0,0.0,180.0,1,-0.0,0.0,45.95
R_3L7NpSc9nqAFvjF,1,22.9,22.9,1.0,180.0,0.0,180.0,1,-0.0,0.0,145.09
R_3L89g4OAN8obu49,25,617.3,24.69,26.0,1.0,179.0,11.19,13,3.3476,3.2758,521.92
R_3L8dgu12mdk2UVH,48,991.52,20.66,49.0,11.0,169.0,5.63,22,3.9188,1.0195,946.87
R_3LXRVZSdJiqH63S,50,1070.81,21.42,66.0,6.0,174.0,6.21,37,4.9986,0.9603,1049.26
R_3LXVoWGKUJLH4Xa,6,142.9,23.82,6.0,144.0,36.0,7.2,4,1.7925,0.0,0.0
R_3LY0OeNnzzdug55,25,636.65,25.47,25.0,20.0,160.0,14.55,14,3.5093,0.5899,854.3199999999999
R_3LYdNmkHeiaf2h0,61,1448.46,23.75,65.0,5.0,175.0,6.03,35,4.818,0.5433,588.24
R_3LYigP3gsPQZ2Aw,15,356.88,23.79,15.0,10.0,170.0,21.25,12,3.5069,1.8895,169.9
R_3LigPLmiinkglRk,11,378.08,34.37,11.0,73.0,107.0,35.67,9,3.0958,0.0814,2267.96
R_3M0euO2kPnoHrdt,61,1346.97,22.08,73.0,4.0,176.0,14.67,43,5.2379,1.0724,2729.67
R_3M39OCZGobXG2AN,196,4621.6,23.58,217.0,1.0,179.0,1.92,88,5.8096,1.1838,2630.72
R_3M3RSZ7wNRSaxNx,151,3341.08,22.13,154.0,3.0,177.0,2.9,86,5.8777,0.6834,2580.37
R_3M3vVQ0TvPk2NfE,21,536.74,25.56,21.0,4.0,176.0,16.0,14,3.3613,0.7911,545.75
R_3M4EntiuPSB1ZJO,42,1006.36,23.96,48.0,1.0,179.0,19.89,31,4.7373,1.509,664.62
R_3M4YVVr46eJlCd1,4,79.88,19.97,4.0,55.0,125.0,41.67,4,2.0,0.8585,110.82
R_3M5v5C89FyCc5mO,4,33.65,8.41,4.0,169.0,11.0,5.5,4,2.0,0.0,35.32
R_3M6dV8ZdvbVQTsX,18,202.36,11.24,18.0,22.0,158.0,52.67,12,3.4194,0.5489,427.97
R_3MA7OanWP50BYeJ,2,39.55,19.77,2.0,180.0,0.0,180.0,2,1.0,0.0,0.0
R_3MAlXxqFmMmVbCy,15,179.43,11.96,15.0,16.0,164.0,20.5,13,3.6402,0.9915,269.3
R_3MDuxAwvPypEk9z,9,285.4,31.71,9.0,1.0,179.0,44.75,7,2.7255,4.9695,29.99
R_3MECZcMuape9CCg,48,565.05,11.77,48.0,28.0,152.0,13.82,21,3.7678,0.1533,524.5
R_3MF28eq3M9qFahB,5,125.3,25.06,5.0,32.0,148.0,74.0,4,1.9219,11.7337,0.0
R_3MFOfZwEqDUt7T9,1,44.99,44.99,1.0,180.0,0.0,180.0,1,-0.0,0.0,10.0
R_3MGMxuOXMpm6Aje,6,131.43,21.91,6.0,160.0,20.0,20.0,5,2.2516,0.0,96.85
R_3MGNtEcAhhmZgxr,5,78.29,15.66,5.0,56.0,124.0,62.0,4,1.9219,1.0978,55.91
R_3MJrG4eo3Iyv7S6,16,351.45,21.97,18.0,56.0,124.0,31.0,8,2.6085,0.0971,962.34
R_3MMW2ivCFCtjHIe,65,1978.12,30.43,67.0,2.0,178.0,7.42,35,4.6548,1.3965,1797.65
R_3MMx9KvloslYL6E,8,225.0,28.12,8.0,30.0,150.0,25.0,1,-0.0,0.8,423.25
R_3MQoiwi214yiPNN,45,986.74,21.93,45.0,8.0,172.0,13.23,31,4.7581,0.4393,962.41
R_3MRUV38aFVNctgw,38,1085.23,28.56,48.0,72.0,108.0,13.5,25,4.3097,0.0798,38.67
R_3Mb2VWjanQnEhx5,4,63.19,15.8,4.0,66.0,114.0,57.0,4,2.0,0.8059,124.25
R_3Mbp6IYfPRj2FAM,4,77.09,19.27,4.0,94.0,86.0,43.0,4,2.0,0.0,3.93
R_3Mc9nZhk6fg7b8z,42,941.28,22.41,62.0,1.0,179.0,7.16,31,4.7849,1.1223,1609.6
R_3MfFOJ2V3UIqyKS,1,26.6,26.6,1.0,180.0,0.0,180.0,1,-0.0,0.0,151.95999999999998
R_3Mflr1c778ZI5bw,2,67.98,33.99,2.0,94.0,86.0,86.0,2,1.0,0.0,149.64
R_3MgMcC1lF0RiuW6,5,91.23,18.25,5.0,20.0,160.0,160.0,4,1.9219,0.5908,66.97
R_3MgSphhiCDCqZgD,15,596.74,39.78,21.0,84.0,96.0,12.0,11,3.3232,0.4632,544.6
R_3Mh6QfuokUtxiYf,3,31.94,10.65,3.0,180.0,0.0,180.0,2,0.9183,0.0,0.0
R_3MhBAq6V6XHU9ln,69,1102.23,15.97,72.0,9.0,171.0,4.89,46,5.2653,1.6231,1841.43
R_3Mhd5FT6kDDUWzX,8,345.63,43.2,8.0,98.0,82.0,16.4,6,2.5,0.0,290.07
R_3MiitRUPo2lzgV0,5,240.32,48.06,5.0,166.0,14.0,7.0,2,0.7219,0.0,101.73
R_3MlHi1BP6irqitk,20,324.56,16.23,20.0,1.0,179.0,19.89,10,3.0087,0.3438,244.62
R_3MlJxsiMykJn0pX,4,148.99,37.25,4.0,26.0,154.0,77.0,3,1.5,0.1921,0.0
R_3Mli97JX0WeLIos,35,831.59,23.76,36.0,7.0,173.0,11.53,27,4.6074,1.3336,1170.72
R_3MnSLQdJkly3wfg,44,1180.78,26.84,44.0,2.0,178.0,8.09,25,3.8548,1.0416,976.05
R_3Mnb6UZSBrLHZkg,6,420.9,70.15,6.0,41.0,139.0,46.33,4,1.9183,0.0992,0.0
R_3MncA46G8CO8juo,33,517.99,15.7,33.0,5.0,175.0,12.5,19,3.9183,0.3636,1466.69
R_3MoLbjSVY538tYJ,6,79.29,13.21,6.0,60.0,120.0,60.0,4,1.7925,0.2036,223.75
R_3MrDvkVo2mw8DQs,1,49.99,49.99,1.0,180.0,0.0,180.0,1,-0.0,0.0,64.41
R_3MsBFFMO0AQslDO,35,736.79,21.05,35.0,1.0,179.0,10.53,24,4.2605,1.0626,634.52
R_3MsVnVTECl4iNiV,1,79.96,79.96,1.0,180.0,0.0,180.0,1,-0.0,0.0,122.97
R_3MsY6hQO6rNgjhW,14,259.7,18.55,19.0,6.0,174.0,17.4,6,1.7695,2.0453,422.31
R_3MsYhJbREPDB9fd,59,823.15,13.95,59.0,1.0,179.0,10.53,42,5.1407,1.2633,656.3299999999999
R_3MtDVQQzrp3Cm8d,35,691.91,19.77,37.0,8.0,172.0,9.05,18,3.6931,1.7361,504.44
R_3MtYWGuKtrJSCBg,13,655.09,50.39,13.0,8.0,172.0,24.57,10,3.2389,1.6071,124.55
R_3MyEdXOZ8P75S1V,45,791.77,17.59,51.0,5.0,175.0,7.0,28,4.4914,0.3447,1186.04
R_3MygNZcPQ2LYh56,17,522.74,30.75,17.0,58.0,122.0,12.2,17,4.0875,0.0339,248.14999999999998
R_3MzDO7u2oOPlJtF,54,1308.38,24.23,57.0,3.0,177.0,5.71,36,4.9046,1.0987,1109.99
R_3NCfhSJSgGWexUL,44,1148.19,26.1,44.0,5.0,175.0,7.61,30,4.55,1.4609,2361.11
R_3NDlfiCWFd7C5Ej,9,117.52,13.06,10.0,79.0,101.0,25.25,8,2.9477,0.0632,129.25
R_3NDry1LyvCgVPFI,92,1962.14,21.33,96.0,1.0,179.0,4.84,62,5.3178,0.4957,427.25
R_3NE7ETo2UoCbnsE,28,572.48,20.45,28.0,39.0,141.0,10.07,14,2.7144,2.9571,354.21
R_3NECgPvrf1FM870,12,261.64,21.8,12.0,7.0,173.0,28.83,11,3.4183,2.0356,0.0
R_3NEx511sPB1RbrL,12,180.02,15.0,12.0,14.0,166.0,27.67,8,2.7516,2.1346,500.68
R_3NF1wxrM0u9luVb,58,1468.89,25.33,61.0,2.0,178.0,4.81,46,5.3362,0.6653,1110.94
R_3NFfURTsheBe5et,14,219.62,15.69,14.0,1.0,179.0,25.57,10,3.182,1.7208,665.93
R_3NFhCSnuJa54Jn3,41,1029.99,25.12,42.0,8.0,172.0,8.6,28,4.5522,3.5458,700.03
R_3NFoQj51yPZZy6Y,61,732.7,12.01,61.0,30.0,150.0,9.38,32,4.4126,0.3911,1314.74
R_3NHPsnCWAEa4CFk,13,271.08,20.85,13.0,28.0,152.0,38.0,10,3.1808,0.6716,1334.31
R_3NHVyd3vxnAxSbx,10,169.66,16.97,10.0,36.0,144.0,28.8,8,2.9219,0.0492,8.85
R_3NIZbBKQxSWert1,8,287.89,35.99,8.0,6.0,174.0,29.0,6,2.4056,0.0464,135.87
R_3NJWgs2w8GaQvxX,3,52.1,17.37,3.0,24.0,156.0,78.0,3,1.585,0.7966,437.65999999999997
R_3NO5X4vYETLCQOg,11,222.3,20.21,13.0,8.0,172.0,19.11,3,1.3486,0.5736,423.90999999999997
R_3NPnW7ko8nPUh0O,97,1570.39,16.19,110.0,3.0,177.0,4.12,52,5.3046,1.9158,1357.98
R_3NQyjCbeWDx3POa,19,475.85,25.04,19.0,25.0,155.0,11.92,15,3.7871,0.6129,813.01
R_3NRiWTTQ4IpZtZj,1,28.99,28.99,1.0,180.0,0.0,180.0,1,-0.0,0.0,32.97
R_3NWDia9tPm7KZOe,7,144.56,20.65,9.0,68.0,112.0,22.4,7,2.8074,0.1765,82.69
R_3NWdu5gXL68GlVn,4,43.58,10.89,4.0,180.0,0.0,180.0,3,1.5,0.0,0.0
R_3NX1XMFeTwLlCt1,11,375.13,34.1,11.0,16.0,164.0,41.0,8,2.8454,4.0037,275.42
R_3NXvTARqhWKWlg8,7,319.77,45.68,7.0,68.0,112.0,28.0,4,1.8424,0.4262,149.0
R_3NvOQj8doNIWHlc,2,94.3,47.15,2.0,165.0,15.0,15.0,2,1.0,0.0,6.69
R_3NwT1ZQQBtYqBaM,20,698.13,34.91,24.0,4.0,176.0,11.73,15,3.7219,0.9638,673.4200000000001
R_3NwUrzA3eAsS3xO,75,1499.93,20.0,75.0,6.0,174.0,7.25,29,3.5892,2.0871,3735.61
R_3NwjInmUfwSYtmv,10,325.51,32.55,10.0,75.0,105.0,52.5,9,3.1219,0.261,0.0
R_3NxQLbGnG7D6JNk,6,100.6,16.77,6.0,126.0,54.0,10.8,6,2.585,0.0,190.93
R_3Ny7LIDPzlosF9p,13,224.64,17.28,14.0,72.0,108.0,18.0,10,3.1808,0.6652,218.5
R_3O1Xa8BQE2mdyzX,31,638.38,20.59,32.0,1.0,179.0,8.14,15,3.2231,1.2865,206.32
R_3O1ZQiLS4l3O9uu,6,327.85,54.64,6.0,3.0,177.0,59.0,4,1.9183,0.5112,273.28
R_3O1i61TeOWPvr69,14,304.66,21.76,14.0,4.0,176.0,17.6,11,3.2359,1.0278,999.81
R_3O2Hrt1JCQeiPEN,31,376.54,12.15,36.0,4.0,176.0,11.73,21,4.0379,1.326,278.14
R_3O3q0hfoQEIpPpf,3,27.96,9.32,3.0,139.0,41.0,41.0,2,0.9183,0.0,168.75
R_3O6Op6leKJ2UbDv,15,199.89,13.33,15.0,13.0,167.0,33.4,15,3.9069,0.0931,351.51
R_3O7heagIMZY2HnD,13,203.32,15.64,13.0,46.0,134.0,19.14,10,3.1808,0.3858,142.86
R_3O7wBifBfe9F5J6,54,860.45,15.93,54.0,6.0,174.0,6.44,34,4.7637,1.9643,386.6
R_3O8mzYfcgX5JIsm,7,91.71,13.1,7.0,156.0,24.0,24.0,5,2.2359,0.0,0.0
R_3O9aPnM7ixjsbYK,45,641.19,14.25,49.0,1.0,179.0,8.95,35,4.9585,0.9566,1985.17
R_3O9chQITD8LhmdS,46,1095.11,23.81,46.0,7.0,173.0,6.92,18,3.7708,1.477,920.8199999999999
R_3OTpmi8zOmmFI65,6,116.61,19.43,6.0,29.0,151.0,75.5,4,1.7925,1.3505,103.19
R_3OcPFnYHBC8wrZe,12,256.64,21.39,12.0,53.0,127.0,15.88,9,3.0221,0.1479,274.14
R_3OcdDAmMMZQ0LEr,7,268.37,38.34,7.0,9.0,171.0,34.2,4,1.8424,0.0636,456.31
R_3OdXDDGsG2bvbXb,20,368.81,18.44,20.0,12.0,168.0,21.0,17,4.0219,0.5239,471.18
R_3OfwQrDNFhWjGWG,101,2486.23,24.62,115.0,2.0,178.0,8.48,71,5.8436,0.7887,3371.02
R_3OfzFpZ2ea8383J,14,189.91,13.57,14.0,15.0,165.0,27.5,9,2.8963,0.6055,1287.62
R_3OiAK9V155cWEsy,95,2156.94,22.7,104.0,15.0,165.0,4.71,59,5.437,0.2461,2286.71
R_3OiFi32OvQqXq3h,6,137.88,22.98,6.0,125.0,55.0,11.0,5,2.2516,0.0,0.0
R_3OjDexwqOJReNX2,41,247.3,6.03,46.0,37.0,143.0,28.6,26,4.2362,0.3763,129.37
R_3Ok7Sn9UrFsxiKB,3,46.2,15.4,3.0,30.0,150.0,75.0,3,1.585,1.0764,30.44
R_3OkQef19KXJJE3U,5,26.87,5.37,5.0,8.0,172.0,43.0,4,1.9219,0.983,21.97
R_3OlHVBLSCLnnRNB,1,18.99,18.99,1.0,180.0,0.0,180.0,1,-0.0,0.0,36.39
R_3OluT425fgz9KxA,2,65.63,32.81,2.0,125.0,55.0,55.0,2,1.0,0.0,43.89
R_3OpMNVHA76ZfPbH,10,134.85,13.48,10.0,27.0,153.0,25.5,8,2.9219,0.3516,58.95
R_3OqMW6YSX0vIdbq,5,89.15,17.83,5.0,58.0,122.0,61.0,5,2.3219,0.2086,3.5
R_3Or9OOyX38WzqCd,77,1350.57,17.54,77.0,10.0,170.0,5.31,45,5.0271,0.6084,344.86
R_3OrHZ2GIMr1BroB,15,189.32,12.62,16.0,40.0,140.0,17.5,10,3.1069,0.3456,389.5
R_3P4QthjwwxEaV1m,25,529.0,21.16,28.0,11.0,169.0,11.27,15,3.6391,1.5731,1354.28
R_3P4Zrwcqx51YVqa,9,104.66,11.63,9.0,76.0,104.0,52.0,5,1.88,0.6979,104.85
R_3P4w0wUKMuoJhEl,42,948.16,22.58,46.0,12.0,168.0,12.92,29,4.5945,1.1528,488.73
R_3P64vrsfQNNW02E,4,205.92,51.48,4.0,67.0,113.0,56.5,4,2.0,2.6791,305.23
R_3P7bSerJKnIPUIp,25,461.12,18.44,25.0,49.0,131.0,21.83,21,4.3239,0.153,426.53000000000003
R_3P7fBiZBOX87ruQ,12,256.18,21.35,12.0,80.0,100.0,20.0,9,3.0221,0.1767,327.32
R_3PAyJj7mQvMzMco,108,2241.0,20.75,119.0,2.0,178.0,3.49,62,5.3742,1.3948,1802.44
R_3PBHIKT3ZQWembf,7,123.25,17.61,7.0,56.0,124.0,20.67,6,2.5216,1.3932,12.98
R_3PEU95PbgCXrIQl,9,349.32,38.81,10.0,10.0,170.0,42.5,8,2.9477,1.5227,797.72
R_3PF5obiVCGW1AU1,78,1395.43,17.89,86.0,7.0,173.0,5.41,45,4.9985,2.3841,1414.84
R_3PF8C28rLFFVyyb,3,44.08,14.69,3.0,167.0,13.0,13.0,2,0.9183,0.0,9.86
R_3PKSsK5msA6hRyC,46,1118.88,24.32,48.0,1.0,179.0,5.77,29,4.4473,1.3342,1641.2
R_3PLEje61kydYTV7,2,206.99,103.5,2.0,86.0,94.0,94.0,2,1.0,4.3417,268.5
R_3PMme3aDBxAtPij,7,145.35,20.76,7.0,4.0,176.0,35.2,5,2.1281,1.0417,128.86
R_3PNNUrowNtmDaYu,10,256.75,25.68,10.0,23.0,157.0,26.17,8,2.8464,3.9816,399.08
R_3PRLxszObeZONhd,26,1245.59,47.91,33.0,17.0,163.0,9.06,23,4.4697,0.6961,526.92
R_3PTW4l8uG9RR8ea,24,519.61,21.65,24.0,24.0,156.0,8.67,15,3.6531,0.8584,414.14000000000004
R_3PTYPbg6N9x8PBX,15,255.87,17.06,19.0,36.0,144.0,28.8,7,2.5493,0.0526,996.56
R_3PUi8o2if0JqKfl,49,1321.1,26.96,51.0,1.0,179.0,5.77,30,4.4724,0.9798,1006.96
R_3PXLeBBgsH03ko7,15,276.96,18.46,15.0,63.0,117.0,13.0,12,3.5069,1.1329,433.97
R_3PZvezr4ITRkiKV,32,183.96,5.75,32.0,93.0,87.0,8.7,23,4.2775,0.0,10.0
R_3PaGuwKhYPfHa15,28,847.99,30.29,28.0,2.0,178.0,11.87,21,4.209,1.6237,1710.92
R_3Pb3ZhTNEh2L1XI,26,492.06,18.93,32.0,25.0,155.0,11.07,21,4.3158,0.4883,1221.36
R_3PbL63xQilAzpWi,28,603.9,21.57,33.0,25.0,155.0,11.07,16,3.4313,0.1999,999.23
R_3PbeXxPL2sI5M5W,13,219.07,16.85,13.0,55.0,125.0,31.25,13,3.7004,0.4215,267.57
R_3Pc1ZZfNy58AvgE,18,369.69,20.54,18.0,50.0,130.0,10.83,12,3.3502,0.8469,222.28
R_3Pc8OyfEgCHZvBs,4,84.47,21.12,5.0,101.0,79.0,39.5,3,1.5,0.0,391.4
R_3PcameSHVD10BZP,38,1205.04,31.71,55.0,7.0,173.0,7.52,29,4.7345,1.2456,788.59
R_3PgBY8bRPaorErD,1,13.26,13.26,3.0,180.0,0.0,180.0,1,-0.0,0.0,58.41
R_3PgEykaYjWwXhvV,16,380.18,23.76,16.0,6.0,174.0,15.82,10,3.0778,3.0015,302.68
R_3PhnspUx4Gzavga,3,101.73,33.91,3.0,99.0,81.0,40.5,3,1.585,0.0,116.83000000000001
R_3PjHFe8fwwlXvCE,31,783.32,25.27,31.0,54.0,126.0,7.88,19,3.8087,0.5255,748.4
R_3PjlivvZHpECDkS,36,756.74,21.02,36.0,2.0,178.0,11.12,23,4.1416,1.0601,758.1
R_3PjyJN1fC2KkEQw,6,309.86,51.64,6.0,54.0,126.0,63.0,6,2.585,1.2153,115.6
R_3Po5UxE5XevV41A,3,86.03,28.68,3.0,127.0,53.0,26.5,3,1.585,0.0,174.99
R_3Pp1HTLxoglta9u,8,216.07,27.01,8.0,10.0,170.0,34.0,5,2.0,3.8069,141.09
R_3Pp1NX5epN3lIb4,5,60.28,12.06,5.0,34.0,146.0,73.0,5,2.3219,0.3567,204.32
R_3Ppgn2Z68y4nPzB,10,239.79,23.98,10.0,178.0,2.0,2.0,9,3.1219,0.0,0.0
R_3PsE7SUIVOaHrCO,2,3.45,1.72,2.0,180.0,0.0,180.0,2,1.0,0.0,17.99
R_3PsF7MAkW3WdDqF,55,1101.03,20.02,64.0,4.0,176.0,6.29,30,4.2309,1.1171,692.24
R_3PsOKkJiS6c6skE,1,14.0,14.0,1.0,180.0,0.0,180.0,1,-0.0,0.0,20.0
R_3PsPF3COgBzQEMs,4,49.4,12.35,4.0,20.0,160.0,53.33,4,2.0,3.086,76.39
R_3PtxzLolCt3lmBm,7,95.64,13.66,8.0,26.0,154.0,30.8,5,2.2359,0.1901,0.0
R_3PuErkwk0nhqeG4,59,2228.39,37.77,71.0,1.0,179.0,4.84,46,5.3123,1.5661,550.87
R_3PvFbT0TE2uKxjr,17,423.31,24.9,19.0,77.0,103.0,14.71,9,2.9398,1.3457,325.40000000000003
R_3PvPJTZyhNViSp4,5,251.83,50.37,6.0,11.0,169.0,42.25,3,1.371,0.7252,468.51
R_3Pwa112XZRRejbA,34,1045.12,30.74,34.0,17.0,163.0,13.58,21,3.8954,2.1238,816.18
R_3PyGshEOTEw5XUj,504,6323.2,12.55,539.0,1.0,179.0,1.5,154,5.8272,0.9597,3282.08
R_3PyJEoMJ2wYxMeW,11,455.27,41.39,12.0,84.0,96.0,24.0,9,3.0958,0.1578,271.87
R_3PzBYWWdOt4AHEK,23,379.96,16.52,24.0,23.0,157.0,39.25,19,4.0888,0.0411,420.09
R_3PzCiEsEf0JkhEd,2,133.06,66.53,4.0,178.0,2.0,2.0,2,1.0,0.0,95.99
R_3QE72T2NXn4ninT,62,1455.6,23.48,65.0,4.0,176.0,9.78,47,5.4137,1.121,2414.63
R_3QEHFc2h2w3ZoVk,4,179.7,44.93,4.0,66.0,114.0,57.0,4,2.0,0.0737,135.29999999999998
R_3QEQI1Ws1WOZwTk,12,404.6,33.72,12.0,21.0,159.0,26.5,6,2.1258,12.1449,64.31
R_3QFXoOi1ashhfUS,2,102.86,51.43,2.0,16.0,164.0,164.0,2,1.0,4.7176,39.76
R_3QGLgxsFPE90Rle,89,1970.78,22.14,90.0,6.0,174.0,3.87,40,4.5765,1.5905,1411.8799999999999
R_3QGjg7fp1Kb6J6A,14,210.62,15.04,14.0,6.0,174.0,29.0,11,3.3788,0.5395,519.77
R_3QJoJ7B0hhY5b35,3,49.32,16.44,3.0,55.0,125.0,62.5,3,1.585,0.4626,275.29
R_3QJyUqWqLp8B7Jw,46,1048.12,22.79,47.0,4.0,176.0,9.78,22,3.6004,1.5259,1731.36
R_3QKpKKG8iYUlGRz,16,346.52,21.66,16.0,27.0,153.0,13.91,14,3.75,0.2453,342.92
R_3QKrCMtmbxM5bhm,6,57.0,9.5,6.0,10.0,170.0,170.0,3,1.2516,1.3399,41.81
R_3QLCg8ss7L5Yazo,1,10.0,10.0,1.0,180.0,0.0,180.0,1,-0.0,0.0,27.07
R_3QMJ85k3FUwH8Xv,4,104.92,26.23,4.0,9.0,171.0,85.5,4,2.0,0.8426,177.6
R_3QMeET2qpZdRe85,16,775.59,48.47,18.0,14.0,166.0,18.44,13,3.5778,0.635,866.05
R_3QPk8nnI1s8wilh,30,375.89,12.53,33.0,3.0,177.0,11.8,22,4.2817,0.6316,690.14
R_3QQNjQSqHgdtjNM,18,482.65,26.81,18.0,24.0,156.0,17.33,16,3.9477,0.5882,358.47
R_3QQSKbtqf6jNcek,5,45.93,9.19,5.0,18.0,162.0,81.0,5,2.3219,1.0887,409.28
R_3QVFRYnb5ltd95Y,11,162.1,14.74,13.0,21.0,159.0,22.71,9,3.0272,1.5796,554.4
R_3QWPI81N7eJPgeK,7,311.34,44.48,29.0,4.0,176.0,44.0,6,2.5216,0.1064,851.35
R_3QXUWuTn4OdbNmh,22,517.71,23.53,22.0,9.0,171.0,19.0,19,4.1867,0.5217,444.49
R_3QXj38STJr5Fpbk,14,339.04,24.22,15.0,135.0,45.0,15.0,6,1.9502,0.0,0.0
R_3QXmjU2EPi9j07C,6,59.94,9.99,6.0,157.0,23.0,7.67,6,2.585,0.0,68.74000000000001
R_3QtdtxnX6fJnkNr,42,1888.39,44.96,44.0,16.0,164.0,8.2,30,4.5648,1.6097,1239.17
R_3R1KauXYVqtTkec,79,2040.55,25.83,81.0,18.0,162.0,6.0,51,5.2545,5.9122,68.41
R_3R1jXGy2EtHwAf6,30,680.23,22.67,31.0,10.0,170.0,12.14,21,4.1614,0.3854,1451.83
R_3R3FfvTaRKxigNl,138,2717.23,19.69,148.0,1.0,179.0,4.71,61,5.0441,0.4376,2631.8
R_3R3JKxSlee1wkdv,8,462.15,57.77,41.0,13.0,167.0,33.4,3,1.2988,0.279,361.73999999999995
R_3R3MnQy3Wxjbybo,43,1163.53,27.06,44.0,7.0,173.0,7.52,18,3.6213,0.749,1266.59
R_3R3ZlZK3GjnVfg5,1,19.99,19.99,1.0,180.0,0.0,180.0,1,-0.0,0.0,154.43
R_3R4b0PxgHJiXxVD,159,4105.24,25.82,182.0,1.0,179.0,2.16,65,5.0847,0.7924,6579.85
R_3R8F2ljXMFXkGjC,9,528.26,58.7,10.0,44.0,136.0,68.0,7,2.7255,0.4081,35.92
R_3R8GE1BnAjfrd5K,22,420.94,19.13,30.0,7.0,173.0,15.73,14,3.5338,0.8883,711.65
R_3R9NyaO1pYbpRwJ,20,313.07,15.65,22.0,9.0,171.0,15.55,18,4.1219,0.9271,396.10999999999996
R_3RdwBHMlPoUSOeR,26,602.21,23.16,27.0,3.0,177.0,8.85,17,3.8403,0.6888,437.15
R_3RfIWA2wGYWt72c,8,205.7,25.71,8.0,108.0,72.0,12.0,7,2.75,0.0,82.86
R_3RfLXprdb86h0Lg,5,96.29,19.26,5.0,111.0,69.0,23.0,5,2.3219,0.0,291.54
R_3Rfsp3px7S3UnTK,11,81.84,7.44,11.0,102.0,78.0,19.5,11,3.4594,0.0,25.53
R_3RkeUbcpLz33hJO,3,152.39,50.8,3.0,136.0,44.0,44.0,3,1.585,0.0,68.89
R_3RkfNRfoCRk7p4x,82,1699.98,20.73,86.0,7.0,173.0,3.53,50,5.0939,1.0115,1489.37
R_3RlIs1mAg1ZxULf,34,1555.52,45.75,34.0,5.0,175.0,19.44,31,4.911,0.2161,1065.31
R_3RlPEZTmXzHZR6d,25,471.05,18.84,25.0,3.0,177.0,13.62,20,4.1639,0.833,74.54
R_3Rlrr05USyXOeP7,234,4116.79,17.59,234.0,1.0,179.0,1.79,65,4.9697,1.0505,3806.3
R_3Rlxjm9Khc5FZtv,10,512.44,51.24,12.0,16.0,164.0,18.22,6,2.3219,0.4694,43.45
R_3RmDOazalOu0F1L,37,537.32,14.52,37.0,9.0,171.0,8.14,20,3.8438,0.7691,1843.67
R_3RpTNwsri1SSxeL,55,1106.5,20.12,56.0,6.0,174.0,6.44,39,4.9814,0.3912,748.73
R_3Rr4DxDCdJFlHWR,45,1151.16,25.58,47.0,1.0,179.0,22.38,25,4.2779,0.842,2275.2
R_3RsYfuvXglIsxDi,9,152.33,16.93,9.0,123.0,57.0,14.25,7,2.7255,0.0,0.0
R_3RvWAoKmyrRWhnA,11,244.14,22.19,12.0,135.0,45.0,22.5,10,3.2776,0.0,0.0
R_3RvXHy11K1LG6pG,17,157.78,9.28,17.0,47.0,133.0,10.23,9,2.6962,1.1631,24.97
R_3Rw3zbPPknpjGh7,57,896.08,15.72,71.0,15.0,165.0,6.88,37,4.9071,1.1858,1028.33
R_3Rxv98PtW7DR9FN,33,1272.06,38.55,35.0,6.0,174.0,7.25,27,4.6202,0.9804,1399.4
R_3UecSmqWX5VbJD3,2,49.99,24.99,2.0,100.0,80.0,80.0,1,-0.0,0.0,85.0
R_3VRB9w5rAtqNoWt,17,277.53,16.33,19.0,26.0,154.0,19.25,16,3.9698,5.6618,529.73
R_3ViaGvZl7J3ObBv,23,479.52,20.85,23.0,1.0,179.0,19.89,13,3.3986,1.8462,379.39
R_3Wdmh5GsARlD585,3,40.93,13.64,3.0,158.0,22.0,11.0,3,1.585,0.0,178.1
R_3Wf6lQWPIfpWR9v,11,297.83,27.08,11.0,21.0,159.0,22.71,10,3.2776,1.339,644.41
R_3ZPuR4Ng8Jhj7r3,7,190.21,27.17,7.0,41.0,139.0,27.8,4,1.8424,0.0918,175.34
R_3ZRQD7abPpc2A8N,63,631.01,10.02,63.0,5.0,175.0,4.86,39,5.0285,0.7654,1738.36
R_3dADURjIwZRVKVj,2,23.17,11.59,2.0,180.0,0.0,180.0,2,1.0,0.0,212.03
R_3dE0RfwcH9QtTAr,12,315.65,26.3,12.0,1.0,179.0,44.75,10,3.2516,1.3133,837.38
R_3dLIoluOWx9n4OG,14,394.64,28.19,14.0,23.0,157.0,17.44,8,2.4037,0.026,645.29
R_3dMKMqrWj3lm22L,12,264.43,22.04,12.0,49.0,131.0,16.38,11,3.4183,0.5067,285.51
R_3dMxsHfafDTHD6U,26,356.9,13.73,26.0,5.0,175.0,10.94,17,3.7672,0.7134,275.97
R_3dN6S4adN4KjQO1,18,207.31,11.52,19.0,2.0,178.0,17.8,13,3.3083,0.2704,303.59
R_3dQ8sLfmOrcPVaM,9,227.53,25.28,9.0,180.0,0.0,180.0,6,2.4194,0.0,39.96
R_3dRHP3N2CoZgNAg,3,33.97,11.32,3.0,180.0,0.0,180.0,3,1.585,0.0,152.17000000000002
R_3dS1nRgjgsfkhHc,28,490.7,17.53,28.0,2.0,178.0,12.71,18,3.7928,0.6031,464.9
R_3dSAHDjg4jGTvcu,62,1654.49,26.69,63.0,1.0,179.0,4.37,44,5.238,4.2839,2835.9300000000003
R_3dSmRMst5i95tAD,9,158.8,17.64,9.0,35.0,145.0,36.25,7,2.6416,0.6191,320.6
R_3dVMhrjV0qUkHSh,23,407.25,17.71,25.0,20.0,160.0,17.78,18,4.056,7.8188,889.9
R_3dW9s3p839y097G,76,1755.98,23.1,85.0,16.0,164.0,7.81,42,5.0694,0.922,466.62
R_3dXndudJQLQ2S3A,27,311.1,11.52,27.0,4.0,176.0,12.57,18,3.8842,3.0199,438.3
R_3e3vKUJ4QzoFSAu,10,241.26,24.13,11.0,27.0,153.0,25.5,3,1.1568,0.7161,286.09000000000003
R_3e4UufJ6u6HeOfZ,33,578.46,17.53,33.0,3.0,177.0,11.06,21,4.1273,1.1713,321.86
R_3e5g4lvddcnjkoZ,279,3991.85,14.31,290.0,1.0,179.0,2.13,157,6.7046,1.1461,4092.06
R_3e7W1H6xOM5vaaC,9,614.62,68.29,9.0,36.0,144.0,36.0,8,2.9477,0.0979,9.5
R_3e82J7pYxj5XP7j,73,1550.71,21.24,85.0,15.0,165.0,9.17,42,4.9564,0.3645,4271.46
R_3e8KYXycNUjqIsE,1,6.26,6.26,1.0,180.0,0.0,180.0,1,-0.0,0.0,29.99
R_3e8qukcDiaT0D0g,22,1576.82,71.67,28.0,12.0,168.0,12.0,13,3.4594,0.3207,3065.44
R_3e8s8dAdcnrk8gN,3,24.87,8.29,3.0,72.0,108.0,108.0,2,0.9183,2.6096,305.02
R_3e9NFDI84UCZTxa,5,74.51,14.9,5.0,10.0,170.0,42.5,4,1.9219,2.1072,474.03
R_3e9ssv3i0aocZ2B,20,624.87,31.24,36.0,16.0,164.0,10.25,11,3.1087,0.6313,3721.7
R_3eXwU5h5L53HBTz,11,196.86,17.9,11.0,71.0,109.0,27.25,8,2.7322,0.4705,202.14
R_3eacn6MNmuK19rT,4,91.52,22.88,5.0,164.0,16.0,16.0,4,2.0,0.0,263.86
R_3eayaur0mNdbwjN,1,4.99,4.99,1.0,180.0,0.0,180.0,1,-0.0,0.0,0.0
R_3ebnP0qUIQ7u38i,68,2176.88,32.01,68.0,4.0,176.0,8.0,37,4.7967,1.2581,2302.37
R_3eborWmxQ0yQ2wR,11,99.39,9.04,12.0,15.0,165.0,23.57,6,2.0495,0.1655,184.19
R_3eehQVQNcKmEJtd,46,948.85,20.63,58.0,6.0,174.0,11.6,30,4.6589,2.6661,755.6
R_3eg0me5m4O8d4An,6,150.91,25.15,6.0,25.0,155.0,38.75,6,2.585,0.8446,46.98
R_3eh02tn8YjYcUoE,47,1239.53,26.37,49.0,11.0,169.0,13.0,32,4.8234,0.4018,2791.62
R_3ehrwNfhcQWj8vd,52,1461.6,28.11,52.0,3.0,177.0,22.12,8,1.0425,6.9245,388.55
R_3ek2QZ6sOxVMUof,33,681.04,20.64,39.0,5.0,175.0,11.67,16,3.3771,1.3964,202.76
R_3ek9YZGdsDHjUZf,165,3578.85,21.69,205.0,1.0,179.0,3.2,81,5.7048,0.8482,3464.54
R_3elUFVVZ7XBmRkE,14,388.23,27.73,14.0,72.0,108.0,36.0,12,3.5216,0.6625,1301.35
R_3elubI4aFeN2yCZ,11,125.37,11.4,11.0,114.0,66.0,13.2,9,3.0958,0.0,0.0
R_3emMy2Kk6GA8xPd,41,713.61,17.41,44.0,23.0,157.0,7.48,29,4.6378,0.1503,1560.71
R_3emgkqNhDINyGIr,12,111.42,9.28,12.0,1.0,179.0,35.8,9,2.9183,0.7948,123.72999999999999
R_3emmbwwsXsxt4Oj,67,2216.22,33.08,70.0,7.0,173.0,3.84,50,5.3016,0.3533,2037.78
R_3ennfkrsSdTlmrJ,32,925.36,28.92,33.0,3.0,177.0,9.83,26,4.625,1.8061,477.43
R_3enuyEOsaEVxTNX,98,1553.86,15.86,99.0,2.0,178.0,3.3,62,5.5243,1.1325,3081.99
R_3epZGNOjd1lIJKO,5,67.31,13.46,6.0,150.0,30.0,10.0,4,1.9219,0.0,0.0
R_3epZe6rBJKBSCnU,12,345.23,28.77,12.0,79.0,101.0,11.22,10,3.1887,0.1693,139.35999999999999
R_3eqS2JnufvMcjz6,21,923.18,43.96,21.0,16.0,164.0,9.65,18,4.1066,0.228,596.03
R_3eqVHUBiQdiljFW,63,2080.43,33.02,65.0,11.0,169.0,8.05,39,4.9374,0.3419,1412.6399999999999
R_3es31tjjFuDqchZ,4,65.87,16.47,4.0,180.0,0.0,180.0,4,2.0,0.0,0.0
R_3eskd9chj8gntQY,12,106.89,8.91,12.0,5.0,175.0,43.75,9,3.0221,0.3546,206.87
R_3ew6vwG8hpJavUw,38,1025.28,26.98,38.0,6.0,174.0,24.86,33,4.9321,1.4966,2448.92
R_3exHO4xJjgNP9gR,3,60.96,20.32,3.0,69.0,111.0,55.5,3,1.585,0.6943,21.7
R_3exc2XR26AhKKGz,8,190.5,23.81,11.0,121.0,59.0,19.67,5,2.1556,0.0,127.66999999999999
R_3exlTi02vMuoy59,18,568.13,31.56,30.0,11.0,169.0,15.36,13,3.5305,1.2019,415.52
R_3eyGrzjenFYJ7oC,2,21.87,10.94,2.0,18.0,162.0,162.0,2,1.0,0.4698,392.72
R_3ez7TNnB78XtMa7,12,139.22,11.6,12.0,11.0,169.0,24.14,12,3.585,12.9499,122.96000000000001
R_3ez7X26xdVCMrnF,29,625.49,21.57,34.0,19.0,161.0,8.94,18,3.8968,1.5946,250.25
R_3ez95OwZzk9mqZY,224,3354.98,14.98,256.0,2.0,178.0,3.49,86,5.7966,0.7398,3347.73
R_3ezA9QwlGKzfZk4,17,216.97,12.76,17.0,24.0,156.0,52.0,4,1.1401,1.1071,149.06
R_3ezBqJzPjKM0Dfa,15,327.12,21.81,16.0,48.0,132.0,22.0,12,3.5069,0.5201,985.48
R_3fAXOMLfzap9tua,4,42.88,10.72,4.0,149.0,31.0,31.0,4,2.0,0.0,0.01
R_3fB1NIeE1OGUd72,64,1488.71,23.26,64.0,10.0,170.0,7.39,43,5.0166,4.5929,2331.31
R_3fB58oStn8JMg7g,4,138.88,34.72,4.0,8.0,172.0,57.33,4,2.0,3.0968,435.67
R_3fBigsekvKSOhai,5,178.86,35.77,5.0,150.0,30.0,15.0,4,1.9219,0.0,12.98
R_3fBmKcLTAgFITMo,52,1492.54,28.7,60.0,1.0,179.0,8.95,30,4.6334,0.1887,1631.71
R_3fCoNgRZea09xip,1,10.99,10.99,1.0,180.0,0.0,180.0,1,-0.0,0.0,0.0
R_3fDn1aIMS159i7Y,6,387.67,64.61,6.0,39.0,141.0,28.2,5,2.2516,0.0601,471.44
R_3fJXgeZMDEMzirc,13,163.93,12.61,13.0,11.0,169.0,24.14,9,2.8074,0.5575,420.3
R_3fPjUwHaFPR4c97,3,101.98,33.99,3.0,79.0,101.0,50.5,3,1.585,0.02,72.16
R_3fQ1LpHJrg9HlHL,5,74.37,14.87,5.0,67.0,113.0,113.0,4,1.9219,1.6187,30.339999999999996
R_3fSID1UOrXxgUWt,13,274.84,21.14,13.0,23.0,157.0,19.62,7,2.1888,0.1903,265.33
R_3fSLnguIx13H2w4,6,106.46,17.74,6.0,61.0,119.0,23.8,5,2.2516,0.5105,245.17000000000002
R_3fV7ZzkNK2r0Q9f,38,953.28,25.09,39.0,21.0,159.0,9.35,29,4.5729,2.2982,455.96000000000004
R_3fVvu75IqhUjuUO,3,242.93,80.98,3.0,6.0,174.0,87.0,3,1.585,3.8635,74.88
R_3fZw8PrvipmbCr0,3,43.43,14.48,3.0,180.0,0.0,180.0,3,1.585,0.0,113.50999999999999
R_3fcOMdQm2jGBLKm,50,1107.0,22.14,54.0,1.0,179.0,14.92,31,4.4484,1.4022,1511.22
R_3fd7rERokfgxI5Z,10,494.33,49.43,10.0,3.0,177.0,59.0,9,3.1219,0.1552,691.16
R_3fdWUgAWjxIhg6r,49,714.36,14.58,49.0,5.0,175.0,10.94,32,4.7273,1.0202,796.76
R_3fdy23s5lo1qhkM,16,381.61,23.85,16.0,15.0,165.0,15.0,12,3.4528,0.6464,363.73
R_3feEREQuqFE7ClI,12,174.5,14.54,12.0,26.0,154.0,19.25,11,3.4183,2.6621,315.65
R_3ff9iXWRr8CwTNI,60,859.62,14.33,65.0,5.0,175.0,6.25,41,5.2106,1.2421,2247.71
R_3ffPASSeGwx1hdI,9,182.7,20.3,9.0,7.0,173.0,57.67,6,2.281,0.7267,3.59
R_3ffp8zARsGqkOER,43,731.54,17.01,45.0,15.0,165.0,11.79,30,4.4609,0.1822,823.47
R_3ffvBweXrgA7nbH,16,362.83,22.68,16.0,28.0,152.0,30.4,10,3.0244,1.092,299.83
R_3fizn1i6awYRddw,5,70.87,14.17,5.0,67.0,113.0,56.5,4,1.9219,0.1835,67.75999999999999
R_3fkN1OLj1L6RnNU,81,2078.92,25.67,90.0,1.0,179.0,3.31,56,5.6254,1.3072,2954.28
R_3flZSxKV8ViX1H4,37,570.78,15.43,39.0,25.0,155.0,11.92,31,4.8443,1.3396,989.46
R_3fpfYvwlwFhJscl,47,1184.17,25.2,48.0,3.0,177.0,5.36,29,4.6128,1.1624,347.08
R_3fvEWcFZVxRnkOQ,4,112.31,28.08,4.0,91.0,89.0,44.5,3,1.5,0.0,111.94
R_3fvJ1CXv3szhsUO,15,395.3,26.35,15.0,31.0,149.0,21.29,15,3.9069,5.4193,192.4
R_3fxHTqxDme8jKUT,4,82.55,20.64,4.0,5.0,175.0,58.33,3,1.5,0.2402,25.49
R_3fxhcf9cnZWI5qg,29,696.97,24.03,29.0,1.0,179.0,16.27,26,4.6251,10.9181,672.04
R_3g0oj17hwhdwZNF,10,342.47,34.25,10.0,10.0,170.0,21.25,6,2.161,6.8476,337.28999999999996
R_3g1vpqtwzgBUs93,40,938.28,23.46,42.0,1.0,179.0,13.77,25,4.3653,0.6254,561.97
R_3g2bmHhnUgevJxp,3,36.12,12.04,3.0,23.0,157.0,157.0,3,1.585,1.7806,350.58000000000004
R_3g4JbArAZR7dsKo,9,493.06,54.78,9.0,26.0,154.0,25.67,8,2.9477,0.542,688.2
R_3g6FdS9TC745S4Y,30,1345.7,44.86,34.0,34.0,146.0,9.73,20,4.1484,0.2363,1596.8700000000001
R_3g8lvUze8YAbyXH,37,862.4,23.31,43.0,16.0,164.0,16.4,19,3.4783,0.6962,2623.07
R_3gLd8MIY73JqwAv,37,793.55,21.45,40.0,16.0,164.0,6.07,25,4.2928,1.2931,1512.26
R_3gMW75Ptp1g7ChC,18,1290.03,71.67,18.0,20.0,160.0,26.67,12,3.3921,35.8685,227.94
R_3gOuHWcfs0RuReQ,2,214.3,107.15,2.0,180.0,0.0,180.0,2,1.0,0.0,0.0
R_3gRFXl9yMJKKRf6,32,667.53,20.86,32.0,9.0,171.0,8.55,23,4.2775,0.6533,816.7
R_3gRcpaI5IB9yFr4,37,902.54,24.39,37.0,7.0,173.0,10.81,24,4.1681,2.2614,1153.39
R_3gS3BKOIcDGgU6n,3,99.38,33.13,3.0,144.0,36.0,36.0,3,1.585,0.0,0.0
R_3gTrwWhEzAv6gzH,67,1394.46,20.81,67.0,2.0,178.0,4.68,43,5.1067,1.1493,2135.17
R_3gUDV8tLJhmGAp6,79,1595.45,20.2,86.0,3.0,177.0,5.71,47,5.0544,0.9195,2155.27
R_3gYHFD30WKpKPEh,42,648.73,15.45,49.0,51.0,129.0,9.92,33,4.8982,0.0888,544.03
R_3gYgA0qpdE5xHQg,10,499.42,49.94,11.0,40.0,140.0,20.0,9,3.1219,0.0859,434.32
R_3gYqX0FOP85dgkR,12,121.27,10.11,12.0,128.0,52.0,52.0,10,3.1887,0.0,0.0
R_3gZVZu8BJbDN3AU,5,66.95,13.39,5.0,61.0,119.0,119.0,5,2.3219,1.1794,0.0
R_3h3K9E1W2YcQhhk,7,156.7,22.39,7.0,74.0,106.0,35.33,4,1.9502,0.454,298.24
R_3h3VYxug5MmQXfO,14,413.13,29.51,15.0,40.0,140.0,28.0,13,3.6645,1.8066,486.8
R_3h3VvfXViksWH2f,101,969.76,9.6,121.0,32.0,148.0,14.8,51,5.0316,0.784,211.77
R_3h4JnsfebywTUxX,56,2431.26,43.42,73.0,2.0,178.0,6.59,31,4.6281,0.6721,1712.46
R_3h6dHCZDsYbhbBD,8,100.25,12.53,8.0,125.0,55.0,55.0,3,1.0613,0.0,0.0
R_3h9Bd191G9AvusC,7,102.13,14.59,7.0,55.0,125.0,25.0,6,2.5216,0.1996,28.96
R_3h9L8YKiEqpP51c,68,1321.99,19.44,72.0,6.0,174.0,6.44,40,4.9369,0.4116,532.77
R_3hARpdMQV0f2vVj,5,246.98,49.4,5.0,29.0,151.0,50.33,5,2.3219,1.5995,266.21
R_3hAWVPrKOvOzR1e,35,707.62,20.22,36.0,3.0,177.0,9.32,18,3.6856,0.4624,328.06
R_3hEAv7XQki4inY0,17,271.73,15.98,18.0,33.0,147.0,14.7,9,2.5581,0.0894,256.53
R_3hEeWqNZ7i0UcHj,6,70.99,11.83,6.0,94.0,86.0,43.0,6,2.585,0.0,383.32000000000005
R_3hbeh04qaJBUGBB,25,488.26,19.53,26.0,31.0,149.0,10.64,20,4.1835,0.728,900.52
R_3hgacN0JQWw8Xjx,11,144.61,13.15,11.0,38.0,142.0,28.4,9,3.0958,0.1093,114.19
R_3hgutPlXDzG8Ydb,22,652.56,29.66,22.0,1.0,179.0,16.27,18,4.0049,0.1588,526.04
R_3hhzlzmPKPEX8AA,49,1220.17,24.9,53.0,11.0,169.0,7.68,31,4.6551,0.988,630.8100000000001
R_3hi5mDsFQCYQhYs,5,77.73,15.55,5.0,138.0,42.0,42.0,4,1.9219,0.0,0.0
R_3hiL1Whui2YJLYW,6,36.21,6.04,6.0,9.0,171.0,171.0,4,1.9183,0.3815,153.66
R_3hirVgfnDloHJmJ,2,81.94,40.97,2.0,37.0,143.0,143.0,2,1.0,0.5188,43.93
R_3hmElrazixrEM9a,4,76.06,19.02,4.0,55.0,125.0,62.5,3,1.5,0.8615,116.91
R_3hnEZmoJLqoRGs0,19,570.26,30.01,19.0,26.0,154.0,25.67,7,2.5843,5.5337,667.89
R_3hnGRijfFuA2CwU,8,365.49,45.69,8.0,39.0,141.0,28.2,5,2.25,0.0734,166.16
R_3hnJMNKiTFDsnVr,3,230.15,76.72,3.0,37.0,143.0,71.5,3,1.585,3.1724,1164.76
R_3ho1k0Z3CxCuIUv,11,155.44,14.13,11.0,14.0,166.0,20.75,8,2.8454,0.8954,297.03999999999996
R_3hosWdcmm0vvrdx,108,2383.58,22.07,116.0,1.0,179.0,3.65,60,5.5325,1.1633,1902.32
R_3hourKKs4B7t7rW,4,69.26,17.32,5.0,82.0,98.0,32.67,4,2.0,0.094,44.980000000000004
R_3hrWBk1nD1Jxqgs,7,147.49,21.07,7.0,35.0,145.0,48.33,7,2.8074,0.4249,89.97999999999999
R_3hsFBjto7aXqKY7,29,527.1,18.18,31.0,2.0,178.0,11.12,17,3.7849,1.0892,304.21
R_3hsVlOFjszWOfLz,16,279.81,17.49,16.0,7.0,173.0,15.73,10,3.0778,0.4288,279.9
R_3hsu9QxGqr1fWqT,9,132.54,14.73,9.0,13.0,167.0,83.5,8,2.9477,2.0982,446.17
R_3huKAYi4haQXzDn,19,455.05,23.95,19.0,46.0,134.0,19.14,7,2.3523,0.2464,189.03
R_3hygeiwrIWyyfQE,7,123.32,17.62,7.0,86.0,94.0,31.33,6,2.5216,0.4082,9.99
R_3hziTi1fc6wdAWq,5,318.75,63.75,5.0,70.0,110.0,27.5,5,2.3219,0.4571,30.990000000000002
R_3iBTJp5gQIkRz2f,48,748.17,15.59,50.0,9.0,171.0,5.03,27,4.1319,1.0629,493.48
R_3iCE108AGwThd1f,29,599.43,20.67,30.0,49.0,131.0,16.38,19,3.9263,1.8341,737.08
R_3iDN6fAYFJQiaBE,58,1305.84,22.51,62.0,22.0,158.0,6.87,45,5.3,2.1172,545.37
R_3iDNJT0LRidKDuN,2,34.74,17.37,2.0,180.0,0.0,180.0,2,1.0,0.0,313.71
R_3iDSOpUxmGrAf4T,7,444.87,63.55,7.0,28.0,152.0,50.67,5,2.1281,0.0415,135.46
R_3iDwODhJv2WSQov,1,37.98,37.98,2.0,180.0,0.0,180.0,1,-0.0,0.0,232.4
R_3iEBxv0adFMzSFz,1,12.99,12.99,1.0,180.0,0.0,180.0,1,-0.0,0.0,214.01000000000002
R_3iFswoYyum23EOY,19,310.33,16.33,19.0,7.0,173.0,13.31,13,3.3264,0.3172,354.59
R_3iIQ4QqxRoa0VFq,107,1686.02,15.76,172.0,3.0,177.0,4.66,45,4.8447,0.5862,2462.18
R_3iJPosktkZFzmM4,12,214.44,17.87,12.0,12.0,168.0,18.67,7,2.4508,0.2345,540.26
R_3iJQyWNMMY0KRV5,28,1015.82,36.28,28.0,10.0,170.0,11.33,23,4.4233,0.986,669.0699999999999
R_3iJyVGzX7fyajRz,24,437.51,18.23,25.0,6.0,174.0,17.4,21,4.335,1.1537,663.86
R_3iLuj9X88TO5lBI,35,927.43,26.5,37.0,6.0,174.0,14.5,28,4.6646,1.2698,1266.1200000000001
R_3iUbXeyRSJrM5mX,5,150.95,30.19,5.0,17.0,163.0,54.33,5,2.3219,0.8415,419.29
R_3iVJ4NtqpKGbPCp,28,647.21,23.11,30.0,16.0,164.0,27.33,21,4.2534,1.3254,266.83
R_3iWgE5w2w9NTovK,4,96.99,24.25,4.0,180.0,0.0,180.0,4,2.0,0.0,0.0
R_3iXBbGjxutYhcDe,2,27.8,13.9,2.0,180.0,0.0,180.0,2,1.0,0.0,6.99
R_3ik7mYg7wgFsyfj,31,771.57,24.89,32.0,17.0,163.0,13.58,18,3.82,1.0096,1331.84
R_3il4iRZFXETKegd,12,451.41,37.62,17.0,32.0,148.0,24.67,10,3.1887,0.0555,323.58
R_3ilsBGL89rupTmV,14,369.44,26.39,14.0,15.0,165.0,23.57,12,3.5216,0.2135,2294.83
R_3im9Cg30Oip8HJG,3,66.31,22.1,3.0,54.0,126.0,63.0,3,1.585,0.1349,232.4
R_3imxMFx4h7YnAGb,4,92.83,23.21,5.0,6.0,174.0,174.0,4,2.0,2.0091,34.65
R_3ind2rov7WpB4Kv,10,133.02,13.3,10.0,90.0,90.0,30.0,9,3.1219,0.2547,138.37
R_3ipMSGFZREpVy5r,18,373.2,20.73,19.0,11.0,169.0,33.8,15,3.7947,0.3057,1343.28
R_3ir5gbFGrLCGWWK,24,767.81,31.99,24.0,17.0,163.0,13.58,19,4.085,0.0969,66.73
R_3isz5QQv3HvQNFw,9,174.86,19.43,9.0,6.0,174.0,58.0,7,2.6416,0.3671,307.31
R_3ite6il7LXUvpB6,29,562.57,19.4,29.0,16.0,164.0,12.62,17,3.6716,0.2164,0.0
R_3iwhcK2YUBeMdvs,15,419.13,27.94,15.0,11.0,169.0,24.14,11,3.1329,0.7146,337.77
R_3ixOwXLuUfjiWS8,41,842.55,20.55,46.0,2.0,178.0,12.71,24,4.1988,1.6659,397.34999999999997
R_3ixUxNOUiEYD7KJ,134,2252.29,16.81,134.0,4.0,176.0,5.18,66,5.3012,0.5275,2228.94
R_3ixmGBJOpKuITJL,6,101.44,16.91,6.0,180.0,0.0,180.0,3,1.4591,0.0,202.22
R_3iyTuoKtVb3y4RA,15,914.07,60.94,15.0,41.0,139.0,27.8,3,0.9056,1.1448,51.370000000000005
R_3iydBpfsKD9jRTq,37,1247.74,33.72,49.0,5.0,175.0,13.46,25,4.3578,1.7705,2032.44
R_3iz0BqWx9Y3Zy8z,26,658.48,25.33,26.0,3.0,177.0,19.67,20,4.1001,5.8053,568.74
R_3j0QHyrrVmuYEp5,4,204.86,51.21,4.0,149.0,31.0,10.33,4,2.0,0.0,0.0
R_3j0TsrpMjWQbtS9,4,44.4,11.1,4.0,180.0,0.0,180.0,3,1.5,0.0,46.53
R_3j2mnsnt1dXqiO9,10,126.26,12.63,10.0,6.0,174.0,29.0,8,2.9219,0.9612,293.25
R_3j2qB4EWSQ8q43A,2,34.7,17.35,2.0,180.0,0.0,180.0,2,1.0,0.0,0.0
R_3j7FIUaHsWq2DDI,12,133.1,11.09,12.0,84.0,96.0,32.0,10,3.2516,0.3278,335.54
R_3j7P0eEOFqWjGrT,12,474.07,39.51,14.0,7.0,173.0,21.62,8,2.7516,1.4136,547.35
R_3j85NmXEyjQjcD3,31,640.99,20.68,31.0,18.0,162.0,16.2,19,3.9345,0.671,424.34
R_3j8NPNQCqchw4EO,2,41.98,20.99,2.0,135.0,45.0,45.0,2,1.0,0.0,0.0
R_3j9G4pFP8OAvC8D,32,1459.36,45.61,34.0,12.0,168.0,12.92,18,3.8042,0.1813,150.83999999999997
R_3jSAmu0UzDwnhQD,64,1341.83,20.97,72.0,10.0,170.0,4.86,41,4.9338,0.9016,1322.5
R_3jSvX9tw2goV083,19,861.89,45.36,21.0,4.0,176.0,17.6,16,3.8924,2.5413,634.97
R_3jV8kPp6atdc32x,34,460.99,13.56,35.0,1.0,179.0,19.89,28,4.5095,1.0728,542.25
R_3jWrXCIXh4o7xqF,10,219.64,21.96,10.0,34.0,146.0,24.33,6,2.3219,0.897,540.41
R_3jYUg0c9puk2lgW,35,678.06,19.37,39.0,7.0,173.0,8.24,25,4.2821,1.404,663.27
R_3jYVHJu0dN2OgpR,1,79.99,79.99,1.0,180.0,0.0,180.0,1,-0.0,0.0,147.99
R_3jYVNfQkzbtT9y0,14,256.51,18.32,14.0,6.0,174.0,29.0,6,1.7695,0.4649,89.85
R_3jZqWk6Sdb7NXLB,1,59.95,59.95,1.0,180.0,0.0,180.0,1,-0.0,0.0,0.0
R_3jdjdovzQan3OW9,13,224.67,17.28,13.0,15.0,165.0,27.5,10,3.1808,0.2715,274.07
R_3jeCszdGae3Pf7T,16,641.5,40.09,16.0,29.0,151.0,13.73,8,2.6085,2.7682,519.59
R_3jeSn7L9iG6QYQH,6,353.59,58.93,7.0,24.0,156.0,39.0,6,2.585,1.072,335.03999999999996
R_3jeWmPk4fAaYvAE,22,463.41,21.06,25.0,5.0,175.0,12.5,16,3.914,3.2972,283.38
R_3jfEjdC0JqmZ6ly,14,203.66,14.55,14.0,117.0,63.0,21.0,11,3.3249,0.0,0.0
R_3k0VYb4ISk9hQJa,9,841.24,93.47,9.0,74.0,106.0,26.5,8,2.9477,0.1114,846.53
R_3k1EuBwlZyentTb,67,1224.5,18.28,78.0,7.0,173.0,8.65,39,5.0491,0.1429,2695.11
R_3k1YkypUNn2zXzH,8,209.43,26.18,8.0,4.0,176.0,44.0,4,1.8113,0.4688,61.76
R_3k1aN4l9ZZNQ9Aq,8,220.73,27.59,8.0,65.0,115.0,28.75,7,2.75,0.1176,0.0
R_3k5GZzNh8OQFFcx,12,153.05,12.75,12.0,53.0,127.0,42.33,11,3.4183,4.2576,124.57
R_3k5JabbpW5kTO7M,32,1542.36,48.2,35.0,15.0,165.0,7.86,20,4.0931,1.0625,1236.95
R_3k6ex1IXMmkUR1Q,29,618.31,21.32,29.0,8.0,172.0,10.75,22,4.2508,0.6783,241.72
R_3k85Clfjw382OSO,180,2152.24,11.96,227.0,2.0,178.0,4.81,75,5.7117,1.722,2152.46
R_3kA4mCLxijsl1ir,29,523.41,18.05,31.0,3.0,177.0,7.08,22,4.1592,0.9687,515.28
R_3kAKNNSrZk6Lyna,11,256.54,23.32,11.0,10.0,170.0,34.0,9,3.0272,1.3612,177.93
R_3kAg3F3SGS36qHc,15,468.49,31.23,15.0,76.0,104.0,26.0,10,2.9996,0.2502,214.25
R_3kBWjp00fTCaTJC,3,181.18,60.39,3.0,82.0,98.0,98.0,3,1.585,0.4496,79.47
R_3kFE2p3j4I8dh9B,44,819.25,18.62,54.0,15.0,165.0,11.0,23,4.1121,0.3748,501.04999999999995
R_3kFWVmVTlcPA1P1,31,710.19,22.91,31.0,89.0,91.0,7.58,23,4.3894,0.7402,49.99
R_3kFY0fRB4k17JF3,10,155.34,15.53,11.0,174.0,6.0,6.0,9,3.1219,0.0,21.98
R_3kGrnHVJoTvPeHd,16,435.63,27.23,16.0,15.0,165.0,20.62,12,3.4528,2.5242,236.69
R_3kHCld4gRZS9Tqy,1,55.0,55.0,1.0,180.0,0.0,180.0,1,-0.0,0.0,368.08
R_3kKSC6QiydtsEHb,3,50.38,16.79,3.0,9.0,171.0,171.0,3,1.585,0.2921,166.93
R_3kL3lorjNRfbGiR,14,272.37,19.46,14.0,37.0,143.0,20.43,11,3.2359,1.0578,239.36
R_3kLp5UPFHSDwQYB,17,237.19,13.95,17.0,10.0,170.0,14.17,13,3.5725,0.3266,98.8
R_3kM9FhqXba9VXRS,35,698.15,19.95,36.0,1.0,179.0,9.42,25,4.4004,0.3596,280.78000000000003
R_3kOm4CIllTXZPY6,37,470.42,12.71,38.0,40.0,140.0,7.0,30,4.7335,0.9743,241.37
R_3kaZNpTa8e2pQIY,5,88.63,17.73,5.0,32.0,148.0,74.0,5,2.3219,1.8879,0.0
R_3kc4QWV5AiSbW9E,71,333.14,4.69,71.0,39.0,141.0,4.55,2,0.1068,0.0488,88.97
R_3kc6o6p4Ocxztg0,12,268.71,22.39,14.0,31.0,149.0,37.25,10,3.1887,1.2276,456.15
R_3kgLsDZZFZldraK,13,231.31,17.79,13.0,2.0,178.0,25.43,12,3.5466,4.8002,163.98
R_3kh16DhrZpht44p,6,101.2,16.87,6.0,135.0,45.0,22.5,5,2.2516,0.0,0.0
R_3khq81upkg41nqx,3,83.47,27.82,3.0,109.0,71.0,35.5,2,0.9183,0.0,60.0
R_3knQwnkJtiYRKms,3,113.57,37.86,3.0,27.0,153.0,76.5,3,1.585,5.6845,253.48000000000002
R_3kp1cu1nmAKu6mC,91,1958.89,21.53,96.0,3.0,177.0,3.93,53,5.3218,1.7618,2811.81
R_3kp4505SrHnUwp5,1,4.58,4.58,1.0,180.0,0.0,180.0,1,-0.0,0.0,0.0
R_3kpwfKb8JMrf6rl,1,69.93,69.93,1.0,180.0,0.0,180.0,1,-0.0,0.0,0.0
R_3kueJwyzqVs2sxR,10,208.51,20.85,13.0,2.0,178.0,44.5,8,2.8464,1.0537,27.64
R_3kzVEThiLAGUkjx,7,125.49,17.93,8.0,75.0,105.0,26.25,4,1.9502,0.1023,185.69
R_3lFC8mZ0NpujRTg,6,550.05,91.67,15.0,44.0,136.0,45.33,4,1.9183,2.4378,174.11
R_3lJMYpRM5RacP2j,4,103.51,25.88,4.0,58.0,122.0,61.0,4,2.0,0.1188,34.77
R_3lK5ONceMua8L4O,32,685.73,21.43,32.0,13.0,167.0,7.95,15,3.257,1.596,345.14
R_3lLhrGoskvkadDT,34,1378.1,40.53,37.0,26.0,154.0,8.11,23,3.9094,1.1966,647.97
R_3lM81t5RoSQwF1E,23,489.37,21.28,23.0,21.0,159.0,19.88,15,3.6381,7.971,9.91
R_3lMKtOCLCABbZLU,25,647.84,25.91,26.0,3.0,177.0,13.62,20,4.1835,1.4837,123.03999999999999
R_3lMPFMytHOig2HO,33,704.27,21.34,36.0,23.0,157.0,22.43,28,4.6956,0.3449,248.4
R_3lMSxgNkhRq4147,5,188.67,37.73,5.0,19.0,161.0,40.25,4,1.9219,1.1641,706.14
R_3lMqHBzl2gFmIku,5,151.97,30.39,5.0,131.0,49.0,16.33,4,1.9219,0.0,484.96000000000004
R_3lPsAEuHtXadZAk,4,83.33,20.83,4.0,112.0,68.0,34.0,4,2.0,0.0,62.53
R_3lQCvBUTlCoreQq,12,358.55,29.88,12.0,50.0,130.0,14.44,12,3.585,0.1351,317.85
R_3lQgsLNb8aWjfC8,7,173.55,24.79,8.0,8.0,172.0,28.67,7,2.8074,1.3183,276.43
R_3lRLul7FhL1NHBx,42,612.9,14.59,46.0,1.0,179.0,14.92,26,4.2009,1.1904,572.17
R_3lSOzZGBy8Hzfuz,11,191.64,17.42,11.0,49.0,131.0,26.2,9,3.0958,1.2628,356.5
R_3lVJM7vRGq2Y6FR,1,18.0,18.0,1.0,180.0,0.0,180.0,1,-0.0,0.0,61.68
R_3lWxO0nhBqkpb9Y,31,743.24,23.98,33.0,7.0,173.0,7.21,22,4.2328,0.7087,1431.86
R_3lXMRkdsyNZnsV1,8,300.29,37.54,9.0,18.0,162.0,32.4,5,2.0,1.0315,566.22
R_3lXmoZ903QXEUrl,30,930.47,31.02,32.0,17.0,163.0,18.11,22,4.2817,1.565,779.81
R_3lXswIAy7Qq6UEZ,53,1075.73,20.3,56.0,4.0,176.0,17.6,30,4.2625,1.5557,1391.1
R_3lYUnPKDsGA54tw,32,639.67,19.99,32.0,4.0,176.0,14.67,22,4.2386,0.2561,266.77
R_3lYoNCIklsOH7sq,41,741.56,18.09,43.0,3.0,177.0,12.64,28,4.6498,1.1138,1571.0
R_3ldTgJyTqQYy70R,1,37.99,37.99,1.0,180.0,0.0,180.0,1,-0.0,0.0,511.37
R_3lrG75UCQA6dT2c,23,499.92,21.74,23.0,11.0,169.0,18.78,12,2.9053,0.8436,449.48
R_3lrVgwYpgSOqWUv,41,992.36,24.2,42.0,1.0,179.0,7.16,39,5.26,0.5665,1189.7
R_3lsIXjO5GDQo8ab,10,136.1,13.61,10.0,13.0,167.0,20.88,9,3.1219,2.4978,265.65000000000003
R_3lt1ZPBv09u1seD,47,1123.91,23.91,49.0,5.0,175.0,7.29,34,4.7726,1.0496,847.01
R_3lv2H1k8zdvXdkZ,23,563.43,24.5,30.0,11.0,169.0,14.08,1,-0.0,1.6123,235.74
R_3lxcBC8s5fXjDkC,32,1111.96,34.75,32.0,44.0,136.0,11.33,15,2.875,0.1831,966.92
R_3lxoRojrBn1prkG,10,461.03,46.1,10.0,10.0,170.0,28.33,7,2.6464,0.6066,285.85
R_3lzv4o9axMfFsE2,1,14.14,14.14,1.0,180.0,0.0,180.0,1,-0.0,0.0,20.060000000000002
R_3m1Oe7DVV8jKYGf,38,783.7,20.62,41.0,10.0,170.0,6.3,31,4.7845,2.5798,1899.98
R_3m1QGkK4pRvz6q5,5,64.11,12.82,5.0,78.0,102.0,51.0,4,1.9219,0.6814,71.59
R_3m1ShFlOlf1Iopc,1,29.95,29.95,1.0,180.0,0.0,180.0,1,-0.0,0.0,0.0
R_3m2Gt4gSV5ZDV1j,7,221.87,31.7,7.0,59.0,121.0,40.33,5,2.1281,0.2909,176.95
R_3m33kWDsWBV6QS3,41,298.67,7.28,42.0,4.0,176.0,8.38,23,4.168,3.1442,1823.76
R_3m3H4mwZ2snYFua,98,3611.23,36.85,111.0,9.0,171.0,3.17,63,5.6986,2.9525,4528.52
R_3m3pAF4qi0QYEY2,5,264.91,52.98,5.0,29.0,151.0,75.5,5,2.3219,0.1571,0.0
R_3m49Ymv2vCz3zPJ,4,240.17,60.04,4.0,75.0,105.0,35.0,4,2.0,2.6847,124.33
R_3m4y20RcmogDzZl,26,337.15,12.97,27.0,8.0,172.0,34.4,19,4.0231,0.8494,308.92
R_3mA8FkeMLPmxavv,15,953.06,63.54,15.0,7.0,173.0,21.62,14,3.7736,2.4361,683.48
R_3mZKz5nOdwDq9uV,37,975.17,26.36,37.0,29.0,151.0,11.62,17,3.702,0.5057,666.15
R_3mZSKZJM87PlEZg,39,853.36,21.88,39.0,5.0,175.0,11.67,23,4.1579,0.2926,835.5
R_3mduGxyjIbBNSsm,3,27.01,9.0,3.0,180.0,0.0,180.0,3,1.585,0.0,332.8
R_3mejZzk0xiVLYS7,1,33.81,33.81,1.0,180.0,0.0,180.0,1,-0.0,0.0,79.9
R_3mk0PlxA2dtMU76,2,25.05,12.53,2.0,163.0,17.0,17.0,2,1.0,0.0,653.13
R_3mkMvFzGYLaDXjJ,68,2200.39,32.36,83.0,17.0,163.0,5.09,39,4.894,3.3818,931.25
R_3mknIzzCIrBk3h8,38,262.21,6.9,100.0,22.0,158.0,10.53,19,4.0278,0.0436,69.06
R_3mlroE78njuHGCJ,21,440.28,20.97,23.0,5.0,175.0,14.58,11,3.0464,1.7336,365.59
R_3mlwxxcokGLq899,7,143.58,20.51,7.0,4.0,176.0,44.0,6,2.5216,5.3419,131.44
R_3mm166mlwrLpf6y,74,1209.98,16.35,77.0,1.0,179.0,9.94,50,5.3998,1.2896,1465.35
R_3mmCGclG1nJL4uv,239,2673.86,11.19,247.0,1.0,179.0,2.06,125,6.2734,0.6946,1228.01
R_3mmIIMQ7oHxgBJh,3,54.37,18.12,3.0,180.0,0.0,180.0,1,-0.0,0.0,135.68
R_3mmcUuadJoTFzsw,10,112.88,11.29,10.0,8.0,172.0,57.33,8,2.9219,0.3141,247.71
R_3n0Eenx5FMskTrD,9,84.0,9.33,9.0,130.0,50.0,16.67,8,2.9477,0.0,438.21999999999997
R_3n0OjYgGHf96Wuh,61,958.42,15.71,63.0,13.0,167.0,5.96,35,4.7277,0.4502,434.8
R_3n0f5dcuUi4KKGG,4,178.46,44.62,4.0,69.0,111.0,55.5,4,2.0,0.0593,326.47
R_3n0jPS1ErTK9Izh,67,1730.38,25.83,70.0,4.0,176.0,4.0,38,4.9992,2.4116,1331.26
R_3n17fNI56KA8rTV,40,773.44,19.34,40.0,11.0,169.0,6.76,21,3.578,0.5316,1492.76
R_3n1U04VYrBKdqxs,5,133.77,26.75,5.0,12.0,168.0,42.0,5,2.3219,1.9144,438.27
R_3n2VXT4Z99FpnEG,95,1702.37,17.92,120.0,4.0,176.0,7.04,39,4.4895,2.0902,2923.09
R_3n2bkmbpmkU4gYf,18,530.82,29.49,18.0,39.0,141.0,47.0,13,3.4138,13.0429,260.57
R_3n5UcqVpRJZsXYi,15,287.03,19.14,15.0,92.0,88.0,12.57,11,3.2402,0.0,531.85
R_3n5zOvmozURNzXz,50,1125.18,22.5,53.0,4.0,176.0,11.73,29,4.5513,1.8357,1501.65
R_3n638WDxQiAjuaJ,6,158.24,26.37,6.0,9.0,171.0,57.0,2,0.65,0.59,24.92
R_3n6tdl4OwYH7ZdB,16,381.13,23.82,17.0,27.0,153.0,17.0,12,3.5,0.2209,479.99
R_3n8zTmayQaStORf,1,9.99,9.99,1.0,180.0,0.0,180.0,1,-0.0,0.0,144.89000000000001
R_3n91eij0t6iYpZA,23,617.53,26.85,25.0,66.0,114.0,28.5,15,3.4952,0.732,238.88
R_3n9iNltLsRTp5H8,10,233.32,23.33,10.0,42.0,138.0,23.0,7,2.6464,0.2003,441.69000000000005
R_3nA7SneXu81knN1,43,2419.59,56.27,46.0,10.0,170.0,15.45,30,4.4677,5.3685,1106.53
R_3nAdXXqYg1JqHOf,28,620.96,22.18,28.0,6.0,174.0,14.5,24,4.5216,5.139,580.06
R_3nAunkapByCAbdB,40,647.31,16.18,41.0,7.0,173.0,9.61,34,5.0031,1.9735,263.69
R_3nBJeqR8nle2zSU,15,245.41,16.36,16.0,15.0,165.0,20.62,13,3.6402,1.5532,126.68
R_3nCpLzER7Xd2auY,6,186.86,31.14,6.0,115.0,65.0,16.25,6,2.585,0.0,129.71
R_3nDh4AoRXRSEbiR,32,963.55,30.11,35.0,38.0,142.0,14.2,22,4.1997,0.5192,1425.99
R_3nGIC9K7FRqL88W,6,84.63,14.1,6.0,93.0,87.0,87.0,6,2.585,0.0,32.989999999999995
R_3nH1Odp9Yjm86gN,42,1116.27,26.58,47.0,3.0,177.0,5.9,30,4.6601,1.5154,2551.6
R_3nIaYDeClQRJTAk,1,9.4,9.4,1.0,180.0,0.0,180.0,1,-0.0,0.0,30.959999999999997
R_3nJBlarikgnKpF2,37,767.64,20.75,37.0,8.0,172.0,11.47,28,4.6485,0.6537,631.79
R_3nJBm8m1q11DNNU,31,538.39,17.37,41.0,8.0,172.0,9.56,21,4.1281,0.977,349.05
R_3nMY8jLeOMfxVnY,8,54.73,6.84,8.0,176.0,4.0,2.0,7,2.75,0.0,570.93
R_3nMiRw4shx6bl2P,76,2825.92,37.18,89.0,2.0,178.0,4.34,33,4.2391,1.1221,2619.06
R_3nMnsONdmohWgnF,7,96.67,13.81,8.0,25.0,155.0,51.67,7,2.8074,0.8612,637.46
R_3nN7gDrlTTNu9A9,55,883.86,16.07,57.0,21.0,159.0,13.25,39,5.0129,0.5402,720.29
R_3nPGwtXdnEI5Stq,14,256.95,18.35,15.0,24.0,156.0,26.0,11,3.3788,0.5382,275.52
R_3nSJD4LXFEuAzcy,18,298.39,16.58,18.0,37.0,143.0,17.88,14,3.6144,0.1451,594.15
R_3nSf4mvqWxoek6g,4,49.18,12.29,4.0,167.0,13.0,13.0,4,2.0,0.0,295.8
R_3nT3XXY74hL8tSE,5,81.38,16.28,5.0,40.0,140.0,46.67,4,1.9219,0.9662,49.23
R_3nTTyw1tM8Efnek,43,1221.19,28.4,43.0,5.0,175.0,7.0,25,4.283,0.7441,1540.24
R_3nTXPx2pVs4fP3S,14,251.65,17.98,14.0,127.0,53.0,13.25,14,3.8074,0.0,0.0
R_3nTcQNav0g04ifL,59,1403.24,23.78,61.0,3.0,177.0,6.81,40,5.0373,0.9467,945.92
R_3nTxfoDtuXTyMgE,8,212.72,26.59,8.0,36.0,144.0,28.8,3,1.2988,1.091,103.47
R_3nVmjXQINxwevge,5,131.13,26.23,6.0,76.0,104.0,34.67,5,2.3219,0.818,344.40999999999997
R_3nc8xj3PFj49bwJ,11,230.5,20.95,11.0,62.0,118.0,39.33,7,2.5503,0.4835,76.78999999999999
R_3ncIj2f3HIyH4Ct,1,69.88,69.88,1.0,180.0,0.0,180.0,1,-0.0,0.0,0.0
R_3ncO2Ifjpbb1Y4G,18,267.76,14.88,19.0,5.0,175.0,12.5,10,2.585,0.7038,129.49
R_3nckXobICRGBIZD,6,179.05,29.84,6.0,2.0,178.0,44.5,5,2.2516,0.9894,155.65
R_3ndWuxDLZ0AomIR,7,89.53,12.79,8.0,11.0,169.0,84.5,7,2.8074,3.3023,99.99
R_3nebNtUMw5BsKcK,70,1952.94,27.9,72.0,5.0,175.0,4.27,39,4.6579,0.9411,3212.0299999999997
R_3niVeTkRSeDZf6H,28,1043.88,37.28,32.0,6.0,174.0,19.33,17,3.7943,1.5645,1676.79
R_3niyXZJFdjwLwq3,7,211.64,30.23,7.0,26.0,154.0,51.33,5,2.1281,4.0426,27.43
R_3nj9YnMVuMuQpRk,8,448.48,56.06,8.0,53.0,127.0,25.4,7,2.75,0.2406,22.5
R_3njfgXBlhquM0QT,2,46.5,23.25,2.0,53.0,127.0,127.0,2,1.0,3.1223,301.94
R_3nk4HEEc5QZPZNL,6,53.15,8.86,6.0,81.0,99.0,49.5,3,1.4591,0.4303,486.8
R_3nkIqFt7ZnBkvpC,3,102.93,34.31,3.0,153.0,27.0,27.0,3,1.585,0.0,268.37
R_3nkjCzQkrOsAEgE,5,100.57,20.11,5.0,43.0,137.0,34.25,5,2.3219,0.5444,55.78
R_3nkr0un2kC3hqTW,26,597.86,22.99,26.0,6.0,174.0,17.4,23,4.4697,1.4893,467.29
R_3nldfxTDjFdxvuf,3,287.41,95.8,3.0,45.0,135.0,135.0,3,1.585,11.7908,417.02
R_3no1gEkp3pV72Nn,18,312.69,17.37,19.0,6.0,174.0,24.86,13,3.6144,0.3062,350.49
R_3nowc1UudxHQnVQ,8,93.92,11.74,8.0,24.0,156.0,31.2,7,2.75,5.0051,154.08
R_3npVMUa47rFDNJj,2,26.28,13.14,2.0,180.0,0.0,180.0,2,1.0,0.0,31.99
R_3nqGVGe1oo00hRC,25,873.63,34.95,26.0,5.0,175.0,11.67,20,4.2137,3.4868,687.6899999999999
R_3nqGzFeKv4VVOck,71,1080.48,15.22,76.0,11.0,169.0,9.39,40,4.9592,1.0518,869.75
R_3nqPkPCXP339aox,6,198.33,33.05,7.0,180.0,0.0,180.0,2,0.9183,0.0,53.18000000000001
R_3nqqwF0uxKlhu0o,3,75.28,25.09,4.0,106.0,74.0,74.0,3,1.585,0.0,202.92
R_3nuCIri0LNJEq4U,5,225.28,45.06,9.0,41.0,139.0,34.75,5,2.3219,0.0464,95.8
R_3oB0VIIWn6ZnPjN,19,532.75,28.04,19.0,42.0,138.0,8.62,17,4.0374,2.1819,672.03
R_3oC3NRkyrUsvTEM,22,466.86,21.22,25.0,8.0,172.0,9.05,13,3.3131,1.0568,783.45
R_3oHHllow10IADbd,3,36.6,12.2,3.0,180.0,0.0,180.0,1,-0.0,0.0,0.0
R_3oI6mZDt47OaXO5,3,64.07,21.36,3.0,142.0,38.0,38.0,1,-0.0,0.0,0.0
R_3oKQ17y6QU1axr2,3,44.14,14.71,3.0,23.0,157.0,78.5,3,1.585,0.568,25.65
R_3oM91cVvXELLesg,21,1059.59,50.46,23.0,9.0,171.0,24.43,15,3.713,0.3388,988.1
R_3oN20rTIYxBeZez,38,758.47,19.96,40.0,26.0,154.0,7.33,25,4.2674,0.2707,1261.94
R_3oO3DoeTgXHrEzx,109,2443.34,22.42,128.0,1.0,179.0,3.25,69,5.5765,1.162,3154.55
R_3oQSXNZTcp9yWWl,6,109.63,18.27,6.0,6.0,174.0,58.0,6,2.585,1.7421,714.78
R_3oRTuYf8MSqnQRa,12,73.15,6.1,12.0,2.0,178.0,59.33,4,1.2075,0.5377,227.83
R_3oRbWw6Brl9Zczg,5,124.85,24.97,5.0,59.0,121.0,30.25,5,2.3219,0.358,45.98
R_3oT1WH4NoaCSLkH,53,778.47,14.69,55.0,5.0,175.0,7.29,38,5.0152,1.4203,1822.46
R_3oU7dMzJxGB3f5O,5,46.49,9.3,5.0,26.0,154.0,38.5,4,1.9219,1.1623,685.85
R_3oWR9kYBU1EeED4,6,165.48,27.58,13.0,26.0,154.0,51.33,5,2.2516,0.1996,84.25999999999999
R_3oWSVjKtFIw0OE8,14,180.89,12.92,15.0,4.0,176.0,17.6,10,3.182,0.8147,1312.3600000000001
R_3oXaG4hCMfIbGLl,6,230.83,38.47,6.0,13.0,167.0,55.67,6,2.585,7.3062,103.25999999999999
R_3oXeN7LsUxJ1Jco,1,10.0,10.0,1.0,180.0,0.0,180.0,1,-0.0,0.0,0.0
R_3oZ99lFKWK6plDp,7,268.82,38.4,7.0,24.0,156.0,78.0,7,2.8074,0.4424,243.82999999999998
R_3ozIrQp8CaQst7P,32,368.48,11.52,34.0,19.0,161.0,12.38,24,4.4764,1.6373,1059.52
R_3ozJ1nZkdvnHKF5,9,160.04,17.78,9.0,87.0,93.0,23.25,7,2.7255,0.3684,112.98
R_3p3D0kUa3mMJbyi,4,53.22,13.3,5.0,95.0,85.0,42.5,1,-0.0,0.0,0.0
R_3p4tQBL8E8GkXCI,25,560.13,22.41,25.0,1.0,179.0,9.42,22,4.3737,0.5059,216.52
R_3p8NxlNJ9iNJgDQ,17,416.69,24.51,18.0,4.0,176.0,17.6,12,3.4104,1.7077,883.05
R_3p8Rjor8VyZP2Qp,47,753.6,16.03,52.0,15.0,165.0,13.75,36,4.9168,0.7719,1158.19
R_3p8SE1rHMVpDhOI,12,99.3,8.28,13.0,180.0,0.0,180.0,11,3.4183,0.0,45.89
R_3p9LzS9OJFK4DhS,33,541.46,16.41,34.0,2.0,178.0,7.74,26,4.6202,2.0458,942.64
R_3p9XyyEX9w4wfZR,1,9.95,9.95,1.0,180.0,0.0,180.0,1,-0.0,0.0,0.0
R_3papb8tA6MhY9Ga,1,10.95,10.95,1.0,180.0,0.0,180.0,1,-0.0,0.0,13.99
R_3pc2SB0SkNV7kSQ,31,325.69,10.51,32.0,3.0,177.0,7.7,17,3.7442,1.1058,556.3
R_3pcctVpELUMpncc,20,528.74,26.44,20.0,16.0,164.0,16.4,17,4.0219,0.1253,1307.03
R_3peWF42INuePUWA,34,1552.44,45.66,47.0,12.0,168.0,33.6,27,4.6757,3.9731,132.60999999999999
R_3pflgTrQWtUULNy,18,629.81,34.99,18.0,2.0,178.0,16.18,11,3.1699,2.0292,553.71
R_3pg35C10fT379jl,5,145.91,29.18,5.0,67.0,113.0,113.0,1,-0.0,0.1122,50.23
R_3pg3JqNkeNbi2fG,9,101.75,11.31,9.0,30.0,150.0,75.0,8,2.9477,0.4077,437.77
R_3pgz8gQSJhNTWpR,6,109.69,18.28,7.0,4.0,176.0,35.2,6,2.585,0.5504,35.46
R_3phESUXircSC3Za,2,46.1,23.05,2.0,180.0,0.0,180.0,1,-0.0,0.0,0.0
R_3pi3ChYrRLAZLzR,33,739.74,22.42,33.0,33.0,147.0,9.8,20,3.9153,0.1688,24.94
R_3pkV4oeIfFx8aiq,3,63.97,21.32,3.0,137.0,43.0,43.0,3,1.585,0.0,88.26
R_3pm4Od2kUSXlZgY,83,1542.49,18.58,84.0,5.0,175.0,5.15,59,5.6102,0.9942,849.26
R_3pmMfX8slVrUg2t,6,77.54,12.92,6.0,135.0,45.0,22.5,5,2.2516,0.0,49.97
R_3pmeuOmzM4r5gMS,36,772.37,21.45,48.0,21.0,159.0,14.45,16,3.3833,0.6672,1057.55
R_3pnIBXBzl395hK3,16,402.31,25.14,16.0,13.0,167.0,13.92,11,3.1494,0.6454,256.89
R_3pne9eBIH77fjaj,5,121.95,24.39,5.0,164.0,16.0,5.33,4,1.9219,0.0,533.2099999999999
R_3poqSV84VKnEmrS,5,87.48,17.5,5.0,154.0,26.0,13.0,4,1.9219,0.0,85.49
R_3prOFJ94bnkAksv,2,31.05,15.52,2.0,13.0,167.0,167.0,2,1.0,0.239,215.43
R_3psrxBJAfpUyn3d,10,195.35,19.54,10.0,40.0,140.0,28.0,4,1.3568,0.9494,161.38
R_3ptgKiffuIHUepm,1,39.99,39.99,1.0,180.0,0.0,180.0,1,-0.0,0.0,0.0
R_3pumITxLvdUqvpM,5,179.4,35.88,5.0,148.0,32.0,16.0,2,0.7219,0.0,733.74
R_3q7gu78u8KAWt33,20,328.9,16.45,27.0,29.0,151.0,18.88,17,3.9842,1.5415,330.18
R_3q85lmoPNLL3jD3,21,404.13,19.24,29.0,43.0,137.0,17.12,17,3.9754,3.4928,628.73
R_3q9idVBBCxBY9hK,31,460.6,14.86,31.0,4.0,176.0,14.67,22,4.1267,1.1829,599.05
R_3qCDXyIw5VPJWlI,11,116.75,10.61,11.0,32.0,148.0,21.14,9,3.0958,3.3289,111.3
R_3qCm8Efo8tECGQ5,8,268.71,33.59,8.0,111.0,69.0,17.25,4,1.9056,0.0,898.4300000000001
R_3qCqvLjperlj7Ab,4,226.43,56.61,4.0,97.0,83.0,27.67,3,1.5,0.0,44.71
R_3qI6fUp7Ii7Vp1F,13,212.4,16.34,13.0,6.0,174.0,34.8,11,3.3927,5.4383,0.0
R_3qIPMah81MezsJn,13,616.19,47.4,13.0,5.0,175.0,19.44,10,3.2389,0.5733,642.13
R_3qKXjhdktmyhWbC,16,253.15,15.82,17.0,6.0,174.0,15.82,13,3.5778,0.7054,173.59
R_3qNCb8RtOhoCGRu,62,1552.12,25.03,66.0,16.0,164.0,8.2,39,4.6316,0.2259,1957.82
R_3qNElxhoDgLWeCl,24,315.63,13.15,24.0,2.0,178.0,13.69,16,3.7516,2.2657,337.21
R_3qOlx6wlMHIqNz6,1,43.97,43.97,1.0,180.0,0.0,180.0,1,-0.0,0.0,19.99
R_3qOvQ9IAxRXfNlX,1,39.99,39.99,1.0,180.0,0.0,180.0,1,-0.0,0.0,9.99
R_3qP8tODbwi66o3t,57,1144.63,20.08,59.0,34.0,146.0,9.73,44,5.2933,0.4245,959.81
R_3qPcCdLxB7UEZaz,70,1110.02,15.86,70.0,1.0,179.0,4.37,37,4.6308,0.3819,1186.9
R_3qPsTalTDEfqa1D,64,1568.6,24.51,69.0,13.0,167.0,7.26,36,4.8068,0.9928,1412.23
R_3qPt2VOIZdr6Kio,28,431.88,15.42,29.0,36.0,144.0,6.86,24,4.4947,0.3397,504.92
R_3qR5wS7Yfxu0S0B,15,387.04,25.8,15.0,43.0,137.0,27.4,12,3.5069,0.8057,716.9399999999999
R_3qTFp0FJqUeMhVZ,176,4517.03,25.66,196.0,1.0,179.0,2.8,79,5.4644,1.1413,4338.0
R_3qUqrL7OLiPx5qP,6,124.02,20.67,6.0,6.0,174.0,58.0,5,2.2516,1.3475,133.26000000000002
R_3qVzNrS8zs5FU1Q,95,1580.24,16.63,95.0,1.0,179.0,4.97,38,4.1242,0.9303,1347.73
R_3qWelyoPjmQzdkZ,35,763.2,21.81,37.0,5.0,175.0,17.5,24,4.3789,0.4376,315.51
R_3qWnPpXqudB3ETJ,23,545.92,23.74,26.0,6.0,174.0,10.24,17,3.9149,1.0516,869.07
R_3qahw7Bskcnb8CK,12,129.13,10.76,12.0,101.0,79.0,13.17,9,3.085,0.0,130.52
R_3qasyWogYKMo0FR,120,2774.37,23.12,121.0,1.0,179.0,3.09,67,5.5029,0.903,3247.98
R_3qdp8G81M79HxM6,9,164.85,18.32,10.0,23.0,157.0,52.33,7,2.6416,0.5491,129.98
R_3qe2tDpGxexEAso,19,469.74,24.72,19.0,6.0,174.0,13.38,12,3.3661,0.3725,543.82
R_3qeBHF0c3AIcSo8,13,406.57,31.27,13.0,83.0,97.0,19.4,8,2.5074,0.7185,94.62
R_3qfnQAiLUx9fNEu,217,7095.81,32.7,243.0,1.0,179.0,2.13,125,6.5872,3.4267,4422.02
R_3qgJoyDsbu3A7NN,1,3.99,3.99,1.0,180.0,0.0,180.0,1,-0.0,0.0,19.99
R_3qgkd0IPtvqR0Yl,8,165.18,20.65,8.0,13.0,167.0,167.0,8,3.0,0.7064,471.35
R_3qjvaF4zWZz3obB,35,1339.29,38.27,35.0,5.0,175.0,10.29,14,2.6518,1.3238,1052.94
R_3qkEGX8vtVYvd7v,31,710.82,22.93,31.0,14.0,166.0,6.92,20,4.0023,0.6217,1220.69
R_3qlnIILTEuzSyGe,62,1988.42,32.07,63.0,3.0,177.0,8.85,44,5.2001,0.997,1909.98
R_3qlpHTCbvmvvGuK,16,341.47,21.34,16.0,40.0,140.0,23.33,13,3.5778,0.458,286.86
R_3qmwh8eXfbMeI7U,15,270.53,18.04,15.0,40.0,140.0,17.5,9,3.0062,1.1991,1582.59
R_3qpxa4Aw8i6qG91,78,952.97,12.22,78.0,1.0,179.0,16.27,37,4.0345,1.1678,672.53
R_3qqFTaAzyu3G7IS,1,20.99,20.99,1.0,180.0,0.0,180.0,1,-0.0,0.0,91.0
R_3qqc1HkIGw0uD7Q,17,716.22,42.13,17.0,81.0,99.0,14.14,14,3.6901,0.0452,290.25
R_3qqdzQnCaBYHx9o,52,1700.12,32.69,55.0,9.0,171.0,6.84,44,5.3158,0.7687,1766.55
R_3qr1mPnZ58HNibU,4,199.15,49.79,4.0,122.0,58.0,19.33,4,2.0,0.0,0.0
R_3qrqbddZ7eR9KW8,25,288.75,11.55,25.0,2.0,178.0,9.89,19,4.1035,1.0764,305.2
R_3qxoVMOyOPBOOxq,35,373.13,10.66,35.0,4.0,176.0,17.6,25,4.376,0.5194,293.12
R_3r0AnJHzPNt6fQ2,14,280.59,20.04,14.0,6.0,174.0,19.33,8,2.8074,0.2652,605.59
R_3r0ocHrCI0gfnAA,43,335.69,7.81,43.0,4.0,176.0,5.68,17,2.989,0.6304,331.49
R_3r1awAz8bjvcTAL,7,190.91,27.27,7.0,35.0,145.0,48.33,6,2.5216,0.1643,104.39
R_3r1gChckH32gbSo,7,283.13,40.45,7.0,35.0,145.0,48.33,7,2.8074,0.2014,114.44
R_3r26NAbVnDpIxzF,34,750.84,22.08,35.0,17.0,163.0,9.06,20,4.1356,0.3805,957.12
R_3r6slXqZoAQv1Kh,8,89.51,11.19,8.0,68.0,112.0,37.33,8,3.0,0.3962,57.96
R_3rH59HJ07Cek09s,3,86.37,28.79,3.0,180.0,0.0,180.0,1,-0.0,0.0,138.79
R_3rHSccsh0mlkeuy,84,1407.15,16.75,85.0,2.0,178.0,5.74,61,5.6028,0.5077,973.3100000000001
R_3rNwk3qS128aXTZ,2,36.12,18.06,2.0,180.0,0.0,180.0,2,1.0,0.0,0.0
R_3rOK8HzVPg119X1,14,299.11,21.36,14.0,1.0,179.0,17.9,10,3.0931,4.6962,466.68
R_3rOl9sFF0CCPbS8,11,128.86,11.71,11.0,87.0,93.0,11.62,8,2.7322,0.1509,79.86
R_3rOrugFf5pyz207,11,357.19,32.47,12.0,48.0,132.0,33.0,11,3.4594,0.7685,163.21
R_3rPawL6bty6Oecy,45,1306.87,29.04,50.0,1.0,179.0,11.19,30,4.589,0.2627,1932.5
R_3rPnQWvHDnhA7Ka,33,912.97,27.67,33.0,2.0,178.0,10.47,24,4.3926,1.7403,519.29
R_3rSVzZdjthhnCx0,22,977.87,44.45,25.0,14.0,166.0,15.09,11,2.8899,0.5386,1512.63
R_3rSWMKAb4p1WwaD,1,39.99,39.99,1.0,180.0,0.0,180.0,1,-0.0,0.0,0.0
R_3rSY5tKLSgkGR5o,5,51.44,10.29,5.0,5.0,175.0,58.33,5,2.3219,0.4718,20.0
R_3rU2dHbID60f0zs,10,445.82,44.58,11.0,41.0,139.0,19.86,8,2.8464,11.2545,249.01
R_3rU75iBkJwlbwFC,2,24.98,12.49,2.0,125.0,55.0,55.0,2,1.0,0.0,18.98
R_3rUnUmjbfgYFmMs,80,2623.5,32.79,83.0,15.0,165.0,5.69,45,5.0884,1.6692,3775.38
R_3rV7kPHe9hVsMee,72,1371.66,19.05,75.0,1.0,179.0,5.42,39,4.9092,1.0451,2724.64
R_3rVqxTBmoLXzDK5,13,92.9,7.15,14.0,37.0,143.0,17.88,11,3.3927,0.8928,90.96
R_3rYBXWvFTTIA9uX,6,78.22,13.04,6.0,33.0,147.0,73.5,6,2.585,0.7781,68.02
R_3rYUVmCplPiAoJh,17,242.07,14.24,17.0,35.0,145.0,20.71,11,3.1692,2.222,382.1
R_3rYy57gChE2lQau,3,74.15,24.72,3.0,44.0,136.0,68.0,3,1.585,4.2366,163.54
R_3rZGcryRb27CpG0,8,185.58,23.2,8.0,39.0,141.0,47.0,8,3.0,3.1591,73.84
R_3rZHdmB75jSgwhr,37,606.79,16.4,37.0,4.0,176.0,7.33,20,3.7077,1.0098,1012.04
R_3rZXvolxdllaa6Z,2,165.98,82.99,2.0,166.0,14.0,14.0,2,1.0,0.0,106.25999999999999
R_3rZkDubLUKKD0wZ,2,211.41,105.7,2.0,1.0,179.0,179.0,2,1.0,1.1372,0.0
R_3rduFoUv0EnQBUd,9,118.76,13.2,10.0,18.0,162.0,81.0,7,2.7255,2.3739,388.96
R_3s02y9lg8GCo9q0,41,970.86,23.68,45.0,13.0,167.0,7.26,24,4.3482,1.2629,1601.05
R_3s07B19Gl5Ix56W,18,611.02,33.95,18.0,15.0,165.0,18.33,11,2.9671,1.0219,890.42
R_3s0MTWa7ceCCXi8,24,430.17,17.92,24.0,23.0,157.0,11.21,13,2.9161,0.553,115.13
R_3s0valWdtzHUuWl,1,19.98,19.98,1.0,180.0,0.0,180.0,1,-0.0,0.0,0.0
R_3s1z86Z2eQUYz2Q,1,50.0,50.0,1.0,180.0,0.0,180.0,1,-0.0,0.0,158.17000000000002
R_3s4GgLb3rATmn6O,1,4.0,4.0,1.0,180.0,0.0,180.0,1,-0.0,0.0,38.76
R_3s5NxhqKpoWo6zm,100,3059.52,30.6,123.0,1.0,179.0,5.26,53,5.1306,1.9384,2105.87
R_3s5rL77j9tDJzQg,2,93.71,46.85,2.0,151.0,29.0,29.0,2,1.0,0.0,55.059999999999995
R_3s60LmlFm5fAEP5,90,2974.52,33.05,93.0,1.0,179.0,5.59,53,4.9191,0.6811,2378.09
R_3s6ANl73k2a38Oz,40,1008.55,25.21,40.0,48.0,132.0,9.43,13,2.6282,0.2675,866.46
R_3s7w6IA2Y8hDm2M,42,649.5,15.46,42.0,22.0,158.0,8.32,22,4.1062,1.1466,1224.23
R_3sA19vqjjKuEHgA,39,1091.67,27.99,42.0,3.0,177.0,11.06,11,2.1881,2.2848,895.84
R_3sBawU1ZWT87FzN,12,242.4,20.2,13.0,60.0,120.0,17.14,8,2.8554,0.3974,80.43
R_3sBwcb32R5nqsRR,7,35.59,5.08,7.0,79.0,101.0,50.5,5,2.1281,5.7533,43.85
R_3sBz3iR6jcNfJzt,17,439.37,25.85,17.0,6.0,174.0,15.82,12,3.4104,0.0477,566.29
R_3saDhTbVfCKMgwp,9,160.15,17.79,10.0,28.0,152.0,25.33,9,3.1699,0.9455,622.55
R_3sam5z9rgQl2DDj,28,482.19,17.22,28.0,33.0,147.0,18.38,20,4.0391,0.3405,575.32
R_3sb0qz9iYlTBuJk,76,1334.81,17.56,79.0,2.0,178.0,11.87,34,4.708,1.0155,1400.53
R_3sb2sCJvT9LuCId,9,231.31,25.7,9.0,47.0,133.0,16.62,7,2.6416,0.3567,298.23
R_3sb3UFZZZN6Kggw,6,122.25,20.37,6.0,128.0,52.0,52.0,5,2.2516,0.0,0.0
R_3sbM1ke1qD79iaT,37,1090.13,29.46,41.0,11.0,169.0,8.05,29,4.7566,2.2566,2317.0099999999998
R_3scNGfAji76NAQI,3,80.97,26.99,3.0,26.0,154.0,154.0,3,1.585,1.4544,98.63999999999999
R_3sdlCCNvlHBl0o0,1,7.93,7.93,1.0,180.0,0.0,180.0,1,-0.0,0.0,13.18
R_3shNVb5zIThSgqn,8,115.64,14.45,8.0,7.0,173.0,57.67,7,2.75,1.7254,117.15
R_3siDFskpnvXwLuH,21,422.54,20.12,23.0,22.0,158.0,11.29,14,3.5538,0.2792,774.34
R_3sjK6pL9ltjhOzg,36,1073.33,29.81,41.0,5.0,175.0,9.72,22,4.0515,3.0418,458.83000000000004
R_3smN8FyXWC5rBu2,76,1539.86,20.26,79.0,4.0,176.0,3.83,60,5.807,0.6587,2231.2
R_3sndFbEFEkqUPZg,29,454.26,15.66,30.0,12.0,168.0,8.4,17,3.6595,1.1437,181.14000000000001
R_3snu0qVjBc7T976,10,148.14,14.81,10.0,10.0,170.0,56.67,8,2.9219,3.8811,452.26
R_3socPWD3wXD0iDP,128,2497.87,19.51,136.0,3.0,177.0,2.57,63,5.3558,0.8218,3629.99
R_3sp0qsXaE11taC1,21,336.23,16.01,21.0,2.0,178.0,22.25,17,3.9754,0.1113,494.52
R_3spECEC106iOjR7,26,496.46,19.09,26.0,10.0,170.0,11.33,20,4.1329,0.5346,785.52
R_3spR17i2ypcZudz,2,54.98,27.49,2.0,180.0,0.0,180.0,2,1.0,0.0,0.0
R_3stAiMHJQ77sLcB,20,391.58,19.58,20.0,76.0,104.0,52.0,18,4.1219,0.0997,325.96000000000004
R_3stQGSo41NL5diH,7,200.16,28.59,7.0,45.0,135.0,67.5,6,2.5216,0.2175,201.4
R_3svvB68IgLOnuSn,9,301.63,33.51,9.0,33.0,147.0,24.5,8,2.9477,0.2768,466.48
R_3szenRsW0IE8vlH,19,299.05,15.74,19.0,32.0,148.0,12.33,11,3.1761,0.6135,0.0
R_3szxvCfi7bdcZuz,1,11.99,11.99,1.0,180.0,0.0,180.0,1,-0.0,0.0,0.0
R_3szyDycEZFXRxYc,32,857.32,26.79,35.0,2.0,178.0,16.18,23,4.2653,0.6846,1428.74
R_3wT1t9duSUIPC5b,40,1021.22,25.53,42.0,12.0,168.0,12.92,27,4.5628,2.0871,1734.73
R_3xhEVxZPfs1wthv,65,1211.85,18.64,66.0,2.0,178.0,5.09,44,5.18,0.8139,2926.94
R_3yP0dCEmw3NO8lH,36,931.13,25.86,44.0,7.0,173.0,9.61,26,4.4018,1.7619,4142.88
R_40KnDXH2kMNEFoZ,10,100.24,10.02,10.0,25.0,155.0,22.14,9,3.1219,0.4024,64.16
R_40ebZNOqePWV2et,1,12.87,12.87,1.0,180.0,0.0,180.0,1,-0.0,0.0,38.86
R_40engukXSxhrtF7,23,469.71,20.42,23.0,4.0,176.0,11.73,18,3.8492,0.204,383.75
R_42fN4pXuhiJfTCp,3,46.57,15.52,3.0,121.0,59.0,59.0,3,1.585,0.0,627.72
R_43dTW1DrJmC9aGl,72,1582.98,21.99,87.0,2.0,178.0,6.59,48,5.2431,1.2503,3953.13
R_4GBxHAFAuFgUue5,1,63.71,63.71,1.0,180.0,0.0,180.0,1,-0.0,0.0,0.0
R_4GHk9bPqF1805s5,16,273.31,17.08,16.0,52.0,128.0,18.29,10,3.0244,0.6431,575.75
R_4GvI4THH986f6nL,14,546.65,39.05,14.0,13.0,167.0,18.56,13,3.6645,0.9912,75.38
R_4GvMGh2L2HnebrH,4,127.95,31.99,4.0,8.0,172.0,57.33,4,2.0,0.8827,382.74
R_4H1P1VB5jWW4sY9,76,1527.22,20.09,77.0,11.0,169.0,2.96,42,4.3834,0.6406,993.12
R_4HmF6WnGLnnWuLD,16,315.44,19.71,16.0,4.0,176.0,25.14,12,3.4528,2.0637,1300.7
R_4IW0LHdxVB8XJct,48,1312.44,27.34,49.0,27.0,153.0,6.95,27,4.3198,0.579,848.03
R_4JBCc8ejkMh89Bn,187,2557.91,13.68,201.0,5.0,175.0,1.79,81,4.9237,1.9198,2027.17
R_4MDPHLoOHFEre49,10,138.3,13.83,10.0,7.0,173.0,28.83,9,3.1219,1.0362,2244.49
R_4MFgrnBjb85xnvr,13,255.21,19.63,13.0,41.0,139.0,23.17,9,3.027,0.5574,141.86
R_4Mfh9iyV4lzjJ1n,3,176.89,58.96,3.0,49.0,131.0,65.5,3,1.585,0.6464,174.99
R_4MgRs6CE479gL2p,6,141.45,23.57,6.0,86.0,94.0,47.0,5,2.2516,4.4446,597.25
R_4ONrU60VenuwARr,32,770.0,24.06,33.0,19.0,161.0,13.42,26,4.6014,0.6495,1611.19
R_4PC8xUs7y9n494R,28,1120.63,40.02,29.0,26.0,154.0,19.25,23,4.3788,0.2654,0.0
R_4PhRzF4UI9ooLh7,260,10856.23,41.75,312.0,3.0,177.0,1.97,98,5.698,0.6086,5498.88
R_4SJm0iGbM1KvKiB,1,39.99,39.99,1.0,180.0,0.0,180.0,1,-0.0,0.0,0.0
R_4T5RGwzoLEPKSxH,15,447.92,29.86,17.0,49.0,131.0,10.92,11,3.3232,0.1516,1744.69
R_4TMdmQ1SjGtT6Ex,57,951.85,16.7,57.0,9.0,171.0,8.55,41,4.9415,1.4457,2878.52
R_4TREjPp3AsFesAV,24,785.36,32.72,27.0,16.0,164.0,12.62,18,4.0016,0.1291,356.95
R_4UzHfPu0I44EyLn,6,229.48,38.25,6.0,12.0,168.0,33.6,4,1.7925,0.8979,184.39
R_4YPdzUvrGkSSPv3,6,120.26,20.04,6.0,109.0,71.0,71.0,5,2.2516,0.0,85.1
R_4YffpNflRodsWJ3,33,586.58,17.78,33.0,2.0,178.0,11.87,9,2.8422,0.6102,396.47
R_4YjfHl0af8gN30Z,25,926.57,37.06,25.0,4.0,176.0,8.8,20,4.1835,1.2056,1604.1200000000001
R_4Ymoad5OAXbuIyR,18,230.75,12.82,18.0,20.0,160.0,22.86,2,0.3095,0.4916,293.52
R_4YnsyJn7OBPaUut,40,670.26,16.76,40.0,20.0,160.0,8.42,26,4.5464,0.6195,888.37
R_4Z4gbYCq8hbb8hb,15,579.62,38.64,15.0,59.0,121.0,15.12,12,3.5069,0.4922,311.11
R_4ZKWBs8TstBB0Pv,83,2418.04,29.13,112.0,11.0,169.0,7.35,42,4.6356,0.9138,1696.84
R_50iiMkRZW0CA3WF,21,653.01,31.1,24.0,4.0,176.0,14.67,8,2.5935,1.5538,1268.68
R_51FoqOStg2LJqq5,1,174.99,174.99,1.0,180.0,0.0,180.0,1,-0.0,0.0,0.0
R_54MGsoCtfFnpLoJ,21,260.82,12.42,21.0,5.0,175.0,15.91,17,4.0114,1.8197,299.14
R_54hcVIsjgKsPo0V,2,41.31,20.66,2.0,68.0,112.0,112.0,2,1.0,0.2398,107.0
R_54qiVRUWFqQ645H,6,52.75,8.79,6.0,18.0,162.0,32.4,1,-0.0,0.8995,49.33
R_55BKHeW1aOzYOUp,37,846.17,22.87,38.0,1.0,179.0,9.42,27,4.5537,1.4636,1217.47
R_55T1HCpzpVeKIjD,2,47.97,23.98,3.0,171.0,9.0,9.0,2,1.0,0.0,8.99
R_56IpX8kBZNaXDz3,18,597.22,33.18,18.0,3.0,177.0,11.8,15,3.7255,5.9598,813.4
R_56fagcXJSbAoW1X,75,1441.41,19.22,82.0,7.0,173.0,5.97,46,5.1815,0.4776,1013.88
R_56zFfdnTZeXhDbj,2,116.16,58.08,2.0,77.0,103.0,103.0,2,1.0,0.7557,59.99
R_575VDELiL5Da2tP,59,1984.71,33.64,110.0,7.0,173.0,11.53,30,4.3431,1.5009,632.35
R_57QZIld50krlp4t,5,463.49,92.7,5.0,47.0,133.0,133.0,5,2.3219,0.6384,176.8
R_5A0Vk6zHG1sJPuV,9,248.43,27.6,9.0,102.0,78.0,15.6,7,2.7255,0.0,163.28
R_5BBYw4vnadHFJND,6,196.72,32.79,6.0,46.0,134.0,67.0,3,1.4591,6.8688,55.4
R_5BDWU3FAcE6vqjn,1,7.53,7.53,1.0,180.0,0.0,180.0,1,-0.0,0.0,28.63
R_5aOFkHL6tdrAFb3,14,412.28,29.45,14.0,64.0,116.0,16.57,14,3.8074,0.1677,0.0
R_5cKAy8wQCzlEwjT,61,1152.42,18.89,65.0,15.0,165.0,7.86,37,4.8231,0.4182,1303.3
R_5dmJgeTDHRMEFTH,1,17.79,17.79,1.0,180.0,0.0,180.0,1,-0.0,0.0,80.95
R_5dnnO2In2cjMUCZ,3,228.47,76.16,8.0,20.0,160.0,80.0,3,1.585,6.881,178.14
R_5gXgALtnR3hyFix,8,119.54,14.94,8.0,8.0,172.0,172.0,7,2.75,0.0621,58.480000000000004
R_5hf4PIgMvDvKkIF,67,1221.5,18.23,79.0,10.0,170.0,3.54,34,4.5546,0.7915,2946.93
R_5i1n2dNmJYTBwRz,3,35.61,11.87,3.0,37.0,143.0,143.0,3,1.585,1.2354,0.0
R_5jBIUuJMIveh2sV,62,580.76,9.37,62.0,5.0,175.0,7.61,32,4.6916,0.1718,634.22
R_5mAfoSXflbRBwLn,34,600.83,17.67,34.0,10.0,170.0,7.73,29,4.6872,0.6427,774.85
R_5nJr5TvQEWRcsmd,1,39.99,39.99,1.0,180.0,0.0,180.0,1,-0.0,0.0,159.69
R_5o8k0eov3gjR9Yd,28,551.76,19.71,28.0,3.0,177.0,16.09,15,3.4043,1.2754,2050.11
R_5oJ5K2mLMySYVVf,16,219.89,13.74,16.0,2.0,178.0,16.18,10,3.0,0.5887,351.4
R_5oK9SmlCA2Td9rb,12,281.09,23.42,12.0,61.0,119.0,39.67,10,3.2516,0.2602,243.56
R_5svJo696mSHeYeJ,20,525.69,26.28,20.0,57.0,123.0,24.6,16,3.8842,1.2333,397.41
R_5tqaZiTOhDvSZRn,15,439.33,29.29,15.0,12.0,168.0,21.0,14,3.7736,0.5244,693.62
R_5u1j9x0AEArQHSN,18,629.46,34.97,18.0,15.0,165.0,20.62,16,3.9477,1.3559,159.94
R_5u8bbS9uywwIU6d,2,35.79,17.89,2.0,180.0,0.0,180.0,2,1.0,0.0,72.28999999999999
R_5uabKnJBMc7HyEN,78,1587.62,20.35,80.0,2.0,178.0,5.56,52,5.1282,1.0818,1043.51
R_5vBegJGWq4ssxxv,28,559.75,19.99,31.0,10.0,170.0,14.17,22,4.2499,0.9247,590.63
R_5vCpi6uUAi8sonL,10,671.05,67.11,10.0,14.0,166.0,23.71,6,2.371,0.5598,136.95999999999998
R_5zP15CubGsMclkR,33,538.61,16.32,34.0,5.0,175.0,9.72,18,3.9683,1.198,318.82
R_6AqJMmFQ2N3H7G1,20,231.79,11.59,20.0,2.0,178.0,12.71,7,2.2568,0.5533,1325.38
R_6FFYPC0OsCgV4Rz,261,1301.31,4.99,401.0,26.0,154.0,3.95,70,5.3804,0.4061,2397.81
R_6FppBvBnmsDiobn,55,2121.21,38.57,55.0,5.0,175.0,4.86,42,5.2311,0.956,527.28
R_6Jw0sPgGkHLnKkp,130,2295.35,17.66,140.0,2.0,178.0,2.78,71,5.6494,1.1746,3863.64
R_6Ll5Mpx90m0Csz7,4,131.59,32.9,4.0,50.0,130.0,43.33,3,1.5,4.9409,271.3
R_6PPrjURdBcjGlFv,17,276.08,16.24,17.0,16.0,164.0,20.5,11,3.2639,4.0815,169.15
R_6Ph80v66fPHRj7r,3,52.94,17.65,3.0,6.0,174.0,87.0,3,1.585,1.6536,54.32
R_6PtikqNXw6W58Od,7,195.46,27.92,7.0,68.0,112.0,22.4,7,2.8074,0.1305,0.0
R_6PyY0OpZk0HtKmJ,74,1262.07,17.05,74.0,1.0,179.0,5.42,39,4.2389,1.6695,1140.4
R_6RVtg146Q76aRTH,30,1207.05,40.24,33.0,18.0,162.0,16.2,26,4.6151,2.2239,1304.59
R_6RnwaFhoku7DJ5v,10,148.26,14.83,10.0,55.0,125.0,41.67,8,2.8464,0.2856,316.43
R_6RpwKYK0Mr2zKBH,263,3231.51,12.29,273.0,2.0,178.0,3.36,139,6.5337,1.9904,973.03
R_6SbhJD23U5a2YJX,32,491.69,15.37,32.0,4.0,176.0,19.56,18,3.8387,0.5322,203.38
R_6Sd8ef5T0Cvhlx7,9,195.52,21.72,9.0,24.0,156.0,22.29,9,3.1699,0.438,361.84
R_6VEMKtYq5Nx0JQ5,10,209.5,20.95,11.0,31.0,149.0,24.83,8,2.9219,0.2693,28.799999999999997
R_6WKgcpiJlVUN0g9,3,74.98,24.99,3.0,156.0,24.0,12.0,1,-0.0,0.0,0.0
R_6WZSxSB9P1tPJuN,20,364.55,18.23,20.0,18.0,162.0,23.14,18,4.0842,0.8803,1060.83
R_6X3q4ykD7atEx1L,55,1391.48,25.3,65.0,6.0,174.0,5.61,30,4.0757,0.7277,932.86
R_6XWHYtEspxUVIkx,17,750.36,44.14,17.0,16.0,164.0,13.67,16,3.9698,1.1227,77.64
R_6XahSu4kiQeN2xz,47,1613.69,34.33,63.0,20.0,160.0,5.52,34,4.9107,0.4369,517.98
R_6Y8B3R1iIUjRAXv,19,242.25,12.75,19.0,5.0,175.0,12.5,12,3.2211,1.8577,494.82
R_6YaXLSLSVlLGVGN,21,195.06,9.29,21.0,51.0,129.0,16.12,7,2.2,0.1393,17.57
R_6fXwJVTwwLoELi9,1,49.99,49.99,1.0,180.0,0.0,180.0,1,-0.0,0.0,0.0
R_6fzbeTqbnF0kBih,22,588.47,26.75,24.0,9.0,171.0,19.0,12,3.2776,0.1414,672.54
R_6gwxeBuC9V7nKsF,22,280.47,12.75,22.0,46.0,134.0,16.75,16,3.6635,0.2033,663.68
R_6hQZoFSXgUitu5r,9,311.9,34.66,9.0,48.0,132.0,66.0,9,3.1699,9.4071,0.0
R_6hVhB5Goe9Kifrb,1,37.95,37.95,1.0,180.0,0.0,180.0,1,-0.0,0.0,0.0
R_6kSoI7r53VQ4uQN,17,666.56,39.21,19.0,2.0,178.0,22.25,16,3.9698,26.1843,436.05
R_6lN81T97jE0mRWh,53,5904.14,111.4,333.0,2.0,178.0,10.47,34,4.7861,0.1781,0.0
R_6lidEtUY02zIG5j,12,489.95,40.83,14.0,7.0,173.0,19.22,6,1.9473,9.8926,376.48
R_6lnssfnXksO2ntf,22,551.63,25.07,23.0,24.0,156.0,15.6,18,4.0049,0.9166,691.4300000000001
R_6m1QCIXstgjIo4p,24,297.34,12.39,24.0,7.0,173.0,12.36,15,3.6887,1.099,180.29
R_6mSAuldkULYbjUt,13,145.5,11.19,13.0,3.0,177.0,35.4,9,2.8074,1.9822,239.18
R_6og1V0SdfhCA0pj,57,673.69,11.82,59.0,6.0,174.0,7.91,39,5.1046,0.7877,456.15
R_6oiX8teN1cKlcZj,4,321.47,80.37,4.0,102.0,78.0,78.0,2,1.0,0.0,313.09
R_6opxP5UDH8Jionf,7,83.52,11.93,7.0,3.0,177.0,44.25,6,2.5216,1.1654,306.39
R_6r2IQBjjHocYyVb,1,15.99,15.99,1.0,180.0,0.0,180.0,1,-0.0,0.0,283.93
R_6tG1HcvdSCJZ25r,50,1228.88,24.58,50.0,20.0,160.0,6.15,38,5.0137,1.6036,1913.93
R_6txHtmShUk5jkXL,5,45.68,9.14,5.0,8.0,172.0,57.33,3,1.371,1.5808,221.03
R_6xIfoIXCDVAT19D,7,58.77,8.4,7.0,91.0,89.0,89.0,2,0.9852,0.0,453.44
R_6yXSEznYlOrZwSB,21,328.05,15.62,22.0,43.0,137.0,17.12,12,3.268,0.6644,470.39
R_73QHAgikZLnSOzv,5,212.52,42.5,5.0,42.0,138.0,69.0,3,1.5219,0.3283,1714.52
R_73YcJcVUWDBinUR,2,121.76,60.88,2.0,173.0,7.0,7.0,2,1.0,0.0,143.91
R_73uiPcXvI2uhrz3,4,35.89,8.97,4.0,180.0,0.0,180.0,3,1.5,0.0,0.0
R_77CQXOKiTkOA5d7,7,68.52,9.79,8.0,180.0,0.0,180.0,6,2.5216,0.0,425.07
R_77MJunrcOlZvQNr,23,369.32,16.06,23.0,65.0,115.0,19.17,18,4.056,0.3626,189.01000000000002
R_77ha0bVw8wrijBv,4,79.92,19.98,4.0,100.0,80.0,80.0,4,2.0,0.0,0.0
R_78QEV8HrQ3Efngt,6,219.71,36.62,6.0,69.0,111.0,55.5,6,2.585,3.913,396.21999999999997
R_7QimDPdM1gnwNkR,23,649.0,28.22,23.0,51.0,129.0,21.5,19,4.1429,0.1796,355.35
R_7QmyMWZwMl9q2KR,46,625.6,13.6,48.0,30.0,150.0,25.0,23,4.1372,0.4511,401.57
R_7Qxja7QGDt7ozO9,15,454.81,30.32,15.0,2.0,178.0,29.67,12,3.4566,3.6296,142.41
R_7U8XoGp9dZJoxIB,80,3384.43,42.31,101.0,83.0,97.0,32.33,31,4.0064,2.47,1676.27
R_7UmaiwAnrKe2isx,1,29.99,29.99,1.0,180.0,0.0,180.0,1,-0.0,0.0,0.0
R_7UtikIBqeQHvnyN,11,666.69,60.61,15.0,44.0,136.0,27.2,7,2.5503,0.1971,120.44
R_7VE7AAGZ5n3WvIt,7,108.98,15.57,7.0,77.0,103.0,25.75,2,0.8631,0.1595,639.99
R_7WBotcu3OLipNWV,9,62.0,6.89,9.0,6.0,174.0,29.0,1,-0.0,3.1333,37.0
R_7WCRjBdp3UTHVSN,7,222.25,31.75,7.0,23.0,157.0,78.5,7,2.8074,36.6695,378.94
R_7WFNeA48pQKxNFT,5,90.95,18.19,5.0,133.0,47.0,23.5,4,1.9219,0.0,0.0
R_7ZH1uBNuL9RQ2K5,67,995.81,14.86,78.0,7.0,173.0,5.58,28,4.1911,0.7545,615.98
R_82FcUS7YwWY5VlL,5,44.56,8.91,6.0,7.0,173.0,86.5,3,1.371,3.0509,22.93
R_82JzK2I5EzjMiCR,20,309.97,15.5,20.0,12.0,168.0,16.8,19,4.2219,0.2515,247.69
R_82MLqyPbTSnivUl,3,127.42,42.47,3.0,84.0,96.0,48.0,3,1.585,1.0397,49.99
R_82sm1OvJo4qbSKZ,6,122.21,20.37,6.0,174.0,6.0,6.0,5,2.2516,0.0,0.0
R_85OdkeCoFP5daLL,474,9669.75,20.4,520.0,2.0,178.0,2.58,207,6.8424,2.2041,5232.65
R_864dUqMWPdzMhuF,27,777.39,28.79,30.0,1.0,179.0,7.78,13,3.2636,1.1456,1516.39
R_86r5LLTHGBurXK9,16,354.9,22.18,16.0,24.0,156.0,17.33,12,3.4528,0.2283,411.58
R_87ffBoBpjhtujC1,17,641.24,37.72,17.0,54.0,126.0,15.75,6,2.0192,0.3126,263.91
R_89aTM1JXN8SWr3b,38,557.58,14.67,38.0,5.0,175.0,15.91,15,2.7101,3.2427,918.4200000000001
R_8CXcySQawXPuJwJ,114,2306.37,20.23,114.0,1.0,179.0,3.89,46,4.4584,1.4254,5010.99
R_8CzaMgpC6156FCF,4,239.95,59.99,4.0,22.0,158.0,52.67,4,2.0,0.3409,294.68
R_8HRJ8Fkl4NqgX4t,2,30.44,15.22,2.0,78.0,102.0,102.0,2,1.0,0.2689,237.46
R_8IbYFRjJvCXVtHX,39,725.03,18.59,40.0,7.0,173.0,7.52,31,4.8045,0.6596,1829.6200000000001
R_8IeIAMii7jy4OdP,87,1841.02,21.16,93.0,3.0,177.0,4.54,54,5.2874,1.7919,1170.1399999999999
R_8cr0J12EMKs9NND,53,659.25,12.44,54.0,11.0,169.0,9.39,37,4.9521,1.2881,734.5
R_8diYSw75MwRT2md,11,853.14,77.56,18.0,88.0,92.0,23.0,10,3.2776,1.3859,529.18
R_8eKGNVrEIgSCi09,12,346.76,28.9,12.0,44.0,136.0,22.67,10,3.2516,0.2712,590.99
R_8eTKiReVeCrQ2Od,2,34.63,17.31,2.0,180.0,0.0,180.0,1,-0.0,0.0,0.0
R_8eV1MpUczuxdP4l,29,906.2,31.25,29.0,4.0,176.0,9.78,5,1.9177,1.2451,280.22
R_8ea2ymIzpiKx8t3,3,217.54,72.51,3.0,63.0,117.0,117.0,3,1.585,5.2172,218.7
R_8hJoBZ9EnImCSxX,24,393.07,16.38,24.0,13.0,167.0,10.44,16,3.6846,1.032,344.53
R_8igkqu4jEaogJzj,30,1194.31,39.81,33.0,1.0,179.0,12.79,19,3.8402,1.2671,2029.4
R_8joNCHQszTby2Rz,4,75.54,18.88,4.0,43.0,137.0,45.67,4,2.0,1.3935,355.9
R_8kM6X1XTXVIp2i5,4,70.48,17.62,4.0,154.0,26.0,13.0,3,1.5,0.0,18.99
R_8kOXi4JuWOKQbV7,4,67.24,16.81,4.0,7.0,173.0,173.0,3,1.5,0.4231,35.64
R_8kvXRXPuQRk1R0l,9,240.57,26.73,9.0,42.0,138.0,34.5,5,2.0588,0.7627,73.81
R_8l84eQcaCOFUBwt,3,25.97,8.66,3.0,180.0,0.0,180.0,2,0.9183,0.0,298.92
R_8leYucio47FaT9n,7,61.01,8.72,7.0,91.0,89.0,89.0,2,0.5917,0.0,272.05
R_8ozmLYNKXtl9v7H,1,58.99,58.99,1.0,180.0,0.0,180.0,1,-0.0,0.0,0.0
R_8p1MahUdaghpbgJ,13,468.45,36.03,13.0,2.0,178.0,22.25,9,2.9689,1.9158,420.03000000000003
R_8pMsG4P0RqzoSlz,115,2650.86,23.05,116.0,2.0,178.0,2.92,63,5.4256,0.6496,1655.93
R_8piDwWBq7V7tyZb,66,1198.99,18.17,66.0,1.0,179.0,5.42,51,5.4436,0.989,4080.39
R_8puIA0Aj4F8MuI1,45,1271.35,28.25,45.0,13.0,167.0,9.82,30,4.6692,0.6918,832.08
R_8qRoOOEPN9hzPl7,41,311.1,7.59,48.0,2.0,178.0,7.12,13,2.7484,0.7854,1081.71
R_8ro09iHf6361XLX,107,1841.36,17.21,109.0,3.0,177.0,5.71,43,4.567,0.2596,1344.46
R_8tXaTutYvYjPOoh,94,1806.16,19.21,94.0,1.0,179.0,3.25,49,5.0864,1.0917,1293.31
R_8vnpSkm79W7Jsv7,110,2999.57,27.27,121.0,2.0,178.0,2.05,68,5.6189,0.6164,3468.23
R_8wRttNX3JNWugRr,20,963.83,48.19,21.0,11.0,169.0,24.14,18,4.1219,2.2299,481.09000000000003
R_8xg4H4866B3fAKR,4,155.33,38.83,4.0,115.0,65.0,32.5,4,2.0,0.0,544.5
R_9B11uJ2CO5z4hGx,17,322.2,18.95,17.0,8.0,172.0,21.5,11,3.2195,1.3338,13.99
R_9BHb7AqpZz3bNPH,15,243.91,16.26,18.0,4.0,176.0,16.0,11,3.3232,0.9887,471.5
R_9BuaSujzfvulXoJ,178,2332.43,13.1,183.0,3.0,177.0,2.46,79,4.998,0.5594,1710.57
R_9G1karfs82g17I5,67,1453.06,21.69,72.0,18.0,162.0,10.12,43,4.8704,0.7938,380.66
R_9GKdL1PctL2H4OJ,63,1491.54,23.68,64.0,4.0,176.0,4.89,40,5.0129,1.3638,3188.54
R_9L8Lum5AaHh6bq9,34,490.84,14.44,36.0,42.0,138.0,12.55,21,4.1607,0.8757,1196.16
R_9LAhL6iGRFbhJiF,2,36.7,18.35,2.0,176.0,4.0,4.0,2,1.0,0.0,285.59000000000003
R_9M43XaNdATGedPz,22,270.06,12.28,22.0,17.0,163.0,40.75,7,1.8548,0.1289,959.25
R_9NZm6ztHOQ6enbb,22,946.35,43.02,24.0,15.0,165.0,11.79,18,4.0615,0.3126,84.97
R_9NzlQyQfOmHZ2qB,5,156.51,31.3,5.0,30.0,150.0,150.0,3,1.5219,0.5836,148.38
R_9S5ZvGThjyy3CAF,43,1458.3,33.91,43.0,3.0,177.0,7.08,30,4.5051,0.9507,1212.87
R_9SnEHxWY6V8G4AF,18,293.96,16.33,18.0,30.0,150.0,21.43,15,3.7947,0.28,560.1
R_9U2pxdANhXddsKB,9,81.15,9.02,9.0,12.0,168.0,28.0,8,2.9477,0.7478,208.39
R_9WS203RWpPonQgF,18,439.5,24.42,19.0,42.0,138.0,46.0,14,3.6144,0.6806,593.12
R_9WSxduvirxNr42t,22,396.21,18.01,22.0,71.0,109.0,12.11,16,3.914,0.0512,137.75
R_9Ww6JkfYkzr28lb,4,85.76,21.44,4.0,20.0,160.0,80.0,4,2.0,1.076,19.99
R_9XGj5q11FpkR3pL,4,103.17,25.79,4.0,30.0,150.0,50.0,3,1.5,3.2387,21.98
R_9YPn7sq6F3UFSmZ,2,169.89,84.94,2.0,167.0,13.0,13.0,2,1.0,0.0,10.0
R_9Yqp3pjBu5Da6sx,37,772.31,20.87,37.0,1.0,179.0,9.94,30,4.7903,1.9285,2234.82
R_9mGmhKxB10zJtHr,1,14.86,14.86,1.0,180.0,0.0,180.0,1,-0.0,0.0,109.33
R_9nKhCJegREGhqjD,121,1372.91,11.35,121.0,1.0,179.0,8.95,52,4.2321,0.3713,1116.31
R_9nnGvmGc1ixr3dn,1,69.99,69.99,1.0,180.0,0.0,180.0,1,-0.0,0.0,44.4
R_9piETGB9s3Vxj2h,12,374.26,31.19,12.0,12.0,168.0,42.0,9,3.0221,0.6687,438.03000000000003
R_9ppTjfBQZZs42WJ,23,557.65,24.25,24.0,6.0,174.0,13.38,20,4.2299,0.8574,1639.78
R_9vudhfLDxozbpex,23,204.5,8.89,23.0,30.0,150.0,21.43,15,3.6381,0.7347,563.45
R_9yOmfJyU0rNZGW5,41,882.17,21.52,44.0,5.0,175.0,8.33,31,4.6831,0.6504,1086.92
R_A0NgW5hkJwzrsLn,11,93.53,8.5,11.0,28.0,152.0,30.4,7,2.5949,0.2883,194.97
R_A0R06o3wt1TXTJ7,16,286.39,17.9,16.0,8.0,172.0,24.57,12,3.4528,1.0807,32.98
R_A0Z3SvLDpDK2jex,6,152.28,25.38,7.0,34.0,146.0,73.0,6,2.585,20.5694,186.35
R_A0ZwhLeBVySdW8N,23,261.43,11.37,23.0,7.0,173.0,24.71,20,4.2299,0.752,1210.82
R_A1CRADYHwN0zQL7,45,798.27,17.74,46.0,10.0,170.0,9.44,26,4.185,0.5995,687.95
R_A1fku0XPEwwfhC1,50,779.9,15.6,50.0,10.0,170.0,13.08,27,4.3655,0.1927,558.2
R_A1h0ov6aU9SU4Rr,190,4273.99,22.49,200.0,1.0,179.0,2.8,109,6.2704,0.9739,2987.55
R_A1i77wZ6dCs4Awh,23,524.59,22.81,23.0,7.0,173.0,11.53,17,3.882,1.4467,1201.06
R_A5Mg9h1PiJL0Wyd,116,1927.04,16.61,121.0,10.0,170.0,4.25,71,5.7835,1.3339,2035.29
R_A5sbkTmUYGXhO3n,135,2498.9,18.51,139.0,5.0,175.0,4.27,67,5.3309,3.4787,2171.5
R_A69y7GWik06Y6EV,12,170.83,14.24,12.0,12.0,168.0,42.0,11,3.4183,0.1191,712.25
R_A6YUvQpa9gfcKRz,26,1460.79,56.18,27.0,33.0,147.0,13.36,17,3.9312,2.1027,218.52999999999997
R_A6elLLSuavqVAyZ,8,79.2,9.9,8.0,28.0,152.0,38.0,8,3.0,0.9575,18.990000000000002
R_A71XT7YTRmekJTX,27,483.86,17.92,27.0,8.0,172.0,9.56,20,4.1623,0.456,682.79
R_ABvlCpe049QrN61,52,636.95,12.25,53.0,2.0,178.0,7.74,41,5.2244,7.4353,765.73
R_AEBbAiW2xdXI2at,36,1588.9,44.14,47.0,4.0,176.0,8.8,27,4.6699,2.4893,3060.86
R_AFYBJKvk0e2g5Y5,16,156.57,9.79,16.0,12.0,168.0,15.27,14,3.75,1.204,135.5
R_AHYwmIeNLfy0vv3,16,538.98,33.69,16.0,4.0,176.0,22.0,12,3.5,0.2087,47.980000000000004
R_AI1StUjSHjVbNxD,1,5.99,5.99,1.0,180.0,0.0,180.0,1,-0.0,0.0,165.32
R_AKBlDprDMrv4M7v,259,7148.8,27.6,293.0,6.0,174.0,1.78,98,5.7666,0.3477,2375.74
R_AKyBiF8m5KxkO7n,37,1089.73,29.45,42.0,4.0,176.0,7.04,28,4.5741,0.6969,958.02
R_ALq5SvDtbAmmo6Z,8,459.75,57.47,8.0,17.0,163.0,40.75,8,3.0,1.1295,237.22
R_AM0OvM0F9kBvqal,254,4302.45,16.94,258.0,4.0,176.0,2.98,113,5.9123,1.5665,4226.28
R_ANwEtKG17PHMAsp,21,390.44,18.59,24.0,49.0,131.0,9.36,16,3.8802,0.2268,451.42
R_AaonteE1s65CVYR,26,1420.11,54.62,27.0,1.0,179.0,8.14,20,4.1329,3.4983,1586.23
R_Ab4qPG2AzmxvhFT,15,341.54,22.77,16.0,43.0,137.0,17.12,10,3.1396,0.3653,23.1
R_Ab8m9ItsDqpz9i9,1,20.0,20.0,1.0,180.0,0.0,180.0,1,-0.0,0.0,9.99
R_AbNNlwZIzJdqqVH,36,797.48,22.15,37.0,19.0,161.0,13.42,27,4.5934,0.2327,848.15
R_AgtY0o0wz2sF1Dj,5,58.34,11.67,5.0,106.0,74.0,24.67,5,2.3219,0.0,23.57
R_AhNiHUaRBzQHY1b,20,198.61,9.93,20.0,41.0,139.0,15.44,14,3.4464,0.9835,433.56
R_AiLABca1I8NWvOF,51,1458.58,28.6,57.0,10.0,170.0,7.08,31,4.5505,0.9873,1968.72
R_Aiech2hqSMn7hPH,4,66.77,16.69,4.0,42.0,138.0,69.0,3,1.5,2.93,102.95
R_AiiIRKnFGGwta25,7,108.0,15.43,7.0,96.0,84.0,21.0,6,2.5216,0.0,1840.3899999999999
R_AmMCFCEBSSiRhLz,39,918.13,23.54,42.0,7.0,173.0,8.65,24,4.1349,0.7641,827.9200000000001
R_AmV9fcEkxN1xk09,19,560.31,29.49,21.0,92.0,88.0,12.57,15,3.7871,0.0,174.99
R_Amq2LudEdwYblXX,26,272.02,10.46,27.0,33.0,147.0,8.65,22,4.3927,0.51,226.38
R_AnCSulgtMxt1B7j,12,362.8,30.23,12.0,35.0,145.0,16.11,10,3.1887,3.8168,276.39
R_AnaWB7jLK3Qzjih,13,289.89,22.3,14.0,2.0,178.0,17.8,9,2.8074,1.4476,688.74
R_AnuqOkh5OhACMo1,6,55.47,9.24,6.0,99.0,81.0,27.0,6,2.585,0.0,137.67
R_Ap2HcvpPLRDJv9L,31,779.19,25.14,34.0,6.0,174.0,13.38,24,4.4137,0.5461,2884.49
R_ApVmIUhdKhewFtn,40,645.59,16.14,40.0,4.0,176.0,5.87,33,4.9531,0.6953,1794.59
R_ApbhbFeWGimyrqV,10,190.31,19.03,10.0,24.0,156.0,17.33,6,2.161,0.6609,221.71
R_AstbHLgjCxZb5Bv,5,102.96,20.59,5.0,135.0,45.0,45.0,4,1.9219,0.0,255.15
R_Atyfw9lzMcutBRv,19,719.87,37.89,21.0,54.0,126.0,18.0,16,3.8924,2.2297,456.78
R_Au1yf8Xk0Bbs6dj,85,2702.83,31.8,86.0,1.0,179.0,4.26,56,5.5544,0.9289,3657.64
R_AvRRr0KV8ofOyl3,37,523.58,14.15,37.0,3.0,177.0,14.75,29,4.723,7.3412,1129.49
R_AyrDDOTLBwloO5P,10,260.44,26.04,10.0,15.0,165.0,55.0,6,2.161,8.7434,766.03
R_AzFEtKaL707ur5v,11,207.59,18.87,11.0,30.0,150.0,16.67,10,3.2776,0.8596,140.99
R_Azmfva5V5kh7ot3,9,295.82,32.87,9.0,39.0,141.0,35.25,8,2.9477,0.1587,703.73
R_AzzZ8zcq7th29Kp,20,332.32,16.62,21.0,71.0,109.0,10.9,15,3.7219,0.5356,200.97
R_BD2Y3Wa4pXBIsCd,25,380.96,15.24,25.0,7.0,173.0,43.25,22,4.3737,2.8088,376.8
R_BDkytvOwyi2XrDr,11,128.86,11.71,11.0,6.0,174.0,58.0,8,2.7322,0.9664,200.01
R_BDtkaIYYUVdtB8R,9,233.09,25.9,9.0,43.0,137.0,22.83,8,2.9477,0.6377,227.59
R_BE9381zssG9xhwR,6,105.92,17.65,6.0,50.0,130.0,26.0,5,2.2516,0.4206,14.99
R_BE9pJxDxFuncF3j,34,828.55,24.37,35.0,8.0,172.0,12.29,28,4.6284,0.0663,273.53
R_BECXLkQG2MgK3CN,11,184.65,16.79,11.0,67.0,113.0,56.5,6,2.2222,0.3508,907.3
R_BEQWMs4OT1kbHGx,39,659.54,16.91,41.0,1.0,179.0,35.8,12,2.6105,0.4015,649.4
R_BFUS5gkEHAjnNVT,12,1125.92,93.83,12.0,14.0,166.0,18.44,9,3.0221,2.9785,827.87
R_BFbU04GiA8k4ODD,3,172.87,57.62,3.0,116.0,64.0,32.0,3,1.585,0.0,13.99
R_BGsKBYUEvyTRtUR,18,272.17,15.12,20.0,12.0,168.0,15.27,16,3.9477,0.3654,318.92
R_BIZy0TcvR27RwIh,35,780.0,22.29,37.0,10.0,170.0,8.95,24,4.2402,0.5075,581.08
R_BJHiCyagarXovZL,42,639.36,15.22,45.0,8.0,172.0,28.67,13,2.1927,38.2245,663.12
R_BKdhBvMVdqcJ2zD,9,238.46,26.5,9.0,43.0,137.0,34.25,4,1.6577,0.1262,584.27
R_BLHSjhNDo0SfXd7,3,73.46,24.49,4.0,24.0,156.0,78.0,3,1.585,1.2971,86.53
R_BM0qxws7B5jcbCN,6,120.2,20.03,6.0,42.0,138.0,46.0,5,2.2516,0.6646,457.96999999999997
R_BMljzxRqX0cNwBj,3,67.76,22.59,3.0,122.0,58.0,29.0,3,1.585,0.0,0.0
R_BPpVPmbTpGsXK1z,37,1269.84,34.32,43.0,2.0,178.0,19.78,26,4.4251,0.1367,870.53
R_BQuEGlNOv2O8pUJ,1,13.8,13.8,1.0,180.0,0.0,180.0,1,-0.0,0.0,64.37
R_BRQBOvIYvOAz5w5,22,389.11,17.69,22.0,92.0,88.0,8.0,19,4.1867,0.0,466.7
R_BVayGla5xdM7JER,2,70.23,35.11,2.0,55.0,125.0,125.0,2,1.0,2.4142,74.19
R_BVssGO3SDM9uIXD,3,256.86,85.62,3.0,180.0,0.0,180.0,2,0.9183,0.0,292.9
R_BVtvQXZprxGDQBP,3,52.23,17.41,3.0,153.0,27.0,27.0,3,1.585,0.0,0.0
R_BWAjcs1sKUc6NQl,31,607.16,19.59,32.0,9.0,171.0,17.1,23,4.2571,0.7366,1405.19
R_BWXTQ8uoVbA45CV,12,189.73,15.81,12.0,18.0,162.0,32.4,10,3.2516,2.1454,173.29
R_BWbBjrNuPF35sTn,3,47.82,15.94,3.0,171.0,9.0,4.5,3,1.585,0.0,20.68
R_BWhnv4EdbhSS6rf,268,4909.6,18.32,293.0,5.0,175.0,1.65,123,6.3326,0.8968,4060.81
R_BY99IwiFiWwa8c9,126,2598.6,20.62,176.0,3.0,177.0,4.54,52,4.3867,0.5158,1993.78
R_BYr5WwayMBf66SR,21,402.25,19.15,21.0,57.0,123.0,30.75,4,0.8181,0.0333,451.51
R_BqYfDp9vJ2Y07K1,8,301.49,37.69,9.0,2.0,178.0,89.0,8,3.0,14.461,324.21
R_BulX7jjkeyUMa0p,3,31.95,10.65,3.0,62.0,118.0,59.0,2,0.9183,0.1334,0.0
R_BynSqhB4LPC3JSh,9,240.38,26.71,9.0,4.0,176.0,25.14,8,2.9477,0.9198,128.89000000000001
R_Bz9qIb3FhzjeBbz,48,894.88,18.64,55.0,12.0,168.0,4.94,24,3.5444,1.376,1247.39
R_BzVyOXYGcejjaLv,5,73.74,14.75,7.0,2.0,178.0,89.0,4,1.9219,3.2017,472.78
R_BzYBOsOAD0ICEzn,14,211.92,15.14,15.0,26.0,154.0,22.0,12,3.4677,0.8629,102.13
R_C1gEwoKxaLBh0eR,51,1414.77,27.74,51.0,6.0,174.0,19.33,34,4.8113,1.2415,817.37
R_C2cxEkvsW2SCiIx,5,102.94,20.59,5.0,69.0,111.0,27.75,4,1.9219,0.3037,376.26
R_C2iLl1q2lsr2jbH,33,620.21,18.79,35.0,30.0,150.0,7.14,21,4.2108,0.9142,446.46999999999997
R_C3LV91JA6qhi32V,7,77.44,11.06,7.0,54.0,126.0,31.5,6,2.5216,0.348,717.26
R_C3LfLBkg9TFvQnD,66,1212.15,18.37,69.0,6.0,174.0,5.27,42,5.1789,0.9113,1616.1
R_C3lnaGn73Wwa5Il,27,1050.78,38.92,29.0,109.0,71.0,14.2,19,4.0882,0.0,641.84
R_C46bB8ihQWceG9r,16,721.72,45.11,16.0,4.0,176.0,35.2,15,3.875,3.4752,188.53
R_C4iVkWMyXuWqTsd,13,207.56,15.97,13.0,2.0,178.0,59.33,7,2.4416,2.7973,144.02
R_C4wcuNpetPCSHy9,90,3044.47,33.83,110.0,3.0,177.0,5.71,38,4.3903,0.6859,1498.99
R_C7bztkUY2YELJMB,64,898.35,14.04,72.0,4.0,176.0,4.63,40,4.6212,3.2872,541.3
R_CZAtNBjMUIwIHnz,32,609.71,19.05,35.0,3.0,177.0,8.43,22,4.2889,0.3964,950.6
R_CaF1pc8CnyWJvCp,39,775.8,19.89,40.0,9.0,171.0,6.11,31,4.7852,2.274,852.92
R_CafRVMY9tv7DH7b,5,66.07,13.21,5.0,99.0,81.0,27.0,4,1.9219,0.0,5.95
R_CdkexeCTNy6chYR,10,190.72,19.07,10.0,16.0,164.0,23.43,9,3.1219,2.7411,816.24
R_CfdgFxEV46OH43L,20,601.65,30.08,21.0,2.0,178.0,16.18,15,3.7842,1.2355,803.22
R_Cgbr25P8IQSFnr3,44,684.62,15.56,44.0,21.0,159.0,15.9,17,3.5143,0.2339,388.36
R_CkuX9KLo7hAwFkB,28,736.66,26.31,33.0,11.0,169.0,9.94,13,3.3492,0.3176,4489.99
R_Clw8DVLDuASE4s9,4,551.64,137.91,4.0,171.0,9.0,9.0,3,1.5,0.0,140.9
R_Cm3VQrd9jKduks9,8,265.28,33.16,8.0,86.0,94.0,47.0,8,3.0,8.2464,75.48
R_D0Igocfec79s8eJ,7,81.1,11.59,7.0,84.0,96.0,24.0,7,2.8074,0.2175,92.83
R_D5ygbCcJ5AaZm93,5,87.45,17.49,5.0,61.0,119.0,29.75,3,1.5219,1.0901,153.72
R_D8LcojwusttCWaJ,73,1751.32,23.99,74.0,31.0,149.0,6.77,49,5.2133,0.3795,346.01
R_DA9TRokxEawYko1,27,361.42,13.39,27.0,8.0,172.0,15.64,10,2.3342,6.7342,349.92
R_DAfQp2Y7dO2oVvX,18,295.88,16.44,18.0,33.0,147.0,9.8,10,2.856,0.3509,373.26
R_DBhzVeGIG4SLSYV,10,111.07,11.11,10.0,32.0,148.0,16.44,4,1.3568,0.961,613.78
R_DDculEvWrVVI5aN,4,22.15,5.54,4.0,34.0,146.0,73.0,4,2.0,0.5833,222.59
R_DDmXqLOwLD9GD3b,12,352.31,29.36,13.0,17.0,163.0,81.5,9,3.0221,0.8605,225.52
R_DHIYV6xHDSph77H,16,390.24,24.39,18.0,24.0,156.0,14.18,11,3.25,1.1077,754.83
R_DIVJxjv1mP33pPb,381,6854.31,17.99,383.0,2.0,178.0,1.36,143,5.3583,1.5699,4974.58
R_DM3u1ro7eb4ws93,38,708.16,18.64,38.0,31.0,149.0,11.46,24,4.3264,1.0827,848.63
R_DTrD9QIw8cM6tUJ,8,106.4,13.3,8.0,56.0,124.0,62.0,6,2.5,0.1899,347.22
R_DUJzIFPGGtQVsnD,1,6.99,6.99,1.0,180.0,0.0,180.0,1,-0.0,0.0,247.46
R_DVrAcW7wNm2iJEd,4,202.27,50.57,4.0,34.0,146.0,73.0,4,2.0,5.9081,73.62
R_DbFrDTT5RISSqBP,6,148.92,24.82,8.0,53.0,127.0,31.75,5,2.2516,0.0567,884.45
R_DcxC2XyK0md6tpv,3,52.87,17.62,3.0,180.0,0.0,180.0,3,1.585,0.0,0.0
R_DiowFSPjTvqShVv,80,4671.0,58.39,138.0,49.0,131.0,8.19,50,5.3735,0.1282,454.01
R_DjKp2ygpCiFehdT,8,247.79,30.97,8.0,157.0,23.0,7.67,6,2.5,0.0,117.55
R_Djcs43mP6ReoYgN,43,523.96,12.19,45.0,3.0,177.0,6.32,27,4.2797,0.6377,1074.43
R_Djiwwc3dr6VFePD,7,92.74,13.25,7.0,88.0,92.0,30.67,6,2.5216,0.2746,79.13
R_Dk08oiknq542ECt,4,49.29,12.32,4.0,27.0,153.0,153.0,4,2.0,0.7423,48.98
R_Dkvp1Gw3u0rSLMB,5,81.95,16.39,5.0,58.0,122.0,61.0,3,1.371,3.0995,122.77000000000001
R_DlcSFSP5pIpvtdf,9,137.63,15.29,9.0,10.0,170.0,56.67,8,2.9477,0.4855,0.0
R_Do8gHEUnXT7Wxgt,18,294.66,16.37,19.0,4.0,176.0,44.0,17,4.0588,0.1543,78.87
R_DpNpJSwByhJOFrP,4,52.07,13.02,4.0,157.0,23.0,23.0,4,2.0,0.0,818.5799999999999
R_Dpf63KlGHpm0Lw5,30,409.1,13.64,30.0,1.0,179.0,9.42,16,3.4532,1.399,421.67
R_Dq4AlJx0kbdQshz,8,181.62,22.7,8.0,41.0,139.0,34.75,7,2.75,2.6324,0.0
R_DqMcG57ra3BtuVP,4,69.06,17.27,4.0,133.0,47.0,47.0,4,2.0,0.0,0.0
R_DqTqoF539jfSsLf,26,621.59,23.91,27.0,3.0,177.0,11.8,17,3.8731,0.9635,596.55
R_Dql4qyXPogVmJPj,7,171.56,24.51,7.0,7.0,173.0,57.67,7,2.8074,1.0755,293.21
R_DtJxDbbSgYHmTpn,4,70.0,17.5,4.0,6.0,174.0,58.0,1,-0.0,0.5556,21.990000000000002
R_DtPfbKjVP7QqLVD,25,1056.96,42.28,25.0,8.0,172.0,19.11,15,3.4791,0.9092,1486.52
R_DuXbWef1zRP3BWF,14,265.22,18.94,15.0,83.0,97.0,19.4,8,2.6645,0.1618,96.78
R_Dw30GgKFkKsUqT7,41,991.65,24.19,46.0,4.0,176.0,7.65,20,3.6388,3.2205,330.18
R_DwPAArNe2eqbyF3,13,286.95,22.07,13.0,113.0,67.0,67.0,7,2.6235,0.0,714.87
R_DwyIGAZ50BXpCSd,4,70.45,17.61,4.0,149.0,31.0,15.5,3,1.5,0.0,0.0
R_NUZhGCDsfchpcZ3,5,131.87,26.37,5.0,51.0,129.0,64.5,4,1.9219,1.2393,0.0
R_NWM1oHODdHb0YPD,27,1525.41,56.5,45.0,6.0,174.0,87.0,18,3.9862,0.2372,1011.41
R_NWQimk0JGmbcIGl,3,63.12,21.04,3.0,74.0,106.0,53.0,3,1.585,0.9052,29.99
R_NWRR48qozQZO8g1,6,186.93,31.16,7.0,10.0,170.0,85.0,6,2.585,2.9789,546.5
R_O0BdmeSkj1Qcdbz,2,51.96,25.98,2.0,180.0,0.0,180.0,2,1.0,0.0,0.0
R_O1j7YshNZJCDX9v,40,595.18,14.88,43.0,8.0,172.0,8.19,31,4.8031,0.9232,415.43
R_O1nG8RWb88sBQU9,33,832.28,25.22,34.0,4.0,176.0,11.0,27,4.6579,0.7776,1941.21
R_O24aqc9u4zpgNFv,49,944.9,19.28,51.0,3.0,177.0,6.81,33,4.7085,0.7217,828.73
R_O2WkbbVVqM6FHbj,13,393.59,30.28,13.0,20.0,160.0,26.67,12,3.5466,0.2976,30.0
R_O6ZX76mggPnAOfD,22,401.98,18.27,22.0,9.0,171.0,10.06,15,3.7544,3.2488,300.2
R_O70YEa9HWAo6yBP,3,25.9,8.63,3.0,180.0,0.0,180.0,2,0.9183,0.0,34.85
R_O8BTNrzIQ4jJdct,2,37.36,18.68,2.0,168.0,12.0,12.0,2,1.0,0.0,104.67
R_O8Qf4CzkJ7AbF2p,6,127.99,21.33,6.0,95.0,85.0,28.33,4,1.7925,0.0,344.79
R_O8Wb9DhS9QWdXnb,23,612.44,26.63,23.0,2.0,178.0,14.83,17,3.7623,1.1494,1441.78
R_O9FzIlCvCxllJSN,65,1920.88,29.55,68.0,5.0,175.0,5.0,49,5.3838,0.7848,1537.0
R_OCe1dRBVo1YL9Ml,4,33.32,8.33,4.0,31.0,149.0,149.0,3,1.5,0.2655,254.85999999999999
R_OGLmgayQfW8p8K5,18,288.26,16.01,19.0,14.0,166.0,12.77,14,3.6144,1.5897,259.33
R_OGN3QDO9930tfAl,17,262.34,15.43,17.0,6.0,174.0,12.43,10,3.1019,0.776,1053.91
R_OGUcDEj85m0paaR,13,296.44,22.8,13.0,45.0,135.0,19.29,9,3.0851,0.4553,289.32
R_OHC0v077pesIfbX,5,72.63,14.53,5.0,102.0,78.0,26.0,4,1.9219,0.0,0.0
R_OI6VYW0LooKLxBv,1,8.09,8.09,1.0,180.0,0.0,180.0,1,-0.0,0.0,288.69
R_OJtQZQpl9WrkqLD,1,48.97,48.97,1.0,180.0,0.0,180.0,1,-0.0,0.0,118.87
R_OJxTrXvk1zGH853,5,157.18,31.44,5.0,64.0,116.0,38.67,3,1.5219,0.1133,487.35
R_OMNSdX5mDbUEZNf,39,584.61,14.99,41.0,2.0,178.0,8.48,25,4.4387,0.9737,225.14
R_OOOuKdWYnL8wYG5,31,583.77,18.83,31.0,16.0,164.0,10.25,26,4.5671,1.5637,506.16999999999996
R_OOQi6Ec8MNCrIml,26,590.29,22.7,26.0,4.0,176.0,8.0,18,3.9172,5.2951,976.9399999999999
R_OPV6nIqHGNNWWmB,6,85.43,14.24,6.0,77.0,103.0,51.5,6,2.585,0.5131,45.17
R_OPfbKZtf2Azgit3,17,278.19,16.36,17.0,48.0,132.0,14.67,11,3.0575,0.6394,441.12
R_OQ2hOsg4SFQ9WSJ,12,234.51,19.54,12.0,7.0,173.0,19.22,5,2.0546,0.2401,0.0
R_OQeQHVDhrK9ane1,34,629.22,18.51,39.0,2.0,178.0,9.89,24,4.3709,1.3067,2747.95
R_OQeye2UKl8Th6dr,17,445.05,26.18,19.0,13.0,167.0,20.88,15,3.8522,5.569,469.68
R_Oa4DgtciNrqxfIB,5,318.42,63.68,5.0,180.0,0.0,180.0,2,0.7219,0.0,116.39999999999999
R_Oa5NCI1rguuH053,7,134.46,19.21,8.0,9.0,171.0,42.75,4,1.6645,0.6678,0.0
R_Od33rLRnqYAGCPv,17,593.77,34.93,17.0,13.0,167.0,20.88,10,2.8954,0.2921,271.34000000000003
R_OdOK4CH8YxSw3Sx,2,31.97,15.98,2.0,180.0,0.0,180.0,1,-0.0,0.0,223.98
R_OdTirYYBS6ms6nn,70,1668.87,23.84,75.0,5.0,175.0,5.47,39,4.7395,0.932,1733.46
R_Odixb15Ykmxb0Dn,22,745.63,33.89,26.0,25.0,155.0,8.16,19,4.1524,0.0303,2753.55
R_OfntYUzw43qHbuF,39,1307.37,33.52,50.0,2.0,178.0,7.74,31,4.8239,5.8675,970.26
R_Og8Cqd3iUgldHRn,19,224.67,11.82,19.0,49.0,131.0,32.75,15,3.8269,1.5618,132.73
R_Og8sDefGp0SvLl7,15,391.71,26.11,16.0,34.0,146.0,18.25,13,3.6402,0.4692,333.03
R_OiYmnNVvK5ABUK5,9,174.48,19.39,9.0,26.0,154.0,22.0,1,-0.0,1.642,925.4399999999999
R_OjlLW9R5P9Laan7,26,456.99,17.58,27.0,58.0,122.0,8.13,19,3.9941,0.1151,26.990000000000002
R_OkSi9IxX5ddzzl7,37,727.15,19.65,38.0,1.0,179.0,14.92,29,4.5068,1.0604,455.1
R_Okx3CWwKxUas8i5,52,197.45,3.8,69.0,123.0,57.0,6.33,25,4.2892,0.0,348.78
R_Ol3gFGWcmw9LarT,5,94.16,18.83,34.0,76.0,104.0,26.0,1,-0.0,2.0562,51.980000000000004
R_Olel4p5FgLnzHVf,1,118.31,118.31,1.0,180.0,0.0,180.0,1,-0.0,0.0,127.53
R_Olj6s3oDUk1tpsJ,1,174.99,174.99,1.0,180.0,0.0,180.0,1,-0.0,0.0,0.0
R_Om5DLvyVK2GS8Mh,32,861.67,26.93,32.0,9.0,171.0,11.4,28,4.75,6.189,618.52
R_OoCZrVwXnQOuoOl,32,562.29,17.57,32.0,2.0,178.0,11.87,21,4.0734,1.3366,515.75
R_OqFCNCGYAFOqwAp,20,218.28,10.91,20.0,7.0,173.0,17.3,16,3.9219,0.6719,240.48999999999998
R_Oqwn8h7JmD9kZLr,12,382.78,31.9,12.0,79.0,101.0,25.25,11,3.4183,0.3976,222.54
R_OuTqQtcr44LOrMl,1,15.96,15.96,1.0,180.0,0.0,180.0,1,-0.0,0.0,0.0
R_OwFousWyWRNjaoN,70,2005.98,28.66,73.0,3.0,177.0,4.78,48,5.2576,0.6707,926.13
R_OwY4A97Yuej2Sw9,39,1628.18,41.75,52.0,9.0,171.0,10.69,28,4.67,6.4935,0.0
R_Ox1a2sI5ubUPpzr,2,43.79,21.89,2.0,57.0,123.0,123.0,2,1.0,0.8399,41.3
R_Ox2cOKKad6zHXtT,39,846.71,21.71,44.0,9.0,171.0,9.0,23,4.2285,0.5343,158.09
R_OxNH1wcmFs7pICR,106,2392.72,22.57,111.0,1.0,179.0,4.84,44,5.0013,0.9852,2716.66
R_PARHT7W9jKxfvNf,53,2110.62,39.82,63.0,8.0,172.0,6.62,26,4.3507,0.8133,1515.57
R_PAnFG4PYe1dcmKR,12,273.12,22.76,12.0,4.0,176.0,44.0,8,2.6175,0.2634,325.01
R_PB47lifIW2D9E65,18,200.39,11.13,18.0,1.0,179.0,22.38,7,2.1405,0.0139,171.99
R_PBf0FEpFdxz7kU9,30,318.19,10.61,34.0,6.0,174.0,24.86,19,4.0151,0.2045,278.33
R_PBgcVvIiLghAouJ,2,44.95,22.48,2.0,170.0,10.0,10.0,2,1.0,0.0,0.0
R_PFXc6Hne8ygZzFL,3,15.79,5.26,3.0,147.0,33.0,16.5,3,1.585,0.0,168.79999999999998
R_PG4U9PlvxgHUJpf,1,33.99,33.99,1.0,180.0,0.0,180.0,1,-0.0,0.0,0.0
R_PGIGHBTSRs2tRMl,10,543.85,54.39,10.0,115.0,65.0,21.67,8,2.9219,0.0,26.39
R_PHakyxXHbSs3Wil,16,222.84,13.93,17.0,17.0,163.0,27.17,14,3.7028,0.2368,24.2
R_PHgbX4EoPqUsLjb,48,312.03,6.5,56.0,81.0,99.0,16.5,31,4.7304,0.1363,673.65
R_PIh2hZw71jXMbrX,5,205.2,41.04,5.0,98.0,82.0,41.0,3,1.5219,0.0,2062.92
R_PIhjSFbZrFzqmf7,30,504.74,16.82,30.0,23.0,157.0,19.62,17,3.7329,1.4407,1093.91
R_PM6lvuTLyLUTkSR,31,740.13,23.88,31.0,113.0,67.0,13.4,16,3.3554,0.0,15.370000000000001
R_PRvq5W0QfrLLHoJ,69,829.82,12.03,71.0,19.0,161.0,5.37,39,4.7322,0.4352,438.05
R_PSPzdKfQKjUwhHP,28,1149.82,41.07,31.0,3.0,177.0,12.64,22,4.3249,2.7304,4550.23
R_PSgcRvjngEuUFC9,59,1123.88,19.05,62.0,4.0,176.0,5.18,39,5.0366,0.1946,915.41
R_PTBypKcn9Vjypup,8,495.22,61.9,8.0,80.0,100.0,20.0,6,2.5,0.2788,151.87
R_PTZ3QbtCJTTGaEF,2,27.26,13.63,2.0,36.0,144.0,144.0,2,1.0,1.0512,59.9
R_PUjGHRInObkkx33,2,57.96,28.98,2.0,180.0,0.0,180.0,2,1.0,0.0,1054.56
R_PUqikUxXZPGex1L,2,27.48,13.74,2.0,119.0,61.0,61.0,2,1.0,0.0,29.99
R_PXSF6lxCnUB8Pg5,19,660.73,34.78,19.0,11.0,169.0,18.78,14,3.5766,0.4609,1173.53
R_PYAtNs62jda8LKx,4,90.44,22.61,4.0,80.0,100.0,33.33,4,2.0,3.8992,9.99
R_PYQtkvvNdK6wGyZ,12,251.42,20.95,12.0,38.0,142.0,47.33,6,2.2842,1.0481,696.1
R_PZEwI7NTXlIAdRT,12,524.7,43.73,12.0,4.0,176.0,19.56,10,3.2516,10.8016,1205.92
R_PZK5ZHQaJY6ymWd,9,116.82,12.98,9.0,100.0,80.0,26.67,6,2.4194,0.0,785.1
R_PtbP9SNDjKDfkYN,14,275.19,19.66,15.0,74.0,106.0,35.33,9,2.9502,0.3967,0.0
R_PuLRXv7pUO3cLzX,16,319.14,19.95,16.0,35.0,145.0,12.08,12,3.4056,0.6349,1384.48
R_PvqLlQVrbZYcHIJ,12,165.58,13.8,12.0,1.0,179.0,29.83,9,3.085,0.6814,71.75
R_PvwULHwARcFwOXv,69,2966.64,42.99,76.0,3.0,177.0,4.32,49,5.3914,0.6565,2444.69
R_PwlnzzccUMXV0n7,53,1135.46,21.42,56.0,1.0,179.0,6.88,37,4.9663,2.2498,3545.1
R_PzynrAQBzRiPa93,36,800.74,22.24,36.0,5.0,175.0,7.95,25,4.4477,2.6484,1084.22
R_Q0VlYv4XDFK34mR,8,372.47,46.56,11.0,77.0,103.0,34.33,5,2.1556,0.6463,92.32000000000001
R_Q0nwaT1hUVh9fgZ,1,15.4,15.4,1.0,180.0,0.0,180.0,1,-0.0,0.0,62.32
R_Q4HF1TW4ZmOoXMl,8,99.62,12.45,8.0,180.0,0.0,180.0,2,0.5436,0.0,8.44
R_Q4STulV6BKUy7Lj,5,60.43,12.09,5.0,86.0,94.0,94.0,3,1.371,1.4191,578.38
R_Q4ZjTFeyiC5kgQV,41,1032.66,25.19,43.0,6.0,174.0,6.44,28,4.4696,0.6033,3056.13
R_Q4bzbtEeez3se3v,20,169.51,8.48,22.0,28.0,152.0,12.67,12,3.3219,0.2236,199.65
R_Q5LfGia4gY1Z4QN,180,1815.48,10.09,231.0,8.0,172.0,2.53,73,5.667,1.3428,1525.66
R_Q6WPHvxgbOBjvZ7,74,1412.26,19.08,76.0,21.0,159.0,4.97,46,5.0915,1.149,1373.01
R_Q6WrmxiECmUv68N,13,312.09,24.01,13.0,161.0,19.0,6.33,9,3.027,0.0,192.08
R_Q6uIjCCdaCmL0dP,26,577.11,22.2,27.0,11.0,169.0,14.08,20,4.1808,0.466,348.39
R_Q9Qz1yZfznfUdbj,18,471.18,26.18,18.0,5.0,175.0,25.0,11,2.9671,4.1664,855.09
R_Q9pXsMC9dL6xx7j,5,63.73,12.75,5.0,86.0,94.0,94.0,3,1.5219,0.943,0.0
R_QcV7uVxb8myM0lb,39,1591.22,40.8,74.0,8.0,172.0,9.56,31,4.7313,2.5605,1341.27
R_QfvAxCxCdb6YwUh,3,31.26,10.42,3.0,88.0,92.0,92.0,3,1.585,1.8444,197.85999999999999
R_Qh8yUNA19CJDbEd,32,1806.88,56.46,40.0,16.0,164.0,10.93,23,4.3903,2.9343,432.23
R_QlCM5cyqADTpz0J,20,839.5,41.98,21.0,15.0,165.0,20.62,15,3.7219,0.4417,1086.05
R_QlwQMfafZZuwTM5,5,59.15,11.83,5.0,34.0,146.0,48.67,5,2.3219,1.1509,858.89
R_QlxjHfQFVqwOehX,2,19.98,9.99,2.0,180.0,0.0,180.0,2,1.0,0.0,0.0
R_QnbL2ixceO8TFQZ,18,523.0,29.06,19.0,7.0,173.0,24.71,12,3.3502,1.3885,623.91
R_Qol5y4tCXYb9Ihb,101,2920.58,28.92,105.0,6.0,174.0,7.57,43,4.8566,1.0883,4466.14
R_Qp7pqfzWe3Qmcrn,31,476.38,15.37,32.0,5.0,175.0,12.5,20,4.0636,0.3359,510.56
R_R38GYKD6oUDOIF3,27,428.55,15.87,27.0,1.0,179.0,16.27,18,3.9582,0.5046,738.54
R_R39HZohVkYzzCEx,32,1163.34,36.35,32.0,26.0,154.0,22.0,22,4.3042,0.585,2090.38
R_R3TxodwIFRR70s1,8,287.11,35.89,8.0,12.0,168.0,24.0,8,3.0,1.9228,1026.0
R_R49WiNv3T8fnZkZ,15,197.63,13.18,16.0,9.0,171.0,57.0,9,2.8662,0.2152,452.15999999999997
R_R4fpnxUUupS13Mt,59,1446.32,24.51,64.0,2.0,178.0,11.12,35,4.8059,0.4995,1585.67
R_R4goEYhjG8ibKsV,10,169.37,16.94,10.0,9.0,171.0,34.2,7,2.7219,2.6628,437.32
R_R4h45LADGxYIbxn,2,19.06,9.53,2.0,178.0,2.0,2.0,1,-0.0,0.0,115.86
R_R8FquFTs5uv64G5,11,256.81,23.35,16.0,47.0,133.0,33.25,10,3.2776,0.2646,252.42000000000002
R_R8sct72XDNoSEJb,23,775.04,33.7,24.0,2.0,178.0,17.8,19,4.1101,15.1838,1063.05
R_R9McGd7PrBxBNOp,262,1834.34,7.0,363.0,30.0,150.0,12.5,11,0.8358,0.9164,1749.23
R_RCVXIEUXgJrUx4R,3,32.3,10.77,3.0,130.0,50.0,50.0,2,0.9183,0.0,152.1
R_RDBZFpWVS5Kgm5P,5,343.4,68.68,6.0,118.0,62.0,31.0,5,2.3219,0.0,0.0
R_REUoU4lxX7WwQYF,5,118.76,23.75,5.0,61.0,119.0,39.67,5,2.3219,2.7299,185.59
R_RIAWjvzqC9Anz0d,25,369.07,14.76,28.0,12.0,168.0,33.6,16,3.7493,26.1375,996.25
R_RIS6I9ekQzl33Yl,56,482.82,8.62,60.0,16.0,164.0,23.43,33,4.655,0.1211,405.96
R_RIaFaa0njICIcPT,2,27.27,13.63,2.0,180.0,0.0,180.0,2,1.0,0.0,20.53
R_RIab1TrbMHv4dm9,16,606.2,37.89,16.0,4.0,176.0,29.33,14,3.75,1.046,291.26
R_RJnfiCljP85kkKt,63,1369.3,21.73,67.0,12.0,168.0,9.88,30,4.0228,0.4615,837.2
R_RK5cwWjrNzWCfLj,68,1561.28,22.96,70.0,20.0,160.0,4.71,46,5.2715,1.0656,1348.37
R_RKOvCgLEqnbraIV,2,59.99,30.0,2.0,177.0,3.0,3.0,1,-0.0,0.0,595.8100000000001
R_RLDhRWGJ2OGQan7,16,268.56,16.79,16.0,2.0,178.0,22.25,14,3.75,0.2614,394.56
R_RLkY8gV3T48ZcoF,34,746.63,21.96,40.0,18.0,162.0,7.36,21,4.0294,0.6826,171.79
R_ROHAyuym1IR7zJT,16,502.5,31.41,16.0,13.0,167.0,27.83,12,3.4528,0.3745,1161.53
R_RP0Rwpy5j0LtLDb,1,11.59,11.59,1.0,180.0,0.0,180.0,1,-0.0,0.0,15.99
R_RPruSl134deuxOh,16,548.8,34.3,17.0,4.0,176.0,14.67,12,3.4528,0.4583,655.25
R_RPsG6lwAEr4IirL,9,377.74,41.97,9.0,7.0,173.0,28.83,8,2.9477,0.2272,214.26
R_RPudbSO1mm9KZSp,17,178.4,10.49,18.0,39.0,141.0,15.67,15,3.8522,0.2355,200.77999999999997
R_RREIEbVUb6F2t2h,2,36.99,18.5,2.0,108.0,72.0,72.0,2,1.0,0.0,0.0
R_RRdfI1nTggkIRdD,30,550.89,18.36,38.0,4.0,176.0,8.8,25,4.5484,0.3935,174.57999999999998
R_RRg5d7PYVofKVR7,39,798.98,20.49,41.0,3.0,177.0,11.8,26,4.4775,1.1916,638.87
R_RUiKvns4bLPdv1v,45,913.48,20.3,46.0,8.0,172.0,8.6,34,4.9526,0.5998,1641.07
R_RUm7V3LssbCRwQh,14,465.56,33.25,15.0,68.0,112.0,37.33,12,3.5216,17.6224,17.98
R_RWDVTpd1w4ZP8lj,2,42.98,21.49,2.0,4.0,176.0,176.0,2,1.0,0.9545,92.86
R_RWEU3Avr3Ff1d5f,2,13.57,6.79,2.0,180.0,0.0,180.0,2,1.0,0.0,76.03999999999999
R_Ra9w371cJUQHkBj,6,112.13,18.69,7.0,142.0,38.0,7.6,5,2.2516,0.0,55.67
R_RaeWxaWjb7z8CLT,36,886.2,24.62,36.0,17.0,163.0,13.58,28,4.7045,0.3923,1078.6100000000001
R_RekNI4I8FXKS9lT,68,714.12,10.5,68.0,2.0,178.0,6.36,37,4.935,0.9301,804.8
R_RerDmi1QA7PsovL,2,162.54,81.27,2.0,177.0,3.0,3.0,2,1.0,0.0,0.0
R_RfThNEyjDIX9xwl,11,243.36,22.12,11.0,29.0,151.0,16.78,10,3.2776,0.3717,88.68
R_RhiUIvJQ2lPbhap,22,328.17,14.92,22.0,17.0,163.0,32.6,18,4.0615,2.2486,279.25
R_Rk6QaXPtRCxwSLT,23,519.41,22.58,24.0,4.0,176.0,16.0,16,3.8492,1.0193,903.48
R_RlSNQ6510NQghgZ,204,2020.13,9.9,299.0,29.0,151.0,7.55,81,5.7099,0.4945,1655.78
R_RlYyUhsDFvyGwX7,74,1694.84,22.9,85.0,12.0,168.0,6.22,52,5.2936,1.6756,1498.2
R_RqX2bVT7ipyS3h7,11,195.52,17.77,13.0,4.0,176.0,58.67,7,2.6635,1.8744,475.65
R_RrAzSSEpdQYcUx3,79,1713.27,21.69,101.0,1.0,179.0,4.47,46,4.804,1.0741,2294.59
R_RsM6KRZLojriHU5,15,218.47,14.56,15.0,3.0,177.0,16.09,8,2.5996,0.7422,270.75
R_Rw7CA3irllJSRH3,92,1602.17,17.41,95.0,3.0,177.0,5.9,38,4.3727,2.309,1604.92
R_RxeYwKZ5Zu9SiT7,2,26.0,13.0,2.0,171.0,9.0,9.0,1,-0.0,0.0,78.63000000000001
R_Ry8uWyojfGauVEZ,4,75.31,18.83,4.0,86.0,94.0,47.0,4,2.0,2.7674,29.939999999999998
R_Rz7BADJXe1GMWQ1,3,36.27,12.09,3.0,36.0,144.0,72.0,2,0.9183,1.337,11.79
R_SBiEJOUFyfjK5eF,48,677.08,14.11,50.0,19.0,161.0,9.47,23,3.7396,0.3172,578.53
R_SC38DnC6mtyMrDz,5,217.69,43.54,5.0,159.0,21.0,10.5,4,1.9219,0.0,37.98
R_SDA9FNV5BkNoxPj,9,154.92,17.21,9.0,157.0,23.0,23.0,7,2.7255,0.0,96.94
R_SDngZDpmHNEeIBH,34,874.37,25.72,38.0,25.0,155.0,6.74,25,4.333,1.5214,698.33
R_SDxHC9YZwYTKedz,17,204.78,12.05,17.0,11.0,169.0,15.36,16,3.9698,1.3715,344.9
R_SE2qI33L0z1rw2J,41,958.34,23.37,47.0,4.0,176.0,11.0,24,4.2779,1.111,646.37
R_SE8aSpQlEHeTRi9,1,7.99,7.99,1.0,180.0,0.0,180.0,1,-0.0,0.0,0.0
R_SE8gIJVx1g0m6T7,29,614.01,21.17,29.0,2.0,178.0,9.37,22,4.2373,2.8036,497.61
R_SGAAoUST7I3bMpr,32,1169.35,36.54,33.0,9.0,171.0,8.55,21,3.9606,2.9624,1539.3600000000001
R_SGKBwA3GI43FYlj,9,81.07,9.01,9.0,33.0,147.0,73.5,7,2.7255,0.5874,440.1
R_SH9KwMo2tRoWdJn,13,459.79,35.37,13.0,5.0,175.0,15.91,9,2.9312,1.0985,361.21
R_SIV2laobfDdRRpn,1,12.99,12.99,1.0,180.0,0.0,180.0,1,-0.0,0.0,14.98
R_SIWNWQmjel55jzP,50,905.77,18.12,50.0,15.0,165.0,6.6,32,4.6113,0.8501,534.18
R_SNUZbqGQUi0m9yh,17,742.64,43.68,17.0,46.0,134.0,16.75,15,3.8078,0.6361,508.83000000000004
R_SOyvpAQkoaXLVQd,3,116.95,38.98,3.0,180.0,0.0,180.0,3,1.585,0.0,191.19
R_SPgUY20fCYUgXtf,10,245.16,24.52,10.0,29.0,151.0,18.88,10,3.3219,0.6032,16.62
R_SSIp9k1v28goIiR,4,37.96,9.49,4.0,32.0,148.0,74.0,4,2.0,5.3372,119.08000000000001
R_STNOEWFecrQlOHn,24,723.71,30.15,24.0,34.0,146.0,16.22,12,3.2721,0.1537,493.03000000000003
R_SV0JxIoAjGBzoyJ,112,3436.09,30.68,199.0,1.0,179.0,3.58,49,4.5348,0.5715,895.97
R_SVHcBOlErkMEJjP,65,2291.77,35.26,69.0,3.0,177.0,5.36,44,5.1602,0.8029,1849.89
R_SVjRFGTZae7kgBX,3,321.39,107.13,3.0,129.0,51.0,51.0,3,1.585,0.0,31.979999999999997
R_SVmBvLv4VYHH09X,6,164.47,27.41,6.0,69.0,111.0,22.2,6,2.585,0.1152,564.12
R_SZVk7qgCCS7GBkR,66,415.73,6.3,66.0,21.0,159.0,6.12,4,0.3388,0.4959,20.78
R_SZxS1wRL7j2vEk1,4,43.87,10.97,4.0,83.0,97.0,48.5,3,1.5,0.1554,312.47
R_T0dG5GjDneWRmUx,24,417.78,17.41,25.0,3.0,177.0,17.7,21,4.335,2.1605,907.97
R_T1tQcAWNuIjTeGB,14,289.74,20.7,14.0,96.0,84.0,16.8,11,3.2359,0.0,54.86
R_T2cW0jWTLQ3jpYZ,19,614.55,32.34,20.0,13.0,167.0,18.56,11,3.2608,6.1071,396.7
R_T2e734rM54MBDON,3,119.94,39.98,3.0,14.0,166.0,166.0,3,1.585,0.7134,454.93
R_T4THXKAQCwg9ZXb,24,701.31,29.22,24.0,21.0,159.0,10.6,18,4.0535,0.6914,926.13
R_T5DC7dqaf9rgfPr,63,1462.63,23.22,65.0,5.0,175.0,6.03,46,5.3064,0.2586,611.76
R_T5bktxnjxE8B7ON,33,652.0,19.76,35.0,94.0,86.0,21.5,23,4.2455,0.0,460.34
R_T5eIGFma6kcMlgd,2,35.93,17.96,2.0,180.0,0.0,180.0,2,1.0,0.0,0.0
R_T7M3PV3PTCNrGxz,8,151.74,18.97,8.0,50.0,130.0,18.57,5,2.1556,0.2988,60.21
R_T7v2MVF1Q9nTL2N,22,498.54,22.66,22.0,3.0,177.0,11.06,18,4.0049,0.4261,725.44
R_TaWqCKHh5CNkWhb,38,858.96,22.6,38.0,3.0,177.0,6.81,34,5.0374,2.3993,1145.42
R_TaZ5ro6xrlPTVXX,4,64.27,16.07,4.0,151.0,29.0,29.0,4,2.0,0.0,513.91
R_TcSJ9ex2QSL6adP,50,1070.47,21.41,51.0,11.0,169.0,5.12,26,4.1673,0.9448,1188.84
R_TcjKmH0V8Aiprbj,6,150.69,25.12,6.0,44.0,136.0,34.0,5,2.2516,0.4957,209.14000000000001
R_TdRNPgZezqRSQr7,6,121.76,20.29,7.0,119.0,61.0,20.33,6,2.585,0.0,0.0
R_ThYIl4DOmKJ6ADv,10,180.7,18.07,10.0,36.0,144.0,18.0,6,2.161,0.5783,689.71
R_Thedjrv7zp1BGwh,6,174.85,29.14,6.0,112.0,68.0,34.0,6,2.585,0.0,33.5
R_ThgquWaLDQWLCcp,14,196.3,14.02,15.0,36.0,144.0,18.0,11,3.3249,0.3903,290.07
R_Thn6rAkosxWmMVz,16,1076.26,67.27,16.0,33.0,147.0,21.0,12,3.5,0.3615,507.24
R_Ti3cm30P8q5pSAF,5,61.87,12.37,5.0,63.0,117.0,117.0,4,1.9219,2.1106,267.76
R_TiKImT7l7MFo2id,13,352.97,27.15,13.0,9.0,171.0,21.38,13,3.7004,2.0677,223.18
R_TmUTipQ7flj3x5f,15,327.76,21.85,15.0,107.0,73.0,14.6,11,3.2402,0.0,221.18
R_TmZ0K9e559ejvl7,6,125.97,21.0,6.0,10.0,170.0,85.0,4,1.7925,6.4144,175.10999999999999
R_TnZKYgbGLyAswBH,11,301.37,27.4,11.0,26.0,154.0,19.25,6,2.3685,0.2368,264.99
R_Tnr9VpjriIG3RYt,30,249.22,8.31,30.0,2.0,178.0,8.48,23,4.3069,0.744,993.84
R_To1AwJ2KphjS9Il,1,7.0,7.0,1.0,180.0,0.0,180.0,1,-0.0,0.0,7.99
R_TpEQYREH4SCVi7L,14,432.35,30.88,14.0,1.0,179.0,14.92,14,3.8074,4.83,0.0
R_TpT2Qb24RrLIW8V,13,625.84,48.14,13.0,46.0,134.0,14.89,8,2.6535,0.3578,538.45
R_Tt4FmKD31MepnSV,2,128.56,64.28,3.0,24.0,156.0,156.0,2,1.0,0.0803,0.0
R_TtK3Qkb3c3EIeoV,36,937.54,26.04,36.0,1.0,179.0,10.53,19,3.8361,0.5116,1123.89
R_TtjiPpPxtkd5Vnz,19,495.49,26.08,19.0,5.0,175.0,15.91,10,2.8581,4.7608,623.98
R_TuQNY5iHho0sERH,14,250.21,17.87,14.0,20.0,160.0,32.0,9,3.0391,1.4177,591.14
R_TuS87GjLjJcOQRb,6,222.45,37.07,6.0,47.0,133.0,133.0,5,2.2516,0.5952,0.0
R_TuY2sx5OLfm369j,8,127.98,16.0,8.0,54.0,126.0,31.5,3,1.0613,1.0314,38.0
R_TvDc68p9cLsBbO1,4,57.29,14.32,4.0,36.0,144.0,72.0,4,2.0,0.2647,29.99
R_TwkOLlpYpSqvIUp,20,430.03,21.5,22.0,3.0,177.0,16.09,14,3.6219,0.662,399.29999999999995
R_TwqkiWpv7r8ygAV,15,447.49,29.83,16.0,13.0,167.0,18.56,14,3.7736,0.1996,450.22
R_UAaA5NePwESoCs1,42,309.88,7.38,45.0,5.0,175.0,11.67,30,4.6897,3.4427,47.77
R_UAsOi0K88YXJciJ,9,168.33,18.7,9.0,60.0,120.0,60.0,8,2.9477,0.3804,0.0
R_UDu8kaov2do91g5,5,130.12,26.02,5.0,151.0,29.0,29.0,5,2.3219,0.0,53.16
R_UDvkKEiLDLMVBOV,2,45.94,22.97,2.0,144.0,36.0,36.0,2,1.0,0.0,0.0
R_UEke64xAaOG3mTf,41,783.84,19.12,41.0,15.0,165.0,9.71,32,4.8697,0.7155,2360.62
R_UF52Dim93HpU7Id,51,1021.53,20.03,51.0,42.0,138.0,6.27,36,5.0006,1.9157,177.02
R_UFrfTy7RlXqKDOV,31,683.3,22.04,31.0,5.0,175.0,10.29,20,3.8976,1.8811,427.3
R_UGCPN0ojGys6AM1,45,958.94,21.31,63.0,2.0,178.0,6.59,24,4.2567,2.1712,1592.68
R_UGXkmUaPs73P0KB,3,39.43,13.14,3.0,9.0,171.0,171.0,2,0.9183,0.1063,15.98
R_UJy9bvJSlz6m5bP,40,978.7,24.47,41.0,8.0,172.0,8.19,28,4.5939,1.0281,1213.32
R_ULx5LxsLFAmehW1,17,436.18,25.66,17.0,98.0,82.0,11.71,10,3.0286,0.0,554.31
R_UMB3TmQ4xi2VrUJ,7,100.77,14.4,7.0,77.0,103.0,34.33,5,2.1281,0.4617,95.75
R_UPXamGKtmf4RVIZ,17,343.95,20.23,22.0,31.0,149.0,14.9,11,3.2484,1.8195,680.43
R_UQ4pyE8gimCPOhj,2,195.76,97.88,2.0,167.0,13.0,13.0,2,1.0,0.0,94.77
R_UQoYDne6ZzayUxP,5,186.41,37.28,5.0,3.0,177.0,44.25,4,1.9219,0.7757,523.02
R_URRtiKcS7CPrnwd,9,844.83,93.87,9.0,62.0,118.0,29.5,9,3.1699,0.0655,522.36
R_USJD2iFMcaC6Wjf,15,159.95,10.66,16.0,42.0,138.0,27.6,14,3.7736,0.3114,125.78999999999999
R_USaHS49dLRXDYPv,5,54.21,10.84,5.0,30.0,150.0,50.0,4,1.9219,0.9444,9.99
R_USc2JrcVi09Tvln,19,503.86,26.52,20.0,14.0,166.0,15.09,16,3.9321,3.0848,2194.45
R_UVL99rIVOk3yOFH,6,238.45,39.74,6.0,103.0,77.0,38.5,3,1.2516,0.0,0.0
R_UVM6YBvaArzpRjb,30,432.17,14.41,31.0,4.0,176.0,14.67,26,4.6151,6.9677,2643.97
R_UVyQeFE7FoVZziN,19,1011.56,53.24,21.0,76.0,104.0,8.0,14,3.6819,0.0454,708.71
R_UWP9RkoQfSxuvIZ,2,29.98,14.99,2.0,180.0,0.0,180.0,2,1.0,0.0,29.69
R_UWl7Tnh9WjcOABH,15,613.96,40.93,16.0,11.0,169.0,14.08,13,3.6402,0.545,463.57
R_UWlLZdb69GeLobf,25,330.15,13.21,25.0,22.0,158.0,19.75,17,3.8937,0.5368,416.45
R_UWoHCQ8zPRgM7hD,24,793.13,33.05,24.0,1.0,179.0,12.79,17,3.6828,1.4599,421.07
R_UYnxzc7r6Sz2xYl,5,223.34,44.67,5.0,105.0,75.0,37.5,4,1.9219,0.0,0.0
R_UZ8htLc08E86uE9,41,1328.64,32.41,43.0,1.0,179.0,6.88,26,4.2715,2.5747,1396.68
R_UaIHgvwhO8zbFkJ,3,71.97,23.99,3.0,123.0,57.0,57.0,3,1.585,0.0,16.5
R_UaUT55gxGPcEyR3,55,925.96,16.84,58.0,18.0,162.0,7.04,32,4.5628,0.6608,1590.24
R_UfNA0a43D43oMU1,7,66.73,9.53,7.0,1.0,179.0,29.83,7,2.8074,0.6002,60.519999999999996
R_Ugu6UIiT96oWHBL,8,247.26,30.91,8.0,5.0,175.0,175.0,6,2.5,0.088,937.64
R_UhbMyvmOnH4wqTD,1,21.35,21.35,1.0,180.0,0.0,180.0,1,-0.0,0.0,0.0
R_Ui78k1hRGuGWhln,43,1050.58,24.43,55.0,16.0,164.0,5.47,16,3.3422,0.6082,1288.4
R_UiGJcgWtDtZPfih,26,1037.12,39.89,26.0,26.0,154.0,9.62,22,4.3637,0.3276,1315.8899999999999
R_UiIUxvUcBZnSJLb,9,135.13,15.01,9.0,8.0,172.0,57.33,8,2.9477,0.7837,504.04
R_UihNZwbPByeeh5n,8,53.28,6.66,8.0,7.0,173.0,34.6,7,2.75,4.344,97.19000000000001
R_Uit4G2WjoT7WM6d,34,608.2,17.89,34.0,23.0,157.0,10.47,23,4.2281,0.4197,711.74
R_UlOQHrMf1EiWKQx,28,712.52,25.45,29.0,9.0,171.0,8.55,23,4.4502,0.8566,926.85
R_UmBwrqd2lGfqkp3,40,1098.69,27.47,42.0,1.0,179.0,7.46,24,4.2087,0.4732,932.87
R_UoKvleOAsSQd7Gx,4,60.46,15.11,4.0,151.0,29.0,14.5,4,2.0,0.0,174.99
R_UrQfognZjR4q5CF,13,276.09,21.24,13.0,27.0,153.0,21.86,4,1.922,0.186,513.49
R_Ustx2pCsHOtdxcJ,1,3.99,3.99,1.0,180.0,0.0,180.0,1,-0.0,0.0,0.0
R_UszZhCAHGoQoOtP,3,47.22,15.74,3.0,180.0,0.0,180.0,3,1.585,0.0,34.879999999999995
R_UxUPzvBlS75I6ul,38,992.82,26.13,41.0,11.0,169.0,6.26,27,4.5214,0.3819,1573.77
R_UxVZdLDXWoy4nO9,2,51.99,25.99,2.0,8.0,172.0,172.0,2,1.0,1.0796,692.62
R_UxpqIzxxhvziAa5,49,899.63,18.36,49.0,4.0,176.0,9.26,37,4.9054,2.5316,1743.62
R_V1EWFs6tkv2DaMN,57,2283.53,40.06,59.0,3.0,177.0,5.71,45,5.322,1.0445,2108.7200000000003
R_V1FcKCDaVRBroBj,3,105.75,35.25,3.0,6.0,174.0,87.0,2,0.9183,4.7379,27.310000000000002
R_V3SldNSpvYAFDSp,16,680.92,42.56,21.0,54.0,126.0,14.0,15,3.875,0.2877,84.94
R_V416ZQ4Q4ElD1yF,13,494.7,38.05,28.0,2.0,178.0,19.78,5,2.0759,1.9785,666.44
R_V43VJZ8PVo1w0ff,18,322.82,17.93,18.0,3.0,177.0,22.12,15,3.7947,0.5037,373.61
R_V4neEkWLuLjezW9,1,14.98,14.98,1.0,180.0,0.0,180.0,1,-0.0,0.0,614.34
R_V56BAcnStxtI0sF,16,1563.31,97.71,16.0,40.0,140.0,70.0,15,3.875,0.0097,130.47
R_VKZzr77ll29A1iN,60,928.47,15.47,60.0,4.0,176.0,7.04,32,4.5811,0.1551,1208.9
R_VL9AaDH7tfS4d8Z,5,82.1,16.42,6.0,107.0,73.0,36.5,3,1.371,0.0,101.67999999999999
R_VLmTvhwazA2Ng9X,10,222.45,22.24,14.0,7.0,173.0,21.62,5,1.771,0.6747,621.02
R_VOnKIVzg9qHTJbH,72,1275.68,17.72,73.0,19.0,161.0,6.44,31,4.5372,1.5177,2153.36
R_VOtJTY6zBQ9VeSJ,1,16.89,16.89,1.0,180.0,0.0,180.0,1,-0.0,0.0,0.0
R_VPWGdK1zBBekfAJ,23,355.19,15.44,24.0,5.0,175.0,19.44,14,3.5884,0.5306,403.09999999999997
R_VUuTFGkN2NYoiCB,14,279.87,19.99,16.0,5.0,175.0,19.44,9,2.8963,5.3506,747.96
R_VVk7njfjYpJwkRH,6,169.92,28.32,6.0,90.0,90.0,45.0,4,1.9183,0.3179,0.0
R_VW1PxIUbWYqPHGx,4,59.27,14.82,4.0,22.0,158.0,52.67,3,1.5,2.1244,0.0
R_VWudwQNRRVLmPIJ,9,280.0,31.11,9.0,62.0,118.0,23.6,8,2.9477,1.3557,400.96999999999997
R_VXC0BdnooFFzNyF,17,296.51,17.44,18.0,18.0,162.0,40.5,10,3.1751,1.5701,50.0
R_W3empn2lGXa2u3v,2,41.07,20.54,2.0,180.0,0.0,180.0,2,1.0,0.0,27.32
R_W80kzJbCa8CD9UB,29,961.64,33.16,29.0,1.0,179.0,12.79,17,3.8109,0.7689,1860.33
R_Wd4NW3fCsUmgTfz,52,1629.41,31.33,64.0,4.0,176.0,7.65,36,4.9501,1.0366,1676.63
R_WdjRiujyi439QUV,7,140.98,20.14,8.0,25.0,155.0,38.75,5,2.1281,3.858,45.97
R_WeUTXBXyijB097X,29,1785.72,61.58,40.0,23.0,157.0,11.21,24,4.5132,1.2709,1888.44
R_WerZwuLkMK4zfVf,40,721.86,18.05,43.0,2.0,178.0,9.37,31,4.8031,1.25,735.9
R_WfcQjcLLrgyyhZD,10,127.84,12.78,10.0,175.0,5.0,5.0,10,3.3219,0.0,0.0
R_Wflh7jXpugM20Dv,36,791.22,21.98,39.0,1.0,179.0,25.57,18,3.8401,0.7347,509.69
R_WiHgd4U8fkn5ZsZ,29,501.96,17.31,32.0,61.0,119.0,7.0,23,4.3197,0.1789,912.31
R_Wj4UUQUNrJKEYKJ,21,344.78,16.42,23.0,7.0,173.0,17.3,12,3.1349,2.0247,880.15
R_Wj7VKgJWJGbo1zj,28,489.88,17.5,28.0,1.0,179.0,9.94,18,3.9677,1.6218,755.29
R_WjMJipdvxGlCPxn,1,140.12,140.12,1.0,180.0,0.0,180.0,1,-0.0,0.0,0.0
R_WlmRXQCE6kRjeeJ,92,3092.13,33.61,96.0,4.0,176.0,3.52,69,5.9825,0.4739,2757.2799999999997
R_WqHyMGcSkgIXRw5,27,1047.15,38.78,27.0,20.0,160.0,10.67,23,4.4586,0.3671,1358.2
R_WqUKHIsK6AUZTW1,16,152.86,9.55,16.0,66.0,114.0,57.0,12,3.5,0.214,160.48000000000002
R_Wr3OvD5tOnb6kmZ,34,586.09,17.24,34.0,14.0,166.0,12.77,25,4.396,0.8045,1254.66
R_Wvek6KTbhuRTUxb,1,6.99,6.99,1.0,180.0,0.0,180.0,1,-0.0,0.0,79.99
R_WwInNEyYEbNjgWt,8,187.87,23.48,8.0,28.0,152.0,30.4,7,2.75,3.0806,1015.68
R_WwVKVhGu4erKLWV,6,142.39,23.73,6.0,180.0,0.0,180.0,6,2.585,0.0,0.0
R_Wx1K66mKsCdbnXz,5,112.63,22.53,5.0,148.0,32.0,32.0,4,1.9219,0.0,372.07
R_WxNO6Oe6xqGi15T,28,425.39,15.19,29.0,18.0,162.0,12.46,20,4.1106,0.892,1049.44
R_XAphEY817eORyx3,42,836.44,19.92,45.0,9.0,171.0,11.4,16,3.0727,1.2349,2080.02
R_XBTixAZnoRoMVQB,41,1446.61,35.28,41.0,32.0,148.0,4.93,28,4.0575,0.9164,538.21
R_XBcuYV8ItZHNRIZ,2,45.87,22.93,2.0,177.0,3.0,3.0,2,1.0,0.0,61.95
R_XCaSsrV88hbJ4yd,68,1184.55,17.42,70.0,16.0,164.0,9.11,48,5.3351,0.3725,125.03
R_XFB8SnqP21l7p8R,1,174.99,174.99,1.0,180.0,0.0,180.0,1,-0.0,0.0,139.0
R_XFxTMj7GDret70d,24,989.96,41.25,26.0,52.0,128.0,16.0,22,4.4183,0.2398,167.09
R_XGKozLuGXZzktCF,62,1548.1,24.97,65.0,3.0,177.0,9.83,40,5.0911,0.4444,1177.33
R_XLNqrCKqhDiXYc1,2,38.55,19.27,3.0,37.0,143.0,143.0,2,1.0,0.1832,118.37
R_XMyTz3sIsacmJRD,15,602.83,40.19,15.0,55.0,125.0,15.62,13,3.6402,0.2182,8.98
R_XNE9peoiyTnAXUl,6,201.27,33.55,6.0,16.0,164.0,41.0,4,1.7925,0.9875,499.71000000000004
R_XNiuJCcVUXlLUYx,5,62.44,12.49,5.0,17.0,163.0,81.5,5,2.3219,0.5433,458.07
R_XOnvBxkG4fwLWVz,98,2644.37,26.98,102.0,1.0,179.0,3.44,57,5.3517,1.5356,2721.14
R_XSQ0rtJL82sO48h,16,280.74,17.55,16.0,5.0,175.0,19.44,14,3.75,1.4527,676.3
R_XSVsVm3kojFdmCJ,6,224.5,37.42,8.0,111.0,69.0,34.5,6,2.585,0.0,259.91
R_XSu10jIDimUl5m1,79,1689.8,21.39,86.0,1.0,179.0,4.07,41,4.8618,0.8748,2428.44
R_XTmxVoQGo9qhbyx,12,226.8,18.9,13.0,29.0,151.0,37.75,9,3.085,0.3196,54.09
R_XUhit9pAXhD746B,33,819.24,24.83,33.0,6.0,174.0,14.5,10,2.1862,0.8599,1037.82
R_XUkFqv28ZmOyNBT,8,123.96,15.5,8.0,28.0,152.0,21.71,3,1.0613,1.5308,1224.93
R_XX2kFbi9VPxFWLf,7,157.56,22.51,7.0,39.0,141.0,35.25,3,1.4488,0.1535,185.32
R_XX4679ZDUYaKZTb,17,351.14,20.66,17.0,4.0,176.0,13.54,15,3.8078,0.5318,368.84000000000003
R_XXNgBpq2i7mSrnP,26,501.39,19.28,26.0,6.0,174.0,12.43,19,4.0851,0.3085,535.27
R_XXow2gO79y4faxj,2,28.38,14.19,2.0,180.0,0.0,180.0,2,1.0,0.0,112.97999999999999
R_XY50JC4OPpYKcmd,1,40.99,40.99,1.0,180.0,0.0,180.0,1,-0.0,0.0,0.0
R_XYTa0bvoaQqev3r,19,435.26,22.91,19.0,5.0,175.0,13.46,15,3.6369,5.0893,392.19
R_XYeZSVkzBQBQtBD,59,1223.03,20.73,70.0,3.0,177.0,4.78,32,4.5271,0.6749,1783.34
R_XYsrPCXL5N6boad,27,996.35,36.9,30.0,2.0,178.0,11.87,21,4.2825,2.4579,290.03
R_XZAx9TyW7gz9GxP,19,425.91,22.42,19.0,117.0,63.0,6.3,13,3.3866,0.0,15.18
R_Xhz81T9LodPX0KB,136,1870.17,13.75,147.0,6.0,174.0,3.62,51,4.9281,0.8003,1987.72
R_Xilms2p1sQqPq4p,9,123.02,13.67,9.0,30.0,150.0,37.5,7,2.7255,0.0885,1327.74
R_Xjn66iH08ck5oPL,29,486.57,16.78,29.0,16.0,164.0,8.63,20,4.0868,0.7322,1513.78
R_Xk42yW3pfoWC6Ih,46,638.05,13.87,46.0,2.0,178.0,5.93,36,4.9362,0.8825,1019.25
R_XmJksWdlfM3NHJ7,9,93.67,10.41,9.0,45.0,135.0,45.0,2,0.5033,4.636,0.0
R_Xn2sfdbpwAfI3wB,8,261.81,32.73,8.0,25.0,155.0,25.83,8,3.0,5.5469,138.43
R_XnUU1fZEhQ2Sa4N,7,321.81,45.97,7.0,121.0,59.0,19.67,5,2.2359,0.0,838.64
R_Xnxbf5uRDYJ5tvz,28,488.87,17.46,30.0,5.0,175.0,8.75,18,3.7928,0.3402,774.41
R_XpHv6ZEKCuud0Gt,24,561.93,23.41,24.0,4.0,176.0,11.0,13,3.1148,3.2954,286.78
R_XsIUODlniv0lMu5,15,207.09,13.81,15.0,36.0,144.0,18.0,10,3.1899,0.131,230.46
R_XsQ88Q0fyB4ya7n,17,341.25,20.07,17.0,39.0,141.0,14.1,15,3.8522,2.7525,649.41
R_Xt4H8BJ1Vx7ws8h,12,133.54,11.13,12.0,33.0,147.0,24.5,5,1.585,0.1651,657.42
R_XtYIlnjI6etRnGh,19,581.3,30.59,24.0,12.0,168.0,21.0,13,3.5369,0.6847,1073.93
R_XuCuybjxPer1OeJ,60,1356.97,22.62,65.0,2.0,178.0,4.56,33,4.6691,0.6836,1975.45
R_XvMiL2k9rLcEJsB,4,46.94,11.73,4.0,24.0,156.0,78.0,4,2.0,0.5161,0.0
R_XvQvSZcUpzRXxrr,7,127.29,18.18,7.0,5.0,175.0,35.0,7,2.8074,15.1331,151.48
R_XvTgfvCeoBbBuBH,6,45.78,7.63,6.0,10.0,170.0,56.67,5,2.2516,1.7153,0.0
R_XwiCirQyfwJzVtv,47,819.91,17.44,48.0,5.0,175.0,5.47,31,4.6523,0.4342,1312.3
R_XzINZBCVFPB7RWF,8,123.25,15.41,8.0,9.0,171.0,85.5,8,3.0,2.3944,295.95
R_Y327gjLqd4iezqV,37,1630.91,44.08,38.0,8.0,172.0,17.2,24,4.2161,0.487,988.9200000000001
R_Y3PPLmdNg6NnwZz,32,768.74,24.02,32.0,14.0,166.0,6.92,20,4.0511,0.8132,426.28000000000003
R_Y3TdYiBodZOLXlT,54,1649.59,30.55,54.0,4.0,176.0,7.65,31,4.5176,0.2361,882.11
R_Y4Y0rnYYDKTzxM5,20,585.43,29.27,20.0,3.0,177.0,19.67,17,4.0219,0.1342,314.53000000000003
R_Y4aBj5VuuQKYcq5,81,3263.4,40.29,101.0,5.0,175.0,6.48,24,3.6161,0.8765,2528.3
R_Y4jCkfTFzvtw5SF,43,770.12,17.91,47.0,10.0,170.0,11.33,28,4.2398,0.476,781.73
R_Y9umn8jRAhKJgTn,17,311.75,18.34,18.0,3.0,177.0,19.67,11,3.3372,0.7929,681.47
R_YPSS9WRS3ZVKQPn,61,1215.94,19.93,66.0,5.0,175.0,5.15,26,3.8877,0.8611,1559.96
R_YQSfqhQ1uDpXT7r,3,60.52,20.17,3.0,104.0,76.0,38.0,3,1.585,0.0,122.01
R_YS4MPsfM1Neg0RH,44,1050.73,23.88,50.0,9.0,171.0,10.06,39,5.215,2.378,992.89
R_YSl6RLgAiesofPH,44,757.8,17.22,45.0,3.0,177.0,7.38,25,4.0838,0.6607,744.4300000000001
R_YVNaznCASVojYKB,49,778.15,15.88,50.0,3.0,177.0,8.05,36,4.9562,0.2078,441.69
R_YVoT55Wyx9S4FDb,2,14.94,7.47,2.0,180.0,0.0,180.0,2,1.0,0.0,53.980000000000004
R_YWC7NpQLctWlPVf,23,981.34,42.67,23.0,7.0,173.0,14.42,9,2.4556,2.4809,799.13
R_YWxPdbahUtA72LL,3,36.86,12.29,3.0,160.0,20.0,20.0,2,0.9183,0.0,0.0
R_YY9mG1AzrXV1e3D,26,589.05,22.66,34.0,12.0,168.0,56.0,20,4.1329,3.5741,119.36
R_YYrJhkIJO9hdbAl,6,210.55,35.09,6.0,10.0,170.0,42.5,4,1.9183,2.2462,29.41
R_Ybh09t36EFaS3jb,13,316.22,24.32,19.0,103.0,77.0,19.25,12,3.5466,0.0,651.25
R_Z1xA09bofW5IQSJ,17,661.2,38.89,18.0,37.0,143.0,20.43,16,3.9698,0.9266,838.77
R_Z2Gd6jT9M6qXlzH,34,697.97,20.53,39.0,26.0,154.0,8.11,24,4.312,0.59,482.3
R_Z4qMkqhWSmIbdSh,45,1248.01,27.73,46.0,3.0,177.0,7.08,28,4.5635,1.8639,1758.8899999999999
R_Z8LQWkg9NepKDIt,8,158.94,19.87,12.0,68.0,112.0,56.0,6,2.5,1.5459,785.4399999999999
R_Z8cv50HCNZ5CvSN,20,162.69,8.13,20.0,7.0,173.0,21.62,16,3.8842,4.1779,22.48
R_ZDCVBbGxqUyBjGh,11,33.57,3.05,11.0,44.0,136.0,17.0,4,1.4911,0.3781,0.0
R_ZFhsRu6k5e3fX1v,11,571.29,51.94,12.0,54.0,126.0,21.0,9,3.0272,0.1731,92.27
R_ZI7koGyz1xd8QLv,28,856.87,30.6,30.0,4.0,176.0,10.35,20,4.0122,0.9921,190.24
R_ZIBCd5K8oQRXdm1,13,336.23,25.86,13.0,37.0,143.0,23.83,11,3.3347,2.5167,286.31
R_ZIsOywgVBw4idR7,3,34.97,11.66,3.0,175.0,5.0,5.0,3,1.585,0.0,83.4
R_ZIuaiND875SbVPr,153,962.12,6.29,172.0,6.0,174.0,8.29,58,4.9217,0.9758,229.19
R_Za6NwCg735Vw39n,27,678.9,25.14,27.0,7.0,173.0,9.11,19,4.0784,1.6406,1090.53
R_ZauRmxopn1S5Sud,9,38.53,4.28,9.0,180.0,0.0,180.0,5,2.1133,0.0,512.41
R_ZeIqsLOkeyCl5uN,35,942.34,26.92,38.0,1.0,179.0,7.46,21,4.1614,4.263,1188.37
R_ZeZNk6GoDJUatUJ,9,170.68,18.96,9.0,33.0,147.0,29.4,7,2.7255,0.1701,62.5
R_ZegAOoGxHgKdVIZ,12,199.4,16.62,13.0,28.0,152.0,38.0,11,3.4183,1.0291,38.06
R_ZeqLnp8IZFNzHMt,16,391.51,24.47,16.0,8.0,172.0,17.2,10,3.0778,0.5207,334.06
R_ZfOmPhI6XuCcRUt,5,76.46,15.29,5.0,115.0,65.0,65.0,4,1.9219,0.0,73.09
R_ZfxDd4JY8M1gR8J,12,187.26,15.61,12.0,17.0,163.0,16.3,10,3.2516,0.0623,883.77
R_Zfz88Cq8vkGJGyB,3,55.13,18.38,3.0,68.0,112.0,112.0,2,0.9183,0.2896,0.0
R_ZgZ7S6BnNfcYbHH,1,14.99,14.99,1.0,180.0,0.0,180.0,1,-0.0,0.0,136.88
R_ZjFHZnBMjWeAYdH,18,387.39,21.52,18.0,42.0,138.0,10.62,9,2.7527,1.904,869.29
R_ZkokwdIEZybYo9z,162,3084.51,19.04,167.0,2.0,178.0,2.66,76,5.619,1.0914,2573.31
R_Zkstf2bmFRQo2m5,18,412.93,22.94,18.0,5.0,175.0,14.58,16,3.9477,2.0989,783.04
R_Zl9dw9qtiaH47xn,10,173.6,17.36,10.0,15.0,165.0,41.25,8,2.8464,0.122,457.82
R_ZlBK7nDoFklNS0x,5,102.29,20.46,5.0,3.0,177.0,44.25,4,1.9219,0.9551,82.27
R_ZlS0sW6ozCjoQlH,11,349.35,31.76,11.0,30.0,150.0,15.0,6,2.2999,0.2694,533.21
R_ZluO0WXbB2tgciB,10,91.38,9.14,10.0,10.0,170.0,42.5,8,2.9219,1.4731,928.81
R_Zn1yhaZTqrBfDmp,7,165.62,23.66,7.0,77.0,103.0,34.33,7,2.8074,0.5679,1482.76
R_ZqMc2n2GUPEaXfz,13,174.16,13.4,13.0,33.0,147.0,13.36,10,3.1808,0.4382,164.87
R_Zta1XxxkHsDrVfz,4,133.62,33.41,4.0,11.0,169.0,84.5,3,1.5,2.3497,73.97
R_Zw0unpmWGOSsWEF,28,562.21,20.08,28.0,4.0,176.0,14.67,23,4.4502,1.4927,388.48
R_Zwn68Xfx8lenBER,40,2065.49,51.64,48.0,9.0,171.0,6.58,29,4.7342,0.1777,2080.43
R_ZwuXRF5zwg9UUCt,3,33.42,11.14,3.0,22.0,158.0,79.0,3,1.585,0.34,73.85000000000001
R_ZynUIMrEe9VumxH,23,433.37,18.84,24.0,4.0,176.0,14.67,18,4.056,0.972,577.17
R_ZytLOQiQXCPkNWx,23,521.66,22.68,23.0,1.0,179.0,11.19,20,4.2299,0.8244,929.59
R_ZytPZbOx6EtswkV,12,139.44,11.62,13.0,7.0,173.0,57.67,4,1.2075,1.0579,2222.41
R_Zz495Ir7AjUbSCJ,18,311.17,17.29,19.0,35.0,145.0,18.12,17,4.0588,0.5686,428.31
R_a3Q8UXAMXpamZB7,16,269.51,16.84,16.0,47.0,133.0,33.25,11,3.2806,0.8524,292.57
R_a3tDhXWQm43rsUF,11,230.81,20.98,11.0,12.0,168.0,33.6,10,3.2776,0.1026,875.88
R_a60NWVgys86xns5,8,469.8,58.73,9.0,57.0,123.0,30.75,7,2.75,0.1561,116.86
R_a63UuDzyNOdlI2J,39,597.04,15.31,46.0,6.0,174.0,34.8,29,4.7339,0.2244,143.23
R_aUWXNis4IbqlqDf,6,55.83,9.3,6.0,39.0,141.0,47.0,3,1.2516,9.3966,68.02
R_aVJqrvifyzC8qKR,5,207.57,41.51,5.0,40.0,140.0,70.0,4,1.9219,0.0668,0.0
R_aVKYvNNMeqIDPsB,7,148.49,21.21,7.0,19.0,161.0,32.2,6,2.5216,2.3376,373.96999999999997
R_aVslz4Q8yi9S6Cl,1,119.95,119.95,1.0,180.0,0.0,180.0,1,-0.0,0.0,367.03
R_aWxv9Pcd9PO2U4V,8,215.91,26.99,8.0,1.0,179.0,35.8,8,3.0,4.4045,367.63
R_aXKdpMinM7xCmrv,2,58.78,29.39,2.0,33.0,147.0,147.0,2,1.0,0.1758,1014.03
R_aXyCrbVYxzFwuzv,11,219.57,19.96,11.0,13.0,167.0,27.83,11,3.4594,2.1026,60.22
R_aYp7TYN8pNsU6lP,3,215.88,71.96,3.0,109.0,71.0,71.0,3,1.585,0.0,0.0
R_aaEBB25rxCxY7lv,7,90.42,12.92,7.0,107.0,73.0,24.33,5,2.2359,0.0,405.7
R_ab0QXkkUTrlg2KB,11,399.72,36.34,11.0,17.0,163.0,40.75,11,3.4594,1.185,496.68
R_abKuATLfANudhTj,93,1452.96,15.62,96.0,4.0,176.0,3.67,51,5.1624,1.0061,2115.14
R_abf7RJn5xPCVb1v,73,2276.11,31.18,77.0,4.0,176.0,7.33,51,5.3853,0.716,2465.72
R_abnab1EzH51Bkf7,30,763.07,25.44,30.0,10.0,170.0,14.17,22,4.1866,0.364,671.35
R_afU6KRn89n5n9i9,63,1966.99,31.22,74.0,7.0,173.0,6.18,32,4.6537,5.0625,1734.74
R_afpraFNVxBHgh7X,4,70.19,17.55,4.0,4.0,176.0,88.0,3,1.5,0.7865,63.0
R_afsmqQnUctcdeY9,26,628.61,24.18,29.0,36.0,144.0,8.47,19,4.056,0.6865,605.19
R_ag6T2MYYTL2eE1j,147,3078.31,20.94,156.0,2.0,178.0,4.81,72,5.6914,0.5788,2777.86
R_b14mPI2m0e5yH9D,25,499.74,19.99,25.0,12.0,168.0,11.2,17,3.7795,0.0724,183.98
R_b1xAy0S4LKUsnLz,3,47.97,15.99,3.0,5.0,175.0,175.0,3,1.585,0.6006,119.15
R_b2EQBRt18YPHWbn,31,626.2,20.2,31.0,19.0,161.0,9.47,20,4.0392,0.1576,513.99
R_b2GkGBSnh7BW6RP,11,154.04,14.0,11.0,47.0,133.0,16.62,9,3.0272,0.1924,226.41
R_b3NWnTBcFyWqXjH,31,975.67,31.47,34.0,5.0,175.0,8.75,21,4.0622,1.8263,926.13
R_b3dSUlk76L0C6TD,99,2041.66,20.62,120.0,5.0,175.0,4.07,47,5.0081,1.0895,3156.23
R_b7z8AzmkKy3gNAl,28,1051.72,37.56,34.0,6.0,174.0,10.88,17,3.6195,2.5933,1218.74
R_b8UnkZJoU93ZxEB,273,6744.7,24.71,287.0,2.0,178.0,2.12,105,5.7309,0.4833,3481.63
R_b8v7OwKdVZBCvrX,28,418.1,14.93,28.0,30.0,150.0,18.75,18,3.9408,0.7238,292.94
R_b94CAnrDM9JIx4R,17,192.6,11.33,17.0,2.0,178.0,29.67,11,3.1692,10.0499,1000.57
R_bBIcZn0ySKqKq0F,3,145.07,48.36,3.0,121.0,59.0,29.5,3,1.585,0.0,258.16
R_bBf97e7ARwoovoR,8,127.87,15.98,8.0,21.0,159.0,22.71,3,1.0613,0.8132,26.39
R_bBg8ASGfEpux3hv,16,179.61,11.23,16.0,4.0,176.0,17.6,10,3.1556,0.6159,391.83
R_bBgIkZfU6RwGLWF,33,904.57,27.41,33.0,5.0,175.0,7.95,26,4.4532,1.7853,1061.39
R_bBmkGvilicOmYzD,1,9.99,9.99,1.0,180.0,0.0,180.0,1,-0.0,0.0,0.0
R_bBq5KArp9QA6oo1,13,380.64,29.28,13.0,1.0,179.0,22.38,8,2.7774,0.2017,234.52
R_bDEl7Y9wLiPfSTv,1,7.33,7.33,1.0,180.0,0.0,180.0,1,-0.0,0.0,476.33
R_bE1vvb6qxbnnhUl,1,29.99,29.99,1.0,180.0,0.0,180.0,1,-0.0,0.0,0.0
R_bEM9MySQ9bTLMc1,9,429.42,47.71,9.0,45.0,135.0,16.88,8,2.9477,1.4832,678.6800000000001
R_bHPddsX5H49vNL3,13,138.05,10.62,14.0,23.0,157.0,39.25,5,1.823,0.7128,142.08
R_bIXnQr8Fm57EAGR,27,291.1,10.78,27.0,32.0,148.0,24.67,16,3.476,0.6481,237.67
R_bJI8lmXMZWL6oql,139,2145.72,15.44,143.0,9.0,171.0,3.0,67,5.5943,1.4694,3273.21
R_bJbNhR1I5NnLKb7,39,629.97,16.15,39.0,22.0,158.0,7.52,21,3.7721,1.8837,1374.35
R_bK5PUvc46zAxoQN,22,345.15,15.69,23.0,5.0,175.0,15.91,17,3.914,0.1525,805.72
R_bKJcIltPwncL9uN,45,548.35,12.19,46.0,20.0,160.0,20.0,35,5.0139,0.1423,1575.82
R_bKkzeRcxJTprXkB,1,174.99,174.99,1.0,180.0,0.0,180.0,1,-0.0,0.0,30.270000000000003
R_bKt9Z4amoZXnAaJ,10,237.9,23.79,13.0,31.0,149.0,21.29,9,3.1219,2.4403,550.27
R_bNLECaaqFJyVsNX,13,100.17,7.71,14.0,9.0,171.0,42.75,10,3.1808,2.0774,393.16
R_bNlGrSwYPEMjfWh,36,749.16,20.81,39.0,17.0,163.0,7.76,22,4.1416,0.5656,607.34
R_bNnd3UmePmOGvWF,40,655.48,16.39,42.0,1.0,179.0,9.94,29,4.6128,0.3115,337.46
R_bObh6xg5bURfzwt,29,187.09,6.45,36.0,47.0,133.0,44.33,23,4.4182,0.2275,147.87
R_bOsm0ntz3dHtHXz,8,407.53,50.94,8.0,3.0,177.0,59.0,7,2.75,10.647,394.0
R_bPXVVzzUFNDkEc9,6,50.42,8.4,6.0,146.0,34.0,34.0,6,2.585,0.0,14.99
R_bPptIhTNoGD8H1D,6,226.36,37.73,6.0,1.0,179.0,89.5,5,2.2516,3.52,354.09000000000003
R_bPzwAFdlVaA87Vn,62,1432.08,23.1,67.0,19.0,161.0,7.67,34,4.4427,0.2152,1052.78
R_ba73EoTEt4UBcWJ,5,105.8,21.16,6.0,168.0,12.0,12.0,4,1.9219,0.0,0.0
R_babH9jrfPOAMoi5,25,1514.8,60.59,25.0,44.0,136.0,11.33,10,2.6417,2.5072,2800.42
R_bdUj1u3aVonqb61,35,689.35,19.7,35.0,30.0,150.0,16.67,22,4.2046,1.5194,862.94
R_bdsqSI9qvaD0FEZ,3,23.47,7.82,3.0,121.0,59.0,29.5,3,1.585,0.0,0.0
R_bdw1ARGSVErDIWd,8,166.47,20.81,8.0,14.0,166.0,33.2,7,2.75,1.5785,719.54
R_beFwerGcbqawgBH,18,266.75,14.82,20.0,35.0,145.0,20.71,7,2.2097,0.3149,364.84000000000003
R_bf37vgAtSoPc5rj,40,425.11,10.63,41.0,3.0,177.0,6.81,25,4.2806,1.2291,1358.03
R_bkAu6XeIT0wOxs5,41,1119.87,27.31,42.0,19.0,161.0,26.83,31,4.8026,2.8004,2702.2
R_bkHRi9YgD6jBOMh,8,297.76,37.22,9.0,2.0,178.0,29.67,7,2.75,4.1524,297.17
R_bkquoGQp5VhpihP,53,1498.17,28.27,56.0,3.0,177.0,7.08,40,5.1049,0.5937,3510.84
R_blmQEhOrCwpqG4x,32,941.63,29.43,36.0,11.0,169.0,14.08,22,4.3278,0.9768,452.49
R_bm9tqlI0FEOQFFL,10,174.29,17.43,10.0,11.0,169.0,84.5,8,2.8464,5.6119,34.99
R_bqJTh7OR8fc8Vah,7,94.11,13.44,7.0,8.0,172.0,34.4,4,1.6645,2.1391,257.01
R_bqJcUVIGITLsNeF,5,57.53,11.51,5.0,70.0,110.0,36.67,4,1.9219,0.4021,0.0
R_br5a8OxAqrKRxQd,26,293.7,11.3,27.0,2.0,178.0,17.8,21,4.3158,0.4053,320.41
R_brZ54fPuiQjRWRX,6,159.59,26.6,6.0,41.0,139.0,139.0,6,2.585,0.1598,222.51
R_brpW12H2OkHT1iF,14,242.51,17.32,15.0,34.0,146.0,18.25,9,2.8352,0.408,234.88
R_bsaSvkeG5k4XMzv,1,21.15,21.15,1.0,180.0,0.0,180.0,1,-0.0,0.0,27.93
R_bvB6935ZyXpoL5v,24,1256.11,52.34,84.0,5.0,175.0,15.91,14,3.3495,2.8012,435.11
R_bvaM7i1LSTXVLMt,3,46.18,15.39,3.0,150.0,30.0,30.0,3,1.585,0.0,180.35999999999999
R_bvclHP5uOzCHgFH,18,868.44,48.25,18.0,13.0,167.0,12.85,4,0.9142,2.3409,250.0
R_bw0aiMNPkLYwG1X,21,368.94,17.57,23.0,6.0,174.0,29.0,15,3.649,2.5799,187.19
R_bw2nQ0iRh2wCa8p,31,855.37,27.59,31.0,4.0,176.0,10.35,22,4.2847,0.9093,1274.92
R_cAMloFKJSOzCpm9,64,1961.43,30.65,72.0,8.0,172.0,8.19,45,5.2105,1.1493,1684.69
R_cAcAtozIWnZIbGp,121,2362.65,19.53,128.0,5.0,175.0,3.65,69,5.4105,0.5343,1963.11
R_cBHNm1kpSiUUDGV,49,1606.39,32.78,49.0,34.0,146.0,5.62,28,4.1378,0.8384,379.78999999999996
R_cBcMo7c8BGeWv85,6,107.5,17.92,6.0,102.0,78.0,39.0,6,2.585,0.0,0.0
R_cCGfYUO37TTNHiN,1,25.0,25.0,1.0,180.0,0.0,180.0,1,-0.0,0.0,14.99
R_cCM0aRqFsOZWpIR,6,109.44,18.24,6.0,5.0,175.0,58.33,5,2.2516,0.8237,161.89
R_cCucjmijTJETC6d,100,2233.44,22.33,102.0,3.0,177.0,4.92,57,5.3076,1.117,3339.25
R_cD8Z9sFkKWQbxfP,35,687.25,19.64,36.0,42.0,138.0,23.0,20,4.0087,0.3107,287.47
R_cFGXaASTEfVOcMh,7,287.41,41.06,7.0,140.0,40.0,20.0,7,2.8074,0.0,0.0
R_cGwQbPAEzHdce1X,239,1531.64,6.41,240.0,1.0,179.0,6.88,49,4.1643,0.8103,1720.85
R_cHesjuc4lBb9xcd,18,327.56,18.2,18.0,33.0,147.0,21.0,17,4.0588,1.899,2477.86
R_cIudxwAvVxJzhkd,3,194.89,64.96,3.0,23.0,157.0,78.5,2,0.9183,0.4992,43.7
R_cJcZj3WyXgVXH5D,14,562.32,40.17,17.0,1.0,179.0,19.89,13,3.6645,0.6758,198.08999999999997
R_cLPTz6661LtyaWJ,17,265.0,15.59,17.0,83.0,97.0,12.12,16,3.9698,0.4323,103.67999999999999
R_cMxn243TpGjgbWp,113,2294.62,20.31,116.0,1.0,179.0,4.37,46,4.9446,1.413,3264.48
R_cNrjVWvNLUa6lep,42,927.97,22.09,42.0,7.0,173.0,6.18,31,4.8209,3.3035,1150.21
R_cOaIgEou3Y2RLcB,21,517.53,24.64,21.0,11.0,169.0,16.9,14,3.5945,3.4026,194.26
R_cOwWaFVwxP73UXv,2,349.98,174.99,2.0,103.0,77.0,77.0,2,1.0,0.0,48.43
R_cRXd8L1JLLMWpzj,21,264.71,12.61,21.0,75.0,105.0,8.75,14,3.5945,0.6379,97.85
R_cSYS6Hd74hMsYFz,6,157.23,26.2,6.0,16.0,164.0,54.67,2,0.65,0.0328,71.56
R_cSfEupPDljGLbUZ,11,191.08,17.37,11.0,45.0,135.0,16.88,10,3.2776,0.6971,401.02
R_cShLepO1fPFrHSF,2,62.67,31.34,2.0,84.0,96.0,96.0,2,1.0,3.9424,0.0
R_cTsYdhlipvqvNQt,20,217.14,10.86,22.0,45.0,135.0,11.25,15,3.7842,0.4853,296.43
R_cVbq9lQkBclFudr,3,55.93,18.64,3.0,20.0,160.0,160.0,3,1.585,2.2997,29.479999999999997
R_cYYWxKOcONijB4d,28,820.18,29.29,31.0,2.0,178.0,8.9,19,3.9502,1.1905,861.34
R_cYncRVzlYD4BOsV,1,26.99,26.99,1.0,180.0,0.0,180.0,1,-0.0,0.0,29.99
R_cZ53Ayfo9vbj7EZ,104,3083.16,29.65,135.0,1.0,179.0,3.31,60,5.4726,1.6838,3392.9900000000002
R_cZ5YGfieX9T6Ap3,1,76.87,76.87,1.0,180.0,0.0,180.0,1,-0.0,0.0,13.99
R_ctNHcxd3vRvndXH,43,911.86,21.21,44.0,2.0,178.0,8.48,23,4.19,2.0367,725.58
R_cucdDIXhmDRBfZT,71,2690.8,37.9,90.0,6.0,174.0,4.46,38,4.4836,0.7105,3658.37
R_cx0iZtX2yCRLnmV,6,126.9,21.15,6.0,22.0,158.0,52.67,6,2.585,0.5674,32.99
R_czHyAR1xMvT2FbP,11,305.52,27.77,12.0,36.0,144.0,24.0,8,2.914,1.4434,481.84999999999997
R_d5O7dqvA1EWCrPb,42,778.93,18.55,42.0,6.0,174.0,5.61,24,4.2704,0.5181,1109.8600000000001
R_d6g64DLPzqmstvb,6,92.83,15.47,6.0,73.0,107.0,26.75,4,1.7925,0.0439,485.69
R_d9Uxvmk8nrY8YYF,10,321.59,32.16,10.0,162.0,18.0,9.0,7,2.7219,0.0,591.73
R_dbSABCSEfLdFkfD,4,77.94,19.48,4.0,168.0,12.0,6.0,4,2.0,0.0,0.0
R_dhbVD5HuTHco9Jn,47,1322.69,28.14,49.0,11.0,169.0,13.0,34,4.8842,1.5229,846.21
R_dmOnzV702vMmeXf,2,153.98,76.99,2.0,27.0,153.0,153.0,2,1.0,16.1279,66.56
R_dnb5fN79bJTa6Up,15,166.72,11.11,16.0,49.0,131.0,32.75,10,3.1069,0.5881,282.74
R_do4VI0ULWmDNmgx,1,14.39,14.39,1.0,180.0,0.0,180.0,1,-0.0,0.0,189.14000000000001
R_e2Uc5XhuPCxIPND,22,599.5,27.25,23.0,39.0,141.0,11.75,14,3.5726,0.0696,335.37
R_e2qhNg35rxB1Pyh,2,50.94,25.47,2.0,93.0,87.0,87.0,2,1.0,0.0,59.99
R_e387De1jF0gN2OB,62,735.2,11.86,63.0,8.0,172.0,5.38,38,4.7643,0.7241,1166.72
R_e3TEXVg63aHzUHv,5,104.18,20.84,5.0,1.0,179.0,89.5,3,1.371,0.7962,154.76
R_e5L3oLr6WJ2KniV,67,1874.6,27.98,69.0,1.0,179.0,8.95,37,4.6397,0.6601,877.52
R_e5ns6UcJiCdftyV,3,56.73,18.91,3.0,116.0,64.0,64.0,3,1.585,0.0,37.89
R_e5wjT12SRFbn7Gx,24,743.14,30.96,24.0,26.0,154.0,10.27,20,4.2516,3.3339,1157.59
R_e8KTElZZLWryLWp,122,2052.57,16.82,126.0,2.0,178.0,3.49,82,6.0389,0.815,3060.83
R_e8LdNnD8Up25mSZ,2,67.98,33.99,2.0,90.0,90.0,90.0,2,1.0,0.2591,0.0
R_e8QiCYlt9QZgAKZ,7,217.85,31.12,7.0,82.0,98.0,24.5,6,2.5216,0.3197,852.67
R_e9R9UbMC95GBlp7,6,58.1,9.68,7.0,67.0,113.0,22.6,5,2.2516,0.1906,27.380000000000003
R_eINXJtKQApvNwIh,27,502.79,18.62,27.0,12.0,168.0,8.4,15,3.1694,1.6078,162.45999999999998
R_eJOowyeZRgy7nTH,2,16.98,8.49,2.0,180.0,0.0,180.0,2,1.0,0.0,0.0
R_eKDVFF8elQR7S7v,7,150.34,21.48,7.0,31.0,149.0,24.83,7,2.8074,3.6258,297.06
R_eKaCJneWXtESodb,8,207.23,25.9,8.0,2.0,178.0,29.67,6,2.4056,2.3806,145.54
R_eKc2gy2WRQmRj7b,12,478.23,39.85,12.0,2.0,178.0,25.43,11,3.4183,14.532,73.39999999999999
R_eKixM1seVDdrhN7,17,343.55,20.21,18.0,154.0,26.0,5.2,12,3.2869,0.0,0.0
R_eOMCliqYqUD4oOR,68,1505.43,22.14,68.0,4.0,176.0,6.07,48,5.3555,0.4105,1385.87
R_ePZgjttlwJ4W7p7,22,271.0,12.32,25.0,13.0,167.0,27.83,14,3.6069,1.0194,115.44999999999999
R_eQBX3imYMyyeDD3,4,67.33,16.83,4.0,54.0,126.0,63.0,3,1.5,5.7397,228.76000000000002
R_eRQiqJle8plejqF,15,397.76,26.52,20.0,46.0,134.0,67.0,10,3.1899,1.8842,116.41000000000001
R_eULFiYnrl7dZMkx,52,746.07,14.35,52.0,2.0,178.0,7.12,10,2.2281,1.3942,658.1
R_eVzCaj6FUPlCaWd,6,224.9,37.48,7.0,68.0,112.0,56.0,5,2.2516,1.1034,294.56
R_ebblotCCh8G6Ddf,26,761.88,29.3,33.0,30.0,150.0,8.33,20,4.1808,0.7134,701.03
R_eg0ycbZcHEfhBAd,19,397.85,20.94,19.0,5.0,175.0,13.46,13,3.5766,1.9587,766.84
R_eg7qhb52HQp17zz,61,333.74,5.47,66.0,9.0,171.0,24.43,23,4.138,1.424,486.81
R_egkpr19CU4Xy9C9,15,794.16,52.94,19.0,6.0,174.0,19.33,11,3.3232,1.3026,505.57
R_ekvp23KJMuNQtMZ,21,250.67,11.94,22.0,28.0,152.0,10.13,11,3.0756,0.9186,260.54
R_elI733GpRi0df0J,17,519.11,30.54,19.0,11.0,169.0,21.12,12,3.1751,5.1165,399.79
R_emksH6nlvPWgMA9,3,17.07,5.69,3.0,59.0,121.0,60.5,2,0.9183,0.3548,137.97
R_enB3VWCbxNqMOwV,65,1983.86,30.52,91.0,6.0,174.0,4.97,38,4.9644,1.7606,1364.01
R_eqDS7aMRkpql6Br,5,85.83,17.17,5.0,10.0,170.0,42.5,5,2.3219,2.9049,527.38
R_eqHpZiBWKCJATtL,2,47.29,23.64,2.0,180.0,0.0,180.0,2,1.0,0.0,0.0
R_eqVPFWs6xsOSTeh,16,892.28,55.77,16.0,25.0,155.0,12.92,15,3.875,0.8811,2559.53
R_esn1Sxhd32mrsTT,4,178.17,44.54,4.0,21.0,159.0,79.5,4,2.0,0.18,113.64000000000001
R_esxdPAM8ijyQQp3,27,439.04,16.26,27.0,11.0,169.0,16.9,22,4.2508,1.0312,320.43
R_etgq3mVPgoz8CyZ,15,269.54,17.97,15.0,9.0,171.0,17.1,11,3.3232,2.2955,960.36
R_eth9yMZrzStQnTz,8,70.7,8.84,8.0,155.0,25.0,25.0,5,2.0,0.0,219.45
R_ewYITD6s7d1M8Qp,10,126.12,12.61,10.0,14.0,166.0,23.71,7,2.5219,0.7143,147.04
R_exJNsZZCWDFLoCR,19,440.8,23.2,19.0,7.0,173.0,14.42,15,3.7474,0.3543,134.88
R_exOdJ7Ei3TWwP4Z,1,8.5,8.5,2.0,180.0,0.0,180.0,1,-0.0,0.0,0.0
R_exnLc1H6oypi9vr,9,125.8,13.98,9.0,9.0,171.0,34.2,8,2.9477,0.6116,740.99
R_exrOcCHhCSlzTG1,36,1360.9,37.8,36.0,12.0,168.0,11.2,30,4.8366,3.6015,871.83
R_eyPaNpEViezNJZv,3,67.65,22.55,3.0,172.0,8.0,4.0,3,1.585,0.0,26.64
R_eyQl26Pq4cq0Xmx,148,3423.5,23.13,175.0,1.0,179.0,4.26,44,4.1211,6.1749,5723.6
R_ezZICFk4bkpMoQV,37,968.21,26.17,38.0,12.0,168.0,8.4,21,3.7561,0.6792,1078.51
R_oXXMCzlv3CXrCiR,1,7.49,7.49,1.0,180.0,0.0,180.0,1,-0.0,0.0,0.0
R_oYyo92iP0fBVAfD,26,381.07,14.66,26.0,44.0,136.0,8.0,15,3.5476,3.479,1905.72
R_oZuGgEN8EvLjcZj,16,641.2,40.08,16.0,1.0,179.0,35.8,13,3.625,0.9445,230.21
R_p5j1hNZ9iQsHJ3H,14,263.11,18.79,15.0,86.0,94.0,15.67,9,2.9852,0.0822,340.13
R_p9LWfvz97wD5ijn,4,402.7,100.68,4.0,50.0,130.0,43.33,4,2.0,0.7685,141.44
R_pDvN5mXVu1pmtSV,11,149.35,13.58,11.0,21.0,159.0,26.5,8,2.914,1.9296,186.09
R_pFqYdytA0jrgmOZ,5,70.96,14.19,5.0,12.0,168.0,84.0,5,2.3219,1.4477,0.0
R_pGDKh38nCQ4KsMx,17,499.11,29.36,18.0,59.0,121.0,15.12,13,3.5725,0.539,433.51
R_pGHKffvC4zrBtAJ,10,204.14,20.41,11.0,160.0,20.0,4.0,7,2.6464,0.0,126.05000000000001
R_pGUKBraASPz0xb3,68,1258.96,18.51,72.0,6.0,174.0,6.0,44,5.1004,0.5306,1038.41
R_pH4ZvVad3UKYN21,21,730.25,34.77,21.0,1.0,179.0,17.9,18,4.1066,0.0893,0.0
R_pKvFMcaRlsNAQ6d,11,179.61,16.33,11.0,39.0,141.0,28.2,10,3.2776,1.3639,653.5699999999999
R_pLf43RXMb10hDUZ,9,316.47,35.16,9.0,12.0,168.0,33.6,7,2.6416,11.5883,634.98
R_pLg97YEPEKoHdCN,3,2.88,0.96,3.0,180.0,0.0,180.0,1,-0.0,0.0,11.99
R_pLhmQWI5uIPk95n,5,220.86,44.17,5.0,45.0,135.0,135.0,4,1.9219,0.3069,752.11
R_pM2zj7XA5ai0mgF,4,79.65,19.91,4.0,33.0,147.0,147.0,4,2.0,8.3596,757.28
R_pMnqpu31myYoxy1,62,1023.44,16.51,65.0,2.0,178.0,11.12,42,5.0911,0.5784,1867.53
R_pQ5WCpdXnjkypcB,15,468.02,31.2,15.0,3.0,177.0,22.12,11,3.1329,2.7992,0.0
R_pQ5e1JfjUv0WAxz,16,213.17,13.32,16.0,26.0,154.0,17.11,13,3.5778,0.8551,514.28
R_pRWnSKTREPIwpSF,70,1103.43,15.76,73.0,12.0,168.0,4.94,43,5.1293,0.8755,2418.52
R_pSqKYKXibjE1auZ,1,109.95,109.95,1.0,180.0,0.0,180.0,1,-0.0,0.0,39.32
R_pc0Q3tj9XIJGlwJ,2,19.22,9.61,2.0,20.0,160.0,160.0,2,1.0,0.9434,0.0
R_pcLKzqCXX1JsGUV,39,988.06,25.33,48.0,8.0,172.0,11.47,19,3.6717,4.5005,1008.17
R_phoOTxhiHcWo7lL,17,260.86,15.34,17.0,20.0,160.0,16.0,11,3.1463,0.8555,90.08
R_pi3pJtwL9OBHz21,3,145.32,48.44,3.0,138.0,42.0,42.0,3,1.585,0.0,78.27
R_plnyqyltsGtao9P,32,1043.88,32.62,33.0,9.0,171.0,7.43,25,4.4764,0.9169,861.98
R_plp4APP7ieUnHfH,11,198.91,18.08,11.0,9.0,171.0,24.43,8,2.8454,0.5352,908.0600000000001
R_plp7Atc3v80dkdP,6,149.23,24.87,7.0,65.0,115.0,38.33,5,2.2516,0.4957,258.47
R_pmG3rFtBsPNFHc5,10,506.06,50.61,10.0,23.0,157.0,26.17,8,2.9219,1.17,1558.74
R_poAMNEGUrLMuPQJ,76,661.79,8.71,95.0,5.0,175.0,7.61,27,3.7243,1.6678,1892.98
R_prQTemxJzwhBapz,10,198.3,19.83,12.0,9.0,171.0,28.5,7,2.6464,1.205,223.84
R_pshekUBx7f5kZTH,3,32.3,10.77,3.0,180.0,0.0,180.0,3,1.585,0.0,0.0
R_pt4H0TOHq5NIXap,4,125.42,31.36,4.0,19.0,161.0,161.0,4,2.0,11.5546,33.42
R_ptIjtL7ul8DEU4V,4,107.45,26.86,4.0,77.0,103.0,51.5,2,1.0,0.1051,690.4200000000001
R_ptrkceh01j7A2pX,12,312.81,26.07,14.0,13.0,167.0,27.83,9,3.0221,1.7952,16.99
R_pu8AnyDEBbLBUoF,22,493.39,22.43,24.0,23.0,157.0,11.21,7,1.8548,1.9919,246.31
R_puS9dcuNnDHSZ8Z,67,1751.69,26.14,74.0,1.0,179.0,6.88,43,5.0278,2.0893,907.45
R_pxy1aQ4R5kzYGdz,4,28.95,7.24,4.0,180.0,0.0,180.0,3,1.5,0.0,0.0
R_pxyOtqcy55m6hih,35,730.06,20.86,40.0,17.0,163.0,8.15,22,3.9433,0.6893,1126.94
R_pzMCRYrC0qiSwIF,54,1058.8,19.61,57.0,3.0,177.0,7.08,35,4.8536,0.5594,647.37
R_pzT5qBrU6gVULTz,72,1904.2,26.45,84.0,6.0,174.0,9.67,43,5.0532,0.9992,1918.81
R_pzamSNe0bMqAYhP,34,567.13,16.68,34.0,3.0,177.0,17.7,17,3.635,8.285,2775.04
R_pzuVnS8IxMq6uhX,73,934.56,12.8,73.0,17.0,163.0,8.58,32,4.5987,3.1907,0.0
R_qC2MsIEGH8zcEKJ,32,727.57,22.74,33.0,33.0,147.0,9.8,16,3.5747,1.2137,5602.11
R_qDgNxS4B7sCvF2V,6,34.75,5.79,6.0,8.0,172.0,86.0,4,1.7925,8.7067,264.12
R_qE3fPAGt0j3s93P,141,2478.12,17.58,147.0,1.0,179.0,2.59,69,5.4232,1.8279,4115.47
R_qEdJpjPlNZ49mFz,8,159.79,19.97,8.0,16.0,164.0,23.43,7,2.75,1.9063,709.75
R_qElbHZQ0UdIH4DT,5,53.3,10.66,5.0,22.0,158.0,158.0,4,1.9219,0.9263,0.0
R_qI2JElIT0DuYQ0h,8,157.44,19.68,8.0,105.0,75.0,12.5,8,3.0,0.0,0.0
R_qIPpNc91VzN4uIh,1,18.99,18.99,1.0,180.0,0.0,180.0,1,-0.0,0.0,26.439999999999998
R_qIW9qR6SR6Mboch,53,1059.48,19.99,53.0,5.0,175.0,5.47,21,3.6262,0.94,992.22
R_qIwuFobtAI9rW3D,19,473.92,24.94,20.0,3.0,177.0,16.09,9,3.0106,2.3611,1069.56
R_qLwbCgz580doM4V,167,3260.03,19.52,190.0,4.0,176.0,3.09,90,6.0762,0.8173,7590.36
R_qPjy2muw6qEj8dj,9,305.7,33.97,9.0,30.0,150.0,25.0,9,3.1699,2.265,39.39
R_qQvcrZuPmmWzmXn,9,156.14,17.35,9.0,112.0,68.0,17.0,8,2.9477,0.0,898.3199999999999
R_qR5SJt8EUhif77H,6,96.48,16.08,6.0,180.0,0.0,180.0,4,1.7925,0.0,196.99
R_qWtvZqcqKDFEeul,13,167.12,12.86,13.0,16.0,164.0,27.33,11,3.3347,1.094,22.97
R_qXB7FDC38PqHgIN,1,35.85,35.85,1.0,180.0,0.0,180.0,1,-0.0,0.0,0.0
R_qXDaCjFmNq4ukZr,17,442.37,26.02,17.0,134.0,46.0,11.5,15,3.8522,0.0,0.0
R_qXGZCLAtwPxVcAN,16,364.2,22.76,16.0,11.0,169.0,16.9,11,3.3278,0.5313,420.85
R_qXgxQiVknz2MJfH,1,37.95,37.95,1.0,180.0,0.0,180.0,1,-0.0,0.0,19.8
R_qxTrp3qz2YCQAnv,21,446.77,21.27,21.0,19.0,161.0,11.5,13,3.5352,0.1758,312.65
R_qxYfYpT6Mf2FhKx,41,882.53,21.53,41.0,4.0,176.0,8.38,31,4.7633,1.2633,940.86
R_qxvTDbUnkvlzstP,62,1183.49,19.09,62.0,6.0,174.0,3.95,5,1.5153,0.384,1246.18
R_qzuA5lK6SGDFQWZ,5,147.31,29.46,5.0,174.0,6.0,3.0,3,1.371,0.0,0.0
R_r09FKPIrjzYQ8KZ,7,90.35,12.91,7.0,16.0,164.0,41.0,6,2.5216,3.7906,305.03
R_r1oTDkv1OlGnNuN,58,1700.15,29.31,60.0,2.0,178.0,4.34,40,5.0519,2.3868,1007.73
R_r1qqClBL89aFjXP,43,1596.88,37.14,45.0,11.0,169.0,8.05,30,4.592,2.4315,276.33
R_r2OSYq6uAQy1D5n,5,83.95,16.79,5.0,135.0,45.0,45.0,1,-0.0,0.0,242.66000000000003
R_r3IM83Ecq7eY7QJ,103,3550.64,34.47,116.0,4.0,176.0,4.19,56,5.3923,1.1073,4269.9800000000005
R_r6YrGyIF2JjFuYV,25,1681.06,67.24,25.0,29.0,151.0,25.17,20,4.1835,5.0961,0.0
R_r7JseW5aEDhPozf,2,32.98,16.49,2.0,180.0,0.0,180.0,2,1.0,0.0,14.96
R_r8bknLPESgdVNG9,11,375.16,34.11,11.0,7.0,173.0,28.83,8,2.914,5.2673,556.86
R_r8bySj6DKRtE5Lr,18,321.89,17.88,19.0,1.0,179.0,16.27,15,3.8366,3.2226,206.08999999999997
R_rcId0AtM417vPGN,51,1132.2,22.2,51.0,2.0,178.0,11.87,39,5.1311,3.5135,1080.49
R_rdwe8WeV8XZm5G1,13,386.82,29.76,14.0,20.0,160.0,22.86,12,3.5466,0.542,761.29
R_reG3llJtTwO6ccV,22,390.09,17.73,26.0,6.0,174.0,21.75,15,3.5681,0.748,369.15000000000003
R_rebkhfXLvZ2nHQR,15,166.23,11.08,15.0,17.0,163.0,40.75,9,2.7396,0.8594,235.29000000000002
R_riQY5HjVoMrpJGV,3,44.44,14.81,3.0,35.0,145.0,145.0,3,1.585,1.2231,77.57
R_rj17Eozj9PIBqlb,12,296.4,24.7,12.0,77.0,103.0,11.44,9,2.9183,0.3369,301.78000000000003
R_rkzUaKttDvAbNmx,133,871.25,6.55,169.0,6.0,174.0,9.67,34,4.3852,1.1448,1314.04
R_rlHGmaf05gJCiKR,1,18.39,18.39,1.0,180.0,0.0,180.0,1,-0.0,0.0,13.78
R_rlhJHhoZKaGni6t,21,491.51,23.41,21.0,13.0,167.0,11.13,17,3.9754,0.1969,1106.87
R_rpRwL6RsvWNdFUB,7,104.84,14.98,7.0,17.0,163.0,54.33,4,1.8424,14.7417,105.57
R_rqK6K6zDsynoZHP,40,1003.43,25.09,42.0,6.0,174.0,6.44,23,4.1128,1.2192,1493.42
R_rqYLYukRihPwUmZ,11,280.3,25.48,11.0,15.0,165.0,18.33,6,2.0495,0.9153,106.24
R_rqgyZQDq7N60i9b,1,39.99,39.99,1.0,180.0,0.0,180.0,1,-0.0,0.0,382.07
R_rrUXqPVNdXo3jPj,15,388.02,25.87,15.0,1.0,179.0,25.57,12,3.4566,3.0974,235.76
R_rrtchX36usn87xT,15,637.07,42.47,15.0,38.0,142.0,23.67,11,3.3232,0.3079,451.45000000000005
R_s4I8huB9BOcWI5H,23,424.31,18.45,24.0,9.0,171.0,13.15,19,4.1757,0.8883,534.76
R_s5P0Odz2rAfEu0p,11,133.9,12.17,12.0,95.0,85.0,42.5,9,3.0958,0.0,36.97
R_s5cDQlDMEVbEmsh,4,216.5,54.13,4.0,21.0,159.0,79.5,4,2.0,26.0964,164.23000000000002
R_s6BUJFPzFF8fk2d,47,628.34,13.37,49.0,5.0,175.0,8.33,32,4.7306,1.5807,819.98
R_s6TN3nbqPTLInzX,11,221.06,20.1,11.0,20.0,160.0,26.67,9,3.0958,0.4664,679.81
R_sBuvqgoSbJ1GdXz,11,180.39,16.4,11.0,49.0,131.0,18.71,6,2.2222,0.5041,0.0
R_sCongk0nWsTbiM1,24,511.41,21.31,24.0,19.0,161.0,12.38,9,1.9183,0.7514,572.04
R_sF1pGMNxEpYFxO9,10,159.88,15.99,10.0,54.0,126.0,42.0,6,2.3219,1.1042,125.83
R_sFNlPttlD6Fp09b,35,783.16,22.38,35.0,12.0,168.0,8.84,25,4.5007,1.1078,337.33
R_sGPMme1ysKoSCfT,2,61.95,30.98,2.0,24.0,156.0,156.0,2,1.0,0.239,56.99
R_sGohXmtT8TjLibT,126,4012.11,31.84,137.0,5.0,175.0,3.07,55,5.1692,2.8147,2824.62
R_sGsB8wYLpu9i8ut,3,30.0,10.0,3.0,102.0,78.0,39.0,1,-0.0,0.0,20.0
R_sH8W9PyBq2swyLn,27,604.68,22.4,27.0,2.0,178.0,12.71,21,4.2364,0.6223,842.42
R_sL3ziBSWCD3aQ93,9,446.97,49.66,9.0,31.0,149.0,21.29,9,3.1699,0.9636,403.44
R_sLn4GQizfjyzwWd,7,182.91,26.13,7.0,34.0,146.0,29.2,6,2.5216,0.7093,0.0
R_sM3qX7I1tHzvU09,25,626.76,25.07,25.0,13.0,167.0,15.18,23,4.4537,1.3215,1020.99
R_sR3rxwOMAacl5n3,11,823.96,74.91,11.0,2.0,178.0,25.43,9,3.0958,1.6829,1371.8
R_sRSLCxzK04aJvhL,32,654.62,20.46,34.0,11.0,169.0,8.45,21,4.1761,0.6529,672.74
R_sSTfOHWCEeJs5Kp,2,24.98,12.49,2.0,180.0,0.0,180.0,2,1.0,0.0,199.47
R_sUzscjsDHiEXWF3,31,589.03,19.0,31.0,19.0,161.0,53.67,22,4.3005,0.0261,293.24
R_sXuXLTWQhg4zY0F,2,49.96,24.98,2.0,180.0,0.0,180.0,2,1.0,0.0,553.41
R_sYZmFJSmzmxm3JL,104,2165.63,20.82,114.0,1.0,179.0,4.26,72,5.8828,1.3744,1277.76
R_sbcBNnBmc9HYZwt,6,202.45,33.74,12.0,110.0,70.0,35.0,6,2.585,0.0,478.74
R_sc036gZZsxtSCGZ,12,99.55,8.3,12.0,23.0,157.0,52.33,4,1.2075,2.7609,207.93
R_sdIRxPXvGFnfQAx,20,519.56,25.98,20.0,2.0,178.0,22.25,15,3.7464,0.6544,513.12
R_sdlUXaxL4FnomFH,2,50.0,25.0,2.0,79.0,101.0,101.0,1,-0.0,1.0,32.48
R_se7YIEjf2KXT6WB,2,42.1,21.05,2.0,180.0,0.0,180.0,1,-0.0,0.0,254.44
R_sgGXSaPIJ9kWpDr,8,221.68,27.71,10.0,96.0,84.0,42.0,5,2.1556,0.0,70.03
R_shvqnG0WLnaaPHr,12,187.46,15.62,17.0,28.0,152.0,38.0,8,2.8554,3.3454,70.64
R_siAwKG9roOXSpEJ,11,589.44,53.59,20.0,8.0,172.0,34.4,9,3.0958,0.4118,664.19
R_sjIYvrwrEythGKJ,2,37.74,18.87,2.0,180.0,0.0,180.0,2,1.0,0.0,166.25
R_sjLYTzhjMi0DAkh,20,683.96,34.2,20.0,6.0,174.0,43.5,16,3.7414,28.2791,444.27
R_sjbgjhzDO2r1Wlr,17,259.35,15.26,17.0,10.0,170.0,21.25,13,3.5725,0.4035,474.07
R_smUxLAwLx5eXaWB,3,304.98,101.66,4.0,104.0,76.0,76.0,3,1.585,0.0,0.0
R_snaR9M3EsTpcPi9,71,1403.83,19.77,71.0,1.0,179.0,4.71,38,4.6621,1.3135,2683.69
R_so1lMsX2pFxGtK9,9,205.27,22.81,9.0,1.0,179.0,35.8,3,0.9864,1.603,156.87
R_so3PCsu7KC30Da9,4,102.93,25.73,4.0,113.0,67.0,33.5,3,1.5,0.0,0.0
R_sotmrGe7Rv3U10J,16,547.89,34.24,16.0,6.0,174.0,14.5,15,3.875,0.3988,785.84
R_spBuGIpg61jMNzP,7,155.77,22.25,7.0,98.0,82.0,16.4,6,2.5216,0.0,0.0
R_spdPnrtroCyeECZ,4,69.36,17.34,4.0,63.0,117.0,58.5,4,2.0,0.6971,109.94999999999999
R_spdTY0Zb03DpytH,33,473.7,14.35,34.0,11.0,169.0,12.07,27,4.6202,6.1523,309.83
R_sqjjAsz7GATggo1,38,789.75,20.78,42.0,11.0,169.0,10.56,19,3.9119,3.4662,696.09
R_ssRisffxqnoI09j,7,75.24,10.75,7.0,29.0,151.0,37.75,7,2.8074,0.2654,155.67
R_stlZoEq2uXlPW37,12,257.57,21.46,12.0,12.0,168.0,24.0,10,3.1887,1.3501,195.56
R_swbepfu7wHYhLTr,69,1488.47,21.57,92.0,7.0,173.0,4.44,54,5.5995,2.3943,1632.72
R_swereIi3z4ijB2F,8,101.8,12.72,8.0,22.0,158.0,79.0,7,2.75,1.574,133.97
R_swfIN0JgX72IbMl,38,578.54,15.22,39.0,26.0,154.0,6.7,17,3.5323,0.6831,460.59999999999997
R_syY4aSom3f7M3Yt,13,288.02,22.16,14.0,126.0,54.0,54.0,13,3.7004,0.0,43.98
R_sz0Zeq2JqJJNsyJ,93,1681.49,18.08,93.0,6.0,174.0,2.85,60,5.556,1.523,1187.95
R_szoWgaLxKI7lXu9,18,539.37,29.96,20.0,4.0,176.0,22.0,12,3.4613,1.1221,608.17
R_t0ccZ3CXpzqgSpr,27,1071.45,39.68,33.0,10.0,170.0,7.73,11,2.9221,0.5141,1814.31
R_tDGTxzG74gg2N9v,2,9.95,4.97,2.0,131.0,49.0,49.0,2,1.0,0.0,0.0
R_tDI0MmPcVp5b2Xn,186,5150.01,27.69,232.0,1.0,179.0,3.2,109,6.3106,0.6903,1034.06
R_tE5w1f3a4CUcQyl,15,814.51,54.3,22.0,1.0,179.0,12.79,15,3.9069,0.961,2597.6
R_tF2fNzRaWUW0CAh,24,526.0,21.92,24.0,2.0,178.0,11.12,21,4.335,0.4447,263.8
R_tFf2GViNMUolxaV,25,591.65,23.67,29.0,19.0,161.0,12.38,19,4.1035,0.9967,518.06
R_tJNLenUlMH5f4el,64,1172.53,18.32,69.0,5.0,175.0,6.73,35,4.7514,1.7153,2055.21
R_tJzzlJf8xn5RqFz,15,181.18,12.08,15.0,14.0,166.0,41.5,8,2.5559,0.8471,328.98
R_tKEkP09U6w9QszD,32,517.18,16.16,32.0,9.0,171.0,9.5,21,4.2028,1.096,820.37
R_tKYTMJJW2ldeoIV,8,158.17,19.77,10.0,108.0,72.0,18.0,8,3.0,0.0,1145.3400000000001
R_tL3i4BXXVrcJe6t,19,501.74,26.41,21.0,3.0,177.0,14.75,15,3.7871,0.9623,328.19
R_tMnifPkDrLGlDzj,2,159.36,79.68,2.0,109.0,71.0,71.0,2,1.0,0.0,931.14
R_tMsVLA8C6RuTmlb,21,313.74,14.94,21.0,5.0,175.0,14.58,11,3.0962,0.7688,245.78
R_tPBONZU30Yotued,8,240.13,30.02,9.0,38.0,142.0,28.4,6,2.4056,1.4234,902.39
R_tPNYncDSPM7QneN,29,613.98,21.17,31.0,6.0,174.0,14.5,19,3.7545,3.4924,175.41
R_tPQs1KqvZ8UQCKB,40,985.81,24.65,47.0,3.0,177.0,10.41,24,4.2118,1.21,2438.98
R_tQAoWQ7nHZfCcgh,2,25.49,12.74,2.0,180.0,0.0,180.0,2,1.0,0.0,296.15999999999997
R_tR7F4DbwZExTCSZ,27,446.06,16.52,27.0,19.0,161.0,16.1,15,3.5003,0.0469,1412.0
R_tSTu20YCb20zL5D,21,482.01,22.95,23.0,3.0,177.0,29.5,10,3.023,1.3277,3914.21
R_tSxa3IptvDML4PL,10,199.46,19.95,11.0,8.0,172.0,28.67,6,2.4464,0.7281,620.76
R_tVBwSUerMFXisLL,2,27.08,13.54,2.0,45.0,135.0,135.0,2,1.0,1.7107,49.7
R_tXHOaasrDjYwLO9,14,403.76,28.84,17.0,14.0,166.0,20.75,10,3.182,2.1341,766.38
R_tXTuhZjAGOOBYul,133,4013.24,30.17,133.0,7.0,173.0,2.88,11,1.9344,0.9918,4191.28
R_tY9q5vSaULImPzb,21,809.83,38.56,21.0,3.0,177.0,11.8,17,3.8395,0.5596,434.22
R_tYfYAJyuYm47Rux,12,566.47,47.21,12.0,14.0,166.0,41.5,10,3.2516,10.7257,231.15
R_u1RsKcroEBxUiTT,2,27.43,13.71,2.0,180.0,0.0,180.0,1,-0.0,0.0,528.63
R_u1ysPZNQGE5GnDP,9,114.65,12.74,9.0,15.0,165.0,82.5,6,2.281,1.0121,434.22
R_u23zHQzOrh5zjyx,12,333.28,27.77,12.0,19.0,161.0,80.5,6,1.9473,0.9008,134.84
R_u2EdYogSnJBrpex,99,2042.36,20.63,120.0,2.0,178.0,6.14,48,5.0726,1.3275,5153.59
R_u30UX0BsfJQjOsF,11,142.84,12.99,11.0,113.0,67.0,67.0,10,3.2776,0.0,0.0
R_u34cGX2xWc7wpln,19,568.75,29.93,20.0,120.0,60.0,15.0,17,4.0374,0.0,375.61
R_u3TWbOVQ8LPktP3,1,20.0,20.0,1.0,180.0,0.0,180.0,1,-0.0,0.0,105.05
R_u94bdSj5JBe7WZb,12,313.96,26.16,14.0,25.0,155.0,17.22,10,3.1887,0.2265,365.4
R_u95uDSrx2MZD13H,29,1926.04,66.42,31.0,6.0,174.0,14.5,22,4.1852,5.2337,429.1
R_u99XwBV1boyooXT,45,1048.7,23.3,46.0,1.0,179.0,6.88,23,3.7803,1.65,1276.17
R_u9UwZawss4cVQlz,1,39.95,39.95,1.0,180.0,0.0,180.0,1,-0.0,0.0,31.4
R_u9qeol6zlUcq13j,39,910.84,23.35,44.0,4.0,176.0,8.38,25,4.4043,0.8895,1025.94
R_uacaCFAWF1Ls0SZ,4,61.98,15.5,4.0,21.0,159.0,53.0,3,1.5,4.9654,19.97
R_uftMVHfljMqB8M9,35,733.38,20.95,35.0,39.0,141.0,11.75,18,3.723,0.9673,350.78
R_ugElk3AIRMymFhf,8,109.69,13.71,8.0,13.0,167.0,41.75,6,2.5,0.402,1052.52
R_ujIuWv84wBHBgqd,6,212.71,35.45,6.0,13.0,167.0,55.67,4,1.7925,1.846,496.74
R_ukwc16oqCZ5ZgZP,84,1034.03,12.31,99.0,26.0,154.0,7.33,30,4.306,1.2967,1745.11
R_umkBztpJiFIRkxX,19,250.95,13.21,19.0,11.0,169.0,14.08,10,3.0708,2.8757,70.24000000000001
R_umqcgydTy2DwcBH,127,6216.1,48.95,157.0,3.0,177.0,4.54,67,5.4365,1.6647,6161.29
R_upQla15Wb4pg1pv,11,156.42,14.22,11.0,16.0,164.0,32.8,4,1.2776,1.6675,537.04
R_uqbcSq7y153jKmZ,49,1126.18,22.98,50.0,1.0,179.0,8.52,27,4.1124,1.3281,1128.84
R_uvHmOm6E3h7nyHT,16,312.11,19.51,17.0,63.0,117.0,23.4,8,2.5306,0.697,382.0
R_uwVFb8VFUUGbCBH,38,630.16,16.58,41.0,10.0,170.0,10.62,25,4.4489,0.8357,1032.76
R_uymVOAblJS5zdNT,18,234.36,13.02,20.0,18.0,162.0,40.5,16,3.9477,6.3283,0.0
R_uzdxxpucUQeAvUR,4,29.1,7.28,4.0,122.0,58.0,29.0,4,2.0,0.0,45.75
R_vAGftqzqNDEXWLL,14,176.82,12.63,14.0,6.0,174.0,14.5,7,2.3599,3.077,488.36
R_vAkydPXVzk0r3mV,34,440.34,12.95,38.0,5.0,175.0,10.29,16,3.3043,0.6019,451.31
R_vBkhPDT0skiOO2J,12,511.97,42.66,12.0,49.0,131.0,21.83,9,3.0221,1.2459,420.86
R_vCykMx1wpGTjjTb,17,298.78,17.58,20.0,18.0,162.0,23.14,14,3.7345,0.3906,905.47
R_vD0774kjU7BArKx,1,19.99,19.99,1.0,180.0,0.0,180.0,1,-0.0,0.0,70.0
R_vD2O13NgdnWBXMt,24,423.84,17.66,25.0,1.0,179.0,16.27,18,4.0016,1.0077,527.12
R_vGepqaXT4rSfuRH,15,307.24,20.48,15.0,43.0,137.0,68.5,13,3.6402,0.2945,535.03
R_vIAsy23dmSRObGF,125,1612.23,12.9,127.0,1.0,179.0,2.84,72,5.7288,1.4443,2001.8799999999999
R_vJEhaFmjrt0tGxz,24,410.87,17.12,24.0,13.0,167.0,10.44,4,0.7417,2.8783,270.74
R_vJpU3YZYcHGM6Yx,24,523.2,21.8,24.0,1.0,179.0,11.19,18,4.0016,41.4331,202.6
R_vMijnnNdSbSLScV,108,1469.69,13.61,118.0,2.0,178.0,4.81,44,4.8684,0.508,746.5699999999999
R_vMtYQrockCOY7g5,9,179.6,19.96,9.0,31.0,149.0,29.8,5,2.0588,0.8169,96.38
R_vN1PwZtsffsjXLH,25,909.18,36.37,27.0,28.0,152.0,16.89,22,4.3737,0.0055,0.0
R_vNUg1BUX4xLMPER,12,212.01,17.67,12.0,15.0,165.0,41.25,10,3.2516,2.4928,415.24
R_vNX89NhXvOOFm1j,2,33.49,16.75,2.0,111.0,69.0,69.0,2,1.0,0.0,92.91
R_vP6Eg9Qx0U5fX0Z,59,1028.8,17.44,61.0,2.0,178.0,4.56,45,5.3085,1.6941,1958.85
R_vPQ66r0vYki20XD,4,129.91,32.48,5.0,6.0,174.0,58.0,3,1.5,0.9113,759.75
R_vT4EJ41QSlGF1u1,13,490.74,37.75,14.0,45.0,135.0,15.0,13,3.7004,0.4435,720.07
R_vT4bqUWT5O7RLLr,12,262.56,21.88,12.0,154.0,26.0,8.67,10,3.2516,0.0,0.0
R_vTTLEW7G1tGREu5,6,97.99,16.33,6.0,180.0,0.0,180.0,6,2.585,0.0,558.34
R_vTgJcqkP3auCuGJ,37,750.29,20.28,39.0,3.0,177.0,7.38,26,4.3684,1.1111,1117.18
R_vTs8n6fZBRT6mw9,3,38.42,12.81,4.0,25.0,155.0,77.5,2,0.9183,2.6766,0.0
R_vV9c87xuLM7zcC5,12,228.44,19.04,12.0,16.0,164.0,23.43,7,2.4508,0.8512,573.02
R_vVVUPy624m5ZRx7,7,140.07,20.01,7.0,80.0,100.0,16.67,6,2.5216,4.3687,1030.7
R_vYTQHtfQG6Bz3XP,3,31.17,10.39,3.0,180.0,0.0,180.0,1,-0.0,0.0,4.65
R_vYtQIbKQv9vFKuZ,68,1676.92,24.66,77.0,6.0,174.0,5.8,43,5.0644,0.8208,1509.74
R_vYx1N4Yte3FORJD,25,723.3,28.93,26.0,5.0,175.0,14.58,22,4.4039,0.4938,1242.0
R_vZhlFDyqHjpESgp,9,264.03,29.34,9.0,93.0,87.0,14.5,7,2.6416,0.0,0.0
R_vcpSXAZbWGNwQ3D,4,97.31,24.33,4.0,23.0,157.0,157.0,4,2.0,0.3733,899.16
R_vcsfXNFhlnqxtYd,43,891.15,20.72,44.0,7.0,173.0,9.11,25,4.0109,0.6365,415.32
R_vdGOGGSniZMGt8d,11,139.76,12.71,12.0,40.0,140.0,28.0,9,3.0958,0.9038,496.47
R_veQ0oUB5f0igVnH,1,174.99,174.99,1.0,180.0,0.0,180.0,1,-0.0,0.0,83.18
R_vek9FZGpmXonMhX,6,143.93,23.99,6.0,25.0,155.0,31.0,4,1.7925,0.9833,83.94999999999999
R_vibbKYNRocMGJ0t,17,186.09,10.95,17.0,9.0,171.0,28.5,14,3.6901,0.5916,178.43
R_vjKz4d7IAwZfE6l,12,492.09,41.01,12.0,3.0,177.0,35.4,9,3.0221,4.3193,659.5
R_vkmM4fQbTCfxgAx,2,5.37,2.69,2.0,180.0,0.0,180.0,1,-0.0,0.0,0.0
R_vlCK9D7qYWNJe7L,3,55.76,18.59,3.0,87.0,93.0,93.0,3,1.585,0.3607,64.50999999999999
R_vlwZ9sX7CSCQlpv,1,18.0,18.0,1.0,180.0,0.0,180.0,1,-0.0,0.0,0.0
R_voSNwyVcZWdCTJv,79,1570.98,19.89,80.0,63.0,117.0,2.72,47,5.0024,0.2779,343.72
R_vp2vdEEPd9r8Orv,15,519.18,34.61,16.0,10.0,170.0,15.45,10,2.9996,1.0156,311.57
R_vpEJgs5pF1ovw7D,41,559.73,13.65,41.0,4.0,176.0,14.67,9,2.5134,0.6525,1036.36
R_vpk0yzFgO6qbsFr,66,1236.33,18.73,66.0,1.0,179.0,7.78,42,4.9802,0.9608,2337.46
R_vpklYegn5eDT5jr,2,27.98,13.99,2.0,15.0,165.0,165.0,2,1.0,1.154,437.62
R_vqQnG8QXfWSmAy5,3,69.07,23.02,3.0,173.0,7.0,7.0,2,0.9183,0.0,79.12
R_vqUjznemK9GPhfP,10,430.9,43.09,10.0,27.0,153.0,19.12,6,2.3219,2.7808,50.0
R_vqcm4DmND1qVNQJ,4,87.94,21.98,4.0,8.0,172.0,86.0,3,1.5,1.0461,0.0
R_vryccTLqI8iuA37,2,98.83,49.42,2.0,180.0,0.0,180.0,1,-0.0,0.0,15.9
R_vugDbLAgPwVaKZ3,9,198.25,22.03,9.0,27.0,153.0,51.0,7,2.7255,0.8664,165.87
R_vvIX8JUF41yjnGh,19,297.36,15.65,19.0,71.0,109.0,10.9,13,3.5766,0.2733,0.0
R_vvng7mF40Igdk0p,101,2133.0,21.12,103.0,4.0,176.0,2.48,78,6.1173,1.7306,2709.27
R_vwD1DxHBT4mOwuJ,46,2287.19,49.72,52.0,3.0,177.0,12.64,28,4.6048,1.9239,4746.54
R_w0gJ7oIWBd6rcd3,4,33.17,8.29,4.0,180.0,0.0,180.0,4,2.0,0.0,110.21
R_w0skLYeP3OxeQFz,4,306.93,76.73,4.0,1.0,179.0,59.67,4,2.0,0.158,115.09
R_w1ydOqmOrL7x8Wd,10,191.52,19.15,10.0,36.0,144.0,28.8,9,3.1219,0.5298,71.91
R_w4X9FQneeSrzuE1,1,5.99,5.99,1.0,180.0,0.0,180.0,1,-0.0,0.0,0.0
R_w5JAqptOytTan4J,31,399.84,12.9,32.0,3.0,177.0,9.32,22,4.1267,0.569,1603.09
R_w5Z8BUS7nlDmvM5,21,659.48,31.4,21.0,22.0,158.0,15.8,14,3.5538,0.0668,1842.55
R_w5bE96azoKnM6Ih,60,1079.88,18.0,62.0,2.0,178.0,7.42,37,4.9822,0.7421,861.67
R_w5bnN5q7E0EOMKJ,12,392.58,32.71,13.0,22.0,158.0,31.6,8,2.7925,1.8964,782.27
R_w6Lpc0z99KLvXYl,2,79.95,39.98,3.0,180.0,0.0,180.0,2,1.0,0.0,28.48
R_w6semdZ97uwOTzX,30,336.01,11.2,31.0,11.0,169.0,15.36,21,3.9484,0.7528,72.39
R_w7ZJEH4lKMTodUd,14,477.08,34.08,15.0,19.0,161.0,16.1,12,3.5216,1.1181,145.15
R_w7a7YDkfvtMXJ8l,79,1205.06,15.25,86.0,3.0,177.0,6.32,51,5.2667,0.5757,1053.36
R_wMrbwfaugXFwJDH,22,655.44,29.79,22.0,37.0,143.0,14.3,14,3.4772,0.6157,3.72
R_wNMlQ8RiLlFPYTD,3,22.42,7.47,3.0,131.0,49.0,49.0,2,0.9183,0.0,56.42
R_wS3Itz1N3BypGVj,5,184.0,36.8,7.0,69.0,111.0,37.0,5,2.3219,0.9993,93.39
R_wSlm7tZUBe1VTAB,4,89.98,22.49,4.0,15.0,165.0,55.0,4,2.0,1.4994,204.73999999999998
R_wSqXsw7wRGVQRfr,55,1957.74,35.6,64.0,8.0,172.0,6.62,39,4.9948,7.9693,718.6800000000001
R_wT45RVV9iYqU7x7,35,596.01,17.03,40.0,22.0,158.0,158.0,30,4.8436,8.6317,393.5
R_wWRN3CSxwSpXoUp,27,614.29,22.75,29.0,5.0,175.0,12.5,18,3.8562,0.9029,494.17
R_wXaMChMYqHnMARb,23,197.46,8.59,23.0,43.0,137.0,17.12,20,4.2627,0.7816,318.36
R_wYw9zsyeoxMgxrj,1,5.95,5.95,1.0,180.0,0.0,180.0,1,-0.0,0.0,0.0
R_x0hVvTTXGQY9FRf,70,2532.73,36.18,71.0,1.0,179.0,6.17,46,5.2098,0.2755,3244.18
R_x30q8fyx3yFF50B,5,91.18,18.24,5.0,175.0,5.0,2.5,4,1.9219,0.0,19.96
R_x3LIMwKc6zHpAc1,34,705.67,20.75,39.0,16.0,164.0,9.65,19,3.7353,0.6963,600.12
R_x3pr7vCXkREOePv,7,345.52,49.36,7.0,56.0,124.0,41.33,6,2.5216,1.6568,458.3
R_x5GoMYckvtlyfg5,41,642.95,15.68,52.0,9.0,171.0,6.58,30,4.5975,0.3131,289.31
R_x62lMGkpgmmlnrz,1,19.99,19.99,1.0,180.0,0.0,180.0,1,-0.0,0.0,69.98
R_x969WzGgXuE1CuJ,70,1836.5,26.24,72.0,15.0,165.0,5.16,35,4.6439,0.5055,1624.96
R_x9kZz5e1Sxu3s9X,11,56.94,5.18,11.0,45.0,135.0,19.29,9,3.0958,0.9101,118.21
R_xAvtsENz2Shcg1j,2,54.69,27.34,2.0,122.0,58.0,58.0,2,1.0,0.0,0.0
R_xDvEzzSGeDDkvU5,22,424.34,19.29,22.0,27.0,153.0,7.65,17,3.9706,0.4617,468.21
R_xDwVhTX9GkgmQIV,4,82.98,20.75,4.0,45.0,135.0,45.0,4,2.0,0.3386,780.44
R_xEZosfdULpyqlGh,24,354.34,14.76,25.0,25.0,155.0,25.83,18,4.0221,0.176,144.27
R_xFpPWhOPnXmXPlT,12,155.5,12.96,12.0,22.0,158.0,19.75,8,2.9183,0.0888,77.91999999999999
R_xG9dnTy0x7pDLNL,4,75.96,18.99,4.0,180.0,0.0,180.0,4,2.0,0.0,0.0
R_xGgwn21LozcqzN7,99,2053.64,20.74,99.0,2.0,178.0,2.09,45,4.6855,0.8872,2930.13
R_xGwDp6qu8JCFdIJ,33,1244.19,37.7,33.0,12.0,168.0,9.33,20,3.8997,3.2977,1811.67
R_xaWl9KgwRSiVn9v,15,416.54,27.77,16.0,23.0,157.0,22.43,13,3.6402,0.7364,286.08
R_xayV525B1zHdFG9,17,329.52,19.38,21.0,14.0,166.0,27.67,11,3.1692,0.3813,367.85
R_xc0AiqTlV5cTvZn,41,777.88,18.97,42.0,3.0,177.0,10.41,20,3.6732,0.8012,1537.42
R_xc3pVSyq4it2sr7,36,746.67,20.74,37.0,45.0,135.0,33.75,29,4.7601,1.2849,0.0
R_xco4xOVS00vBy0N,1,7.99,7.99,1.0,180.0,0.0,180.0,1,-0.0,0.0,730.25
R_xcs1aVCVrBlXkgV,27,548.06,20.3,30.0,2.0,178.0,8.9,14,3.2003,0.6377,592.41
R_xf3ov6V1rPcu4Ip,4,212.18,53.05,4.0,14.0,166.0,55.33,4,2.0,11.1315,162.25
R_xlWfGIx58Ye7BhD,23,883.57,38.42,26.0,14.0,166.0,9.22,16,3.6425,0.5169,648.26
R_xlnFJMDz934Qtt7,3,35.44,11.81,3.0,180.0,0.0,180.0,3,1.585,0.0,0.0
R_xluK0w2HLZhsiid,5,73.15,14.63,5.0,4.0,176.0,88.0,5,2.3219,1.4391,138.41
R_xmHIbhfLIuHBtAd,1,39.14,39.14,1.0,180.0,0.0,180.0,1,-0.0,0.0,54.7
R_xmW6sCBJmFDlI8V,14,542.25,38.73,14.0,2.0,178.0,16.18,7,2.3599,4.2933,843.1899999999999
R_xmbgfR9SCI8bTmF,44,864.71,19.65,46.0,12.0,168.0,5.79,20,3.8974,0.2519,813.03
R_xoq84dhiJNk1W9j,11,136.82,12.44,11.0,43.0,137.0,15.22,10,3.2776,0.7595,219.77
R_xr5emnVfUGhwjkd,1,59.99,59.99,1.0,180.0,0.0,180.0,1,-0.0,0.0,0.0
R_xrT6mb0siRaur29,3,209.92,69.97,3.0,99.0,81.0,81.0,3,1.585,0.0,0.0
R_xrrF4kkA2JEG6OZ,38,780.43,20.54,44.0,9.0,171.0,11.4,26,4.4618,0.3519,521.01
R_xsyCKTazvY4vHbz,108,1748.35,16.19,110.0,3.0,177.0,4.32,58,4.9982,7.3247,1130.85
R_xt1sEBScdPLKPhT,56,1353.56,24.17,62.0,5.0,175.0,4.86,41,5.108,2.2885,1374.77
R_xtRawoesxIdBPX3,9,152.79,16.98,9.0,7.0,173.0,57.67,2,0.5033,0.4613,8.69
R_xx5M0tAgJVFpvl7,60,1293.24,21.55,60.0,5.0,175.0,4.49,38,4.8016,1.5269,2799.91
R_xz4CILOTENgOtKp,63,1430.17,22.7,72.0,2.0,178.0,4.94,47,5.2986,1.2983,1062.66
R_xzt7BAlQUA8iNyh,40,805.27,20.13,40.0,11.0,169.0,14.08,33,4.9219,1.2242,943.44
R_yBLjvwb8CyAH65b,4,109.43,27.36,4.0,126.0,54.0,18.0,3,1.5,0.0,213.07
R_yC0CxAJvbL7kN2h,7,185.19,26.46,7.0,28.0,152.0,50.67,5,2.1281,0.275,76.36
R_yC5ffbdBLVi93Pz,95,1945.11,20.47,97.0,14.0,166.0,3.19,53,5.3401,0.674,1411.33
R_yDsJLBJ60v26htD,291,6421.53,22.07,296.0,1.0,179.0,1.38,117,5.8297,1.0389,7691.24
R_yHZisWoMcq0JGiB,1,3.93,3.93,1.0,180.0,0.0,180.0,1,-0.0,0.0,0.0
R_yILeYEcIeCBmy2t,37,581.78,15.72,47.0,6.0,174.0,14.5,14,3.0442,1.2142,707.93
R_yJz6aXbKddNbgZz,35,386.09,11.03,42.0,1.0,179.0,5.77,17,3.4602,0.9051,800.69
R_yK4rOrk16ZOoWwp,57,1062.86,18.65,57.0,2.0,178.0,5.93,34,4.3661,0.6994,1243.65
R_yKOY0x0QaRJTpK1,14,111.91,7.99,14.0,88.0,92.0,11.5,5,2.0742,0.0809,65.2
R_yNLUkkUgWEJjEtz,5,71.39,14.28,5.0,41.0,139.0,34.75,4,1.9219,1.7479,428.34000000000003
R_yPgyGUixTuXuX5v,10,301.24,30.12,12.0,10.0,170.0,28.33,9,3.1219,2.405,818.64
R_yPwEQaDkRlus1AB,1,14.99,14.99,1.0,180.0,0.0,180.0,1,-0.0,0.0,18.68
R_yRaAO89bhwJb9xD,31,509.89,16.45,31.0,1.0,179.0,7.78,24,4.3861,0.485,695.1
R_yU4HVbxXArTzTSp,36,893.61,24.82,36.0,2.0,178.0,8.09,28,4.5724,1.7524,2435.72
R_yU610Y4deDO9Q77,98,1960.21,20.0,102.0,2.0,178.0,3.87,58,5.6287,2.536,1691.35
R_yVz17RJ0Nv0ZRG9,7,344.7,49.24,7.0,88.0,92.0,23.0,5,2.1281,0.0424,418.01
R_yWpxeDOvI9ExQ7D,63,1492.42,23.69,70.0,3.0,177.0,6.56,44,5.1419,2.6588,2517.96
R_yjtE8lkYYwStlE5,6,97.98,16.33,6.0,169.0,11.0,11.0,6,2.585,0.0,27.36
R_ykhIAh7b2YyplhT,204,4822.36,23.64,206.0,4.0,176.0,5.03,73,5.247,3.1091,3161.07
R_ylMjEdPIFi2GGt3,9,262.52,29.17,9.0,18.0,162.0,32.4,5,2.1133,0.057,48.72
R_ylOBrVB1Y3oS7yV,9,202.23,22.47,9.0,124.0,56.0,14.0,7,2.6416,0.0,109.94
R_ymy2UD2TCJlOQHD,56,1421.8,25.39,57.0,2.0,178.0,6.14,35,4.7105,0.7379,1406.62
R_yqdmzbLOlRTEoOR,8,145.19,18.15,9.0,78.0,102.0,34.0,5,2.1556,1.2886,82.97999999999999
R_yrLYz6vyq4yOHpT,8,236.79,29.6,8.0,41.0,139.0,34.75,8,3.0,0.0256,249.85000000000002
R_yrLrYUf4oFzOnjb,26,484.77,18.65,26.0,1.0,179.0,13.77,21,4.2578,0.9269,286.61
R_ywI0zPj4zd5e4qB,3,40.97,13.66,3.0,4.0,176.0,88.0,3,1.585,1.4128,592.24
R_ywlBdvbWuxsW0lr,21,341.12,16.24,23.0,29.0,151.0,30.2,18,4.1066,0.3763,356.79
R_yxxiDkqLBNLD3S9,5,54.5,10.9,5.0,68.0,112.0,56.0,3,1.5219,1.5965,11.39
R_yyDppdQl8WvJZbr,49,782.39,15.97,50.0,5.0,175.0,5.83,30,4.5019,0.5253,624.87
R_yyavbTyJu1quZB7,1,19.99,19.99,1.0,180.0,0.0,180.0,1,-0.0,0.0,72.71000000000001
R_yywxMId2S5hFY3L,12,248.8,20.73,13.0,14.0,166.0,23.71,9,3.0221,0.8546,24.99
R_yz2aRsh8GutbOiB,16,232.43,14.53,16.0,129.0,51.0,4.64,10,3.0244,0.0,311.44
R_z0tGxPIeWROKpax,29,334.97,11.55,32.0,7.0,173.0,15.73,17,3.837,0.8102,704.0600000000001
R_z1fvSibqdewGSD7,72,1189.83,16.53,72.0,1.0,179.0,17.9,38,4.7599,0.5546,61.82
R_z1j5sY871TVYomZ,14,145.05,10.36,15.0,47.0,133.0,19.0,12,3.4677,1.2108,727.28
R_z1mFB9Qp9HSTCIV,34,1347.7,39.64,35.0,4.0,176.0,8.0,22,4.1385,0.6107,1131.39
R_z2mENVkdoq6siD7,6,226.21,37.7,6.0,32.0,148.0,37.0,6,2.585,0.0969,121.67
R_z3emF7IfAc3UqYx,33,551.49,16.71,34.0,5.0,175.0,10.29,25,4.5138,2.399,230.41
R_z6D1T2MULlDlLAB,16,370.46,23.15,17.0,73.0,107.0,10.7,13,3.5,0.6675,154.74
R_z6D8F2sy3juEscF,32,487.54,15.24,34.0,27.0,153.0,7.65,16,3.6053,0.8364,537.6800000000001
R_z6exGW0uhSCNHDb,12,172.16,14.35,12.0,25.0,155.0,77.5,7,2.6258,0.7787,85.5
R_z6wrYNsvTbmmmQ1,81,1327.5,16.39,81.0,4.0,176.0,3.26,41,4.674,1.9808,1920.64
R_z6wx9DHgkVEMygV,1,27.95,27.95,1.0,180.0,0.0,180.0,1,-0.0,0.0,0.0
R_z7IAIZ66lqLei2Z,6,97.85,16.31,6.0,128.0,52.0,17.33,5,2.2516,0.0,471.15
R_z89cVoCKmGUboYN,5,72.97,14.59,5.0,6.0,174.0,43.5,3,1.371,3.2673,275.87
R_z8R7uxzHXINE8o1,25,680.11,27.2,27.0,58.0,122.0,9.38,18,3.9395,0.9057,23.07
R_z8tr6xlcFxy5mcF,3,87.66,29.22,3.0,11.0,169.0,169.0,2,0.9183,3.394,550.51
R_z8w9TsEywvOcfCN,9,222.86,24.76,10.0,25.0,155.0,51.67,7,2.6416,0.0771,25.0
R_zSFZSDB0S1rtmcp,3,28.66,9.55,3.0,100.0,80.0,40.0,3,1.585,0.0,227.94
R_zTf2i6s3E2OQZQR,58,2063.98,35.59,64.0,2.0,178.0,5.74,34,4.7239,1.2449,989.55
R_zTi3j2QuqAzr7NL,18,369.18,20.51,19.0,10.0,170.0,21.25,8,2.5226,0.7901,327.55
R_zYlhkltqLl0WShX,9,385.69,42.85,9.0,48.0,132.0,44.0,9,3.1699,0.7139,295.58
R_zZSx9DRg5AejOrD,4,98.32,24.58,4.0,85.0,95.0,47.5,4,2.0,6.4485,607.58
R_zZsd6BQmBdvVG0h,3,249.44,83.15,3.0,20.0,160.0,80.0,2,0.9183,4.2725,77.18
R_zbZLoKX4IzA4oql,19,438.1,23.06,20.0,13.0,167.0,27.83,14,3.5316,4.4086,514.6899999999999
R_zczhhGpVCmLwad3,1,8.96,8.96,1.0,180.0,0.0,180.0,1,-0.0,0.0,48.0
R_zd4E1BgAdaM2761,30,434.71,14.49,34.0,31.0,149.0,37.25,18,3.7396,0.0817,654.77
R_zdLOP8JD2pe1brj,17,457.29,26.9,18.0,21.0,159.0,15.9,13,3.5725,0.0992,245.09
R_zdQYFhfeqyBd2dH,26,575.37,22.13,26.0,5.0,175.0,25.0,18,3.998,0.4154,576.34
R_zfnsck2ZatnGtY5,25,432.64,17.31,25.0,13.0,167.0,15.18,18,3.8333,0.6913,1024.36
R_zfqnsBzlOAKibzb,19,279.86,14.73,20.0,37.0,143.0,17.88,15,3.8269,0.2431,1017.13
